<?xml version="1.0" encoding="UTF-8"?>
<kml xmlns="http://www.opengis.net/kml/2.2" xmlns:gx="http://www.google.com/kml/ext/2.2">
    <Document id="28">
        <Style id="31">
            <LineStyle id="32">
                <color>ffffff00</color>
                <colorMode>normal</colorMode>
                <width>4</width>
            </LineStyle>
            <PolyStyle id="33">
                <color>50ffff00</color>
                <colorMode>normal</colorMode>
                <fill>1</fill>
                <outline>1</outline>
            </PolyStyle>
        </Style>
        <Style id="36">
            <IconStyle id="37">
                <color>ff008000</color>
                <colorMode>normal</colorMode>
                <scale>1.2</scale>
                <heading>0</heading>
                <Icon id="38">
                    <href>http://maps.google.com/mapfiles/kml/pushpin/ylw-pushpin.png</href>
                </Icon>
            </IconStyle>
        </Style>
        <Style id="41">
            <IconStyle id="42">
                <color>ff0000ff</color>
                <colorMode>normal</colorMode>
                <scale>1.2</scale>
                <heading>0</heading>
                <Icon id="43">
                    <href>http://maps.google.com/mapfiles/kml/pushpin/ylw-pushpin.png</href>
                </Icon>
            </IconStyle>
        </Style>
        <Style id="46">
            <IconStyle id="47">
                <color>ff00ffff</color>
                <colorMode>normal</colorMode>
                <scale>1.4</scale>
                <heading>0</heading>
                <Icon id="48">
                    <href>http://maps.google.com/mapfiles/kml/pushpin/ylw-pushpin.png</href>
                </Icon>
            </IconStyle>
        </Style>
        <Style id="51">
            <IconStyle id="52">
                <color>ff00ffff</color>
                <colorMode>normal</colorMode>
                <scale>1.4</scale>
                <heading>0</heading>
                <Icon id="53">
                    <href>http://maps.google.com/mapfiles/kml/pushpin/ylw-pushpin.png</href>
                </Icon>
            </IconStyle>
        </Style>
        <Style id="56">
            <IconStyle id="57">
                <color>ff0000ff</color>
                <colorMode>normal</colorMode>
                <scale>1.4</scale>
                <heading>0</heading>
                <Icon id="58">
                    <href>http://maps.google.com/mapfiles/kml/pushpin/ylw-pushpin.png</href>
                </Icon>
            </IconStyle>
        </Style>
        <Style id="61">
            <IconStyle id="62">
                <color>ff0000ff</color>
                <colorMode>normal</colorMode>
                <scale>1.4</scale>
                <heading>0</heading>
                <Icon id="63">
                    <href>http://maps.google.com/mapfiles/kml/pushpin/ylw-pushpin.png</href>
                </Icon>
            </IconStyle>
        </Style>
        <Style id="66">
            <IconStyle id="67">
                <color>ff00ffff</color>
                <colorMode>normal</colorMode>
                <scale>1.4</scale>
                <heading>0</heading>
                <Icon id="68">
                    <href>http://maps.google.com/mapfiles/kml/pushpin/ylw-pushpin.png</href>
                </Icon>
            </IconStyle>
        </Style>
        <Style id="71">
            <IconStyle id="72">
                <color>ff0000ff</color>
                <colorMode>normal</colorMode>
                <scale>1.4</scale>
                <heading>0</heading>
                <Icon id="73">
                    <href>http://maps.google.com/mapfiles/kml/pushpin/ylw-pushpin.png</href>
                </Icon>
            </IconStyle>
        </Style>
        <Style id="76">
            <IconStyle id="77">
                <color>ff00ffff</color>
                <colorMode>normal</colorMode>
                <scale>1.4</scale>
                <heading>0</heading>
                <Icon id="78">
                    <href>http://maps.google.com/mapfiles/kml/pushpin/ylw-pushpin.png</href>
                </Icon>
            </IconStyle>
        </Style>
        <Style id="81">
            <IconStyle id="82">
                <color>ff0000ff</color>
                <colorMode>normal</colorMode>
                <scale>1.4</scale>
                <heading>0</heading>
                <Icon id="83">
                    <href>http://maps.google.com/mapfiles/kml/pushpin/ylw-pushpin.png</href>
                </Icon>
            </IconStyle>
        </Style>
        <Style id="86">
            <IconStyle id="87">
                <color>ff00ffff</color>
                <colorMode>normal</colorMode>
                <scale>1.4</scale>
                <heading>0</heading>
                <Icon id="88">
                    <href>http://maps.google.com/mapfiles/kml/pushpin/ylw-pushpin.png</href>
                </Icon>
            </IconStyle>
        </Style>
        <Style id="91">
            <IconStyle id="92">
                <color>ff0000ff</color>
                <colorMode>normal</colorMode>
                <scale>1.4</scale>
                <heading>0</heading>
                <Icon id="93">
                    <href>http://maps.google.com/mapfiles/kml/pushpin/ylw-pushpin.png</href>
                </Icon>
            </IconStyle>
        </Style>
        <Style id="96">
            <IconStyle id="97">
                <color>ff0000ff</color>
                <colorMode>normal</colorMode>
                <scale>1.4</scale>
                <heading>0</heading>
                <Icon id="98">
                    <href>http://maps.google.com/mapfiles/kml/pushpin/ylw-pushpin.png</href>
                </Icon>
            </IconStyle>
        </Style>
        <Style id="101">
            <IconStyle id="102">
                <color>ff00ffff</color>
                <colorMode>normal</colorMode>
                <scale>1.4</scale>
                <heading>0</heading>
                <Icon id="103">
                    <href>http://maps.google.com/mapfiles/kml/pushpin/ylw-pushpin.png</href>
                </Icon>
            </IconStyle>
        </Style>
        <Style id="106">
            <IconStyle id="107">
                <color>ff0000ff</color>
                <colorMode>normal</colorMode>
                <scale>1.4</scale>
                <heading>0</heading>
                <Icon id="108">
                    <href>http://maps.google.com/mapfiles/kml/pushpin/ylw-pushpin.png</href>
                </Icon>
            </IconStyle>
        </Style>
        <Style id="111">
            <IconStyle id="112">
                <color>ff0000ff</color>
                <colorMode>normal</colorMode>
                <scale>1.4</scale>
                <heading>0</heading>
                <Icon id="113">
                    <href>http://maps.google.com/mapfiles/kml/pushpin/ylw-pushpin.png</href>
                </Icon>
            </IconStyle>
        </Style>
        <Style id="116">
            <IconStyle id="117">
                <color>ff00ffff</color>
                <colorMode>normal</colorMode>
                <scale>1.4</scale>
                <heading>0</heading>
                <Icon id="118">
                    <href>http://maps.google.com/mapfiles/kml/pushpin/ylw-pushpin.png</href>
                </Icon>
            </IconStyle>
        </Style>
        <Style id="121">
            <IconStyle id="122">
                <color>ff0000ff</color>
                <colorMode>normal</colorMode>
                <scale>1.4</scale>
                <heading>0</heading>
                <Icon id="123">
                    <href>http://maps.google.com/mapfiles/kml/pushpin/ylw-pushpin.png</href>
                </Icon>
            </IconStyle>
        </Style>
        <Style id="126">
            <IconStyle id="127">
                <color>ff0000ff</color>
                <colorMode>normal</colorMode>
                <scale>1.4</scale>
                <heading>0</heading>
                <Icon id="128">
                    <href>http://maps.google.com/mapfiles/kml/pushpin/ylw-pushpin.png</href>
                </Icon>
            </IconStyle>
        </Style>
        <Style id="131">
            <IconStyle id="132">
                <color>ff00ffff</color>
                <colorMode>normal</colorMode>
                <scale>1.4</scale>
                <heading>0</heading>
                <Icon id="133">
                    <href>http://maps.google.com/mapfiles/kml/pushpin/ylw-pushpin.png</href>
                </Icon>
            </IconStyle>
        </Style>
        <Style id="136">
            <IconStyle id="137">
                <color>ff0000ff</color>
                <colorMode>normal</colorMode>
                <scale>1.4</scale>
                <heading>0</heading>
                <Icon id="138">
                    <href>http://maps.google.com/mapfiles/kml/pushpin/ylw-pushpin.png</href>
                </Icon>
            </IconStyle>
        </Style>
        <Style id="141">
            <IconStyle id="142">
                <color>ff0000ff</color>
                <colorMode>normal</colorMode>
                <scale>1.4</scale>
                <heading>0</heading>
                <Icon id="143">
                    <href>http://maps.google.com/mapfiles/kml/pushpin/ylw-pushpin.png</href>
                </Icon>
            </IconStyle>
        </Style>
        <Style id="146">
            <IconStyle id="147">
                <color>ff00ffff</color>
                <colorMode>normal</colorMode>
                <scale>1.4</scale>
                <heading>0</heading>
                <Icon id="148">
                    <href>http://maps.google.com/mapfiles/kml/pushpin/ylw-pushpin.png</href>
                </Icon>
            </IconStyle>
        </Style>
        <Style id="151">
            <IconStyle id="152">
                <color>ff0000ff</color>
                <colorMode>normal</colorMode>
                <scale>1.4</scale>
                <heading>0</heading>
                <Icon id="153">
                    <href>http://maps.google.com/mapfiles/kml/pushpin/ylw-pushpin.png</href>
                </Icon>
            </IconStyle>
        </Style>
        <Style id="156">
            <IconStyle id="157">
                <color>ff0000ff</color>
                <colorMode>normal</colorMode>
                <scale>1.4</scale>
                <heading>0</heading>
                <Icon id="158">
                    <href>http://maps.google.com/mapfiles/kml/pushpin/ylw-pushpin.png</href>
                </Icon>
            </IconStyle>
        </Style>
        <Style id="161">
            <IconStyle id="162">
                <color>ff00ffff</color>
                <colorMode>normal</colorMode>
                <scale>1.4</scale>
                <heading>0</heading>
                <Icon id="163">
                    <href>http://maps.google.com/mapfiles/kml/pushpin/ylw-pushpin.png</href>
                </Icon>
            </IconStyle>
        </Style>
        <Style id="166">
            <IconStyle id="167">
                <color>ff0000ff</color>
                <colorMode>normal</colorMode>
                <scale>1.4</scale>
                <heading>0</heading>
                <Icon id="168">
                    <href>http://maps.google.com/mapfiles/kml/pushpin/ylw-pushpin.png</href>
                </Icon>
            </IconStyle>
        </Style>
        <Style id="171">
            <IconStyle id="172">
                <color>ff0000ff</color>
                <colorMode>normal</colorMode>
                <scale>1.4</scale>
                <heading>0</heading>
                <Icon id="173">
                    <href>http://maps.google.com/mapfiles/kml/pushpin/ylw-pushpin.png</href>
                </Icon>
            </IconStyle>
        </Style>
        <Style id="176">
            <IconStyle id="177">
                <color>ff00ffff</color>
                <colorMode>normal</colorMode>
                <scale>1.4</scale>
                <heading>0</heading>
                <Icon id="178">
                    <href>http://maps.google.com/mapfiles/kml/pushpin/ylw-pushpin.png</href>
                </Icon>
            </IconStyle>
        </Style>
        <Style id="181">
            <IconStyle id="182">
                <color>ff0000ff</color>
                <colorMode>normal</colorMode>
                <scale>1.4</scale>
                <heading>0</heading>
                <Icon id="183">
                    <href>http://maps.google.com/mapfiles/kml/pushpin/ylw-pushpin.png</href>
                </Icon>
            </IconStyle>
        </Style>
        <Style id="186">
            <IconStyle id="187">
                <color>ff0000ff</color>
                <colorMode>normal</colorMode>
                <scale>1.4</scale>
                <heading>0</heading>
                <Icon id="188">
                    <href>http://maps.google.com/mapfiles/kml/pushpin/ylw-pushpin.png</href>
                </Icon>
            </IconStyle>
        </Style>
        <Style id="191">
            <IconStyle id="192">
                <color>ff00ffff</color>
                <colorMode>normal</colorMode>
                <scale>1.4</scale>
                <heading>0</heading>
                <Icon id="193">
                    <href>http://maps.google.com/mapfiles/kml/pushpin/ylw-pushpin.png</href>
                </Icon>
            </IconStyle>
        </Style>
        <Style id="196">
            <IconStyle id="197">
                <color>ff0000ff</color>
                <colorMode>normal</colorMode>
                <scale>1.4</scale>
                <heading>0</heading>
                <Icon id="198">
                    <href>http://maps.google.com/mapfiles/kml/pushpin/ylw-pushpin.png</href>
                </Icon>
            </IconStyle>
        </Style>
        <Style id="201">
            <IconStyle id="202">
                <color>ff00ffff</color>
                <colorMode>normal</colorMode>
                <scale>1.4</scale>
                <heading>0</heading>
                <Icon id="203">
                    <href>http://maps.google.com/mapfiles/kml/pushpin/ylw-pushpin.png</href>
                </Icon>
            </IconStyle>
        </Style>
        <Style id="206">
            <IconStyle id="207">
                <color>ff0000ff</color>
                <colorMode>normal</colorMode>
                <scale>1.4</scale>
                <heading>0</heading>
                <Icon id="208">
                    <href>http://maps.google.com/mapfiles/kml/pushpin/ylw-pushpin.png</href>
                </Icon>
            </IconStyle>
        </Style>
        <name>UAV Forensic Trajectory</name>
        <Placemark id="30">
            <name>Flight Trajectory</name>
            <styleUrl>#31</styleUrl>
            <LineString id="29">
                <extrude>1</extrude>
                <altitudeMode>relativeToGround</altitudeMode>
                <coordinates>0.0,0.0,0.0 0.0,0.0,0.0 0.0,0.0,0.0 0.0,0.0,0.0 0.0,0.0,0.0 0.0,0.0,0.0 0.0,0.0,0.0 0.0,0.0,0.0 0.0,0.0,0.0 0.0,0.0,0.0 0.0,0.0,0.0 0.0,0.0,0.0 104.11338144566669,30.404713367166664,481.34698486328125 104.11338457250001,30.40471614733334,474.8783874511719 104.11338411633332,30.40471730366667,475.11358642578125 104.11338410366666,30.40471892166667,474.8127136230469 104.11338443216668,30.404719705000005,474.6377868652344 104.11338467899999,30.40472053766667,474.5262145996094 104.11338489516665,30.404720642,474.5021057128906 104.11338514733335,30.40472076333333,474.472412109375 104.11338524533333,30.40472078333333,474.4612121582031 104.11338545066668,30.404720916166667,474.4400939941406 104.11338619783335,30.404721816166667,474.3315124511719 104.11338685166666,30.404721338166674,474.40771484375 104.11338722433332,30.404720866499996,474.48370361328125 104.11338729633333,30.404720582,474.5325927734375 104.11338712716667,30.404720386833333,474.5716857910156 104.11338693549999,30.404720168666667,474.6051940917969 104.11338670600001,30.404720011333335,474.63330078125 104.11338645866665,30.40471988566667,474.65850830078125 104.113386222,30.404719762833327,474.6841125488281 104.1133860005,30.404719631166667,474.7065124511719 104.11338583233335,30.4047195275,474.72589111328125 104.11338570516668,30.404719427,474.7428894042969 104.113385598,30.404719331833334,474.7576904296875 104.11338550450002,30.40471923966666,474.77020263671875 104.11338539833332,30.40471920833334,474.77569580078125 104.11338528166668,30.404719243500004,474.77349853515625 104.11338519450003,30.40471925483334,474.76910400390625 104.11338513049999,30.40471925066667,474.7640075683594 104.11338508333336,30.4047192365,474.7582092285156 104.11338504033336,30.404719212833335,474.7510070800781 104.11338499683333,30.404719088833332,474.74481201171875 104.11338495233335,30.404718837000004,474.7408142089844 104.11338491900001,30.404718601833334,474.73541259765625 104.1133848935,30.4047183825,474.7290954589844 104.11338486816666,30.404718170000002,474.7235107421875 104.11338486133333,30.404717966333337,474.7174072265625 104.11338486499999,30.404717771500003,474.71099853515625 104.11338487233334,30.404717584666667,474.7044982910156 104.1133848825,30.404717399833334,474.6979064941406 104.11338490516667,30.404717212,474.6918029785156 104.11338493616667,30.404717030166665,474.6842041015625 104.11338493116668,30.404716883833334,474.6506042480469 104.1133849135,30.404716775833336,474.60809326171875 104.11338490833332,30.404716668999995,474.56658935546875 104.11338491716667,30.404716571499996,474.5255126953125 104.11338502916668,30.404716460000003,474.4826965332031 104.11338523949999,30.40471627033333,474.46209716796875 104.11338543250001,30.4047160925,474.4444885253906 104.1133856065,30.404715922166663,474.43011474609375 104.11338577433335,30.404715757833333,474.4183044433594 104.11338593133334,30.404715600999996,474.40789794921875 104.11338605533335,30.404715454333335,474.40130615234375 104.11338615933333,30.404715310333337,474.3973083496094 104.113386255,30.40471517266667,474.3945007324219 104.11338636383336,30.4047150475,474.3893127441406 104.11338646083335,30.4047149215,474.38519287109375 104.11338655683335,30.404714803166666,474.38128662109375 104.11338665116668,30.404714695666666,474.37750244140625 104.11338674716666,30.4047145895,474.3727111816406 104.113386849,30.404714486666666,474.3682861328125 104.11338694266666,30.404714390833334,474.3638916015625 104.11338702933332,30.404714297166667,474.3595886230469 104.11338710233335,30.404714203499996,474.3558044433594 104.11338716783332,30.40471410983334,474.35150146484375 104.11338722849999,30.404714016499998,474.34698486328125 104.11338728549998,30.404713929166665,474.34228515625 104.1133873405,30.404713844833335,474.3382873535156 104.11338739950001,30.404713765500002,474.3341064453125 104.11338745133334,30.40471369816667,474.3305969238281 104.11338749149999,30.404713635166665,474.3265075683594 104.11338752816667,30.404713577333336,474.3222961425781 104.11338756516668,30.404713521666668,474.319091796875 104.11338760483336,30.40471347316667,474.3174133300781 104.11338764533332,30.404713431833336,474.3157958984375 104.113387671,30.40471339166667,474.3146057128906 104.11338769233336,30.404713346333335,474.3140869140625 104.11338770883334,30.404713301999998,474.3143005371094 104.11338772833334,30.404713252999997,474.3149108886719 104.1133877495,30.4047131985,474.3161926269531 104.113387772,30.40471314283333,474.31829833984375 104.11338779216668,30.404713089,474.3212890625 104.11338781433334,30.40471303566667,474.32550048828125 104.11338783900001,30.40471298083333,474.3313903808594 104.11338786616666,30.404712925333335,474.3371887207031 104.11338789583334,30.404712867333334,474.3428955078125 104.113387922,30.404712810500005,474.3486022949219 104.11338794433335,30.40471275883333,474.3533020019531 104.11338797183335,30.404712707166663,474.35650634765625 104.11338799700002,30.404712653,474.35931396484375 104.11338802983335,30.404712597000003,474.36151123046875 104.11338806433332,30.404712542833334,474.36260986328125 104.11338809566666,30.40471249,474.3634033203125 104.11338812783333,30.404712436999997,474.364013671875 104.11338815766668,30.40471238483334,474.36370849609375 104.11338818150001,30.404712333,474.36248779296875 104.11338820083336,30.40471228483333,474.3629150390625 104.11338821083332,30.404712245166667,474.3634033203125 104.11338822266669,30.404712207833338,474.36248779296875 104.1133882366667,30.40471217366667,474.3597106933594 104.11338824783334,30.404712139833336,474.3564147949219 104.11338827266667,30.404712102166666,474.3523864746094 104.11338829716667,30.40471205983333,474.34710693359375 104.11338831616666,30.404712020166667,474.3418884277344 104.11338831900001,30.40471198033333,474.34100341796875 104.11338832133333,30.40471195233333,474.3398132324219 104.11338833066667,30.404711930166666,474.3367004394531 104.11338834366668,30.404711906666666,474.3330078125 104.11338835549999,30.4047118815,474.3294982910156 104.11338837866667,30.40471185433333,474.3254089355469 104.11338840383334,30.404711823499994,474.3222961425781 104.11338841683333,30.404711797166673,474.3205871582031 104.11338842850002,30.404711773,474.319091796875 104.11338844250001,30.40471174916667,474.3179931640625 104.11338845683333,30.404711728166667,474.3158874511719 104.11338847316668,30.404711704666674,474.31390380859375 104.113388486,30.404711682,474.3124084472656 104.11338849133334,30.404711663166673,474.3110046386719 104.1133884925,30.404711648666662,474.30999755859375 104.11338849883333,30.40471163666667,474.30950927734375 104.11338849016664,30.404711630666668,474.309814453125 104.11338842066668,30.404711638833337,474.31439208984375 104.11338835383334,30.404711655499998,474.3186950683594 104.11338829483333,30.4047116775,474.3216857910156 104.11338824016666,30.404711702333334,474.32269287109375 104.11338818233337,30.404711729833338,474.3230895996094 104.11338812583332,30.404711761166663,474.3229064941406 104.11338807216667,30.4047117895,474.3232116699219 104.11338802883334,30.404711815666666,474.3232116699219 104.1133879935,30.40471184016667,474.322509765625 104.11338796050002,30.404711864000003,474.3214111328125 104.11338792500001,30.4047118905,474.3211975097656 104.11338790549999,30.404711926833336,474.3197021484375 104.11338788500001,30.404711953166668,474.31671142578125 104.11338786150002,30.40471197916667,474.3146057128906 104.1133878385,30.4047120135,474.3125915527344 104.11338782400003,30.40471205283333,474.310791015625 104.11338781983336,30.404712092166665,474.3096923828125 104.11338781349998,30.4047121295,474.3086853027344 104.113387805,30.404712165166668,474.30810546875 104.11338779283332,30.404712195666672,474.3074035644531 104.11338778150001,30.40471222,474.3066101074219 104.11338776550001,30.404712236500007,474.30718994140625 104.11338775066666,30.404712252666666,474.3092041015625 104.11338773216667,30.40471226783333,474.3113098144531 104.113387711,30.404712285499997,474.3138122558594 104.11338768816668,30.404712302333337,474.3161926269531 104.11338767050002,30.404712317999998,474.31878662109375 104.11338765800001,30.404712332333332,474.3216857910156 104.1133876445,30.40471234583333,474.3243103027344 104.113387634,30.404712361666668,474.3268127441406 104.11338761216666,30.4047123845,474.3301086425781 104.11338758266665,30.404712415499997,474.3335876464844 104.11338756183335,30.404712442166673,474.3352966308594 104.11338754750003,30.4047124715,474.33551025390625 104.11338754783334,30.40471249816667,474.3345947265625 104.11338754750003,30.40471251766667,474.33331298828125 104.11338754733333,30.404712534999998,474.331787109375 104.11338754833332,30.404712556666667,474.32940673828125 104.11338754900002,30.404712578833333,474.3273010253906 104.11338754733333,30.40471260233333,474.3251953125 104.11338754133334,30.404712628166664,474.3236083984375 104.1133875345,30.404712654833332,474.32281494140625 104.11338753266668,30.404712679333336,474.3221130371094 104.11338753500002,30.404712698333334,474.3210144042969 104.113387536,30.404712720499997,474.3192138671875 104.11338754033335,30.404712736166665,474.318115234375 104.11338758400001,30.404712745333338,474.3140869140625 104.11338761566667,30.404712756333332,474.3125 104.11338764266665,30.404712764333333,474.3125915527344 104.11338767166666,30.404712765,474.3139953613281 104.11338770383333,30.40471276033334,474.3157958984375 104.11338772983333,30.404712753166667,474.3186950683594 104.113387752,30.40471275033334,474.3221130371094 104.1133877665,30.404712748166673,474.3258056640625 104.11338777750001,30.404712744499996,474.3294982910156 104.11338778449999,30.404712740166666,474.3349914550781 104.11338779166667,30.404712736000004,474.3403015136719 104.11338780283334,30.40471272566667,474.34521484375 104.11338780583334,30.404712718333336,474.34991455078125 104.11338780433334,30.404712709166663,474.3540954589844 104.11338779950002,30.404712704500003,474.36029052734375 104.11338778366667,30.404712700666668,474.3656921386719 104.11338777116667,30.404712695500002,474.3710021972656 104.11338776533333,30.404712689,474.37640380859375 104.11338776833334,30.404712676500008,474.38140869140625 104.1133877865,30.404712664166667,474.3855895996094 104.11338779549999,30.404712656999997,474.38641357421875 104.11338780749999,30.40471265583334,474.3865966796875 104.11338781216668,30.4047126575,474.3870849609375 104.11338782100002,30.404712665166667,474.38751220703125 104.11338781816666,30.404712671833334,474.3876037597656 104.11338781133333,30.404712680666666,474.3883972167969 104.11338777916666,30.404712687833328,474.3905029296875 104.1133877465,30.404712697,474.3930969238281 104.11338771483334,30.404712708333335,474.3955993652344 104.11338768033333,30.404712718833338,474.3995056152344 104.11338763833334,30.404712726000003,474.4042053222656 104.11338759833333,30.40471273183333,474.4088134765625 104.11338755849998,30.404712737833332,474.41339111328125 104.11338751500001,30.404712732999997,474.41900634765625 104.11338748266667,30.404712737999997,474.4263916015625 104.11338743633334,30.404712785833333,474.4388122558594 104.11338739200002,30.40471283016667,474.4507141113281 104.11338735100001,30.404712879333335,474.46258544921875 104.11338730599999,30.404712927500004,474.47540283203125 104.11338722650002,30.404712979833334,474.48541259765625 104.11338714249999,30.404713028333337,474.49530029296875 104.11338705283333,30.404713084166666,474.5060119628906 104.11338696216666,30.404713131833336,474.51611328125 104.11338687116667,30.404713170666664,474.52569580078125 104.11338677883333,30.40471321616667,474.5343017578125 104.11338668866668,30.404713268666665,474.54168701171875 104.11338660583334,30.4047133185,474.54730224609375 104.11338652233331,30.404713369166664,474.55218505859375 104.1133864465,30.404713415166665,474.5563049316406 104.11338637666668,30.4047134565,474.5599060058594 104.11338630833333,30.404713497666666,474.5614013671875 104.1133862285,30.404713543000003,474.564208984375 104.11338616283335,30.404713584500005,474.56658935546875 104.11338611100001,30.404713621666666,474.5669860839844 104.11338605950002,30.404713655333328,474.56658935546875 104.11338600483332,30.40471368533333,474.56549072265625 104.11338593699999,30.404713736166666,474.564697265625 104.11338588616667,30.404713776,474.56280517578125 104.11338583266668,30.404713816333338,474.5614929199219 104.11338578283333,30.40471384583333,474.5603942871094 104.11338573099998,30.404713877833334,474.5596008300781 104.11338566833335,30.404713922666666,474.5588073730469 104.11338560483334,30.404713969166668,474.55828857421875 104.11338554716669,30.40471400783333,474.55859375 104.11338550800001,30.40471404383333,474.5592041015625 104.1133854815,30.404714074666675,474.5589904785156 104.11338546116669,30.404714097833335,474.55828857421875 104.11338544600001,30.404714112000004,474.55859375 104.11338543583332,30.404714118666664,474.55938720703125 104.11338541766666,30.404714132833337,474.56060791015625 104.113385394,30.40471414883333,474.5611877441406 104.1133853555,30.404714166166666,474.5622863769531 104.1133853065,30.404714187833328,474.5633850097656 104.113385256,30.404714210500003,474.5640869140625 104.11338521966667,30.404714228666663,474.56439208984375 104.11338519233334,30.404714237833332,474.564208984375 104.11338515516667,30.404714244499996,474.5639953613281 104.11338511633333,30.404714254000005,474.5635070800781 104.11338508599998,30.404714261166667,474.5625915527344 104.11338505999998,30.404714271166668,474.5616149902344 104.11338503699999,30.4047142815,474.55950927734375 104.11338501216666,30.40471429566667,474.55718994140625 104.11338498366666,30.404714311333336,474.5549011230469 104.11338496066668,30.404714328833336,474.5526123046875 104.11338493883333,30.40471435216667,474.5498046875 104.11338491616667,30.404714376166666,474.54638671875 104.1133849065,30.4047144005,474.5425109863281 104.11338490266667,30.404714421499996,474.5390930175781 104.11338489916668,30.40471444066667,474.5361022949219 104.11338489233334,30.404714459499996,474.5340881347656 104.11338488450001,30.404714477666673,474.5342102050781 104.1133848805,30.404714497833336,474.5350036621094 104.1133848825,30.404714519333336,474.53509521484375 104.11338488366668,30.40471453916667,474.5343933105469 104.11338488433334,30.404714560333332,474.53338623046875 104.11338488383333,30.404714575499998,474.53369140625 104.11338489816666,30.404714583166665,474.53460693359375 104.11338491333333,30.40471459333333,474.5357971191406 104.113384922,30.404714601500007,474.53759765625 104.11338490116667,30.40471462283333,474.53741455078125 104.11338485166668,30.40471467166667,474.53460693359375 104.1133848005,30.404714720833333,474.53350830078125 104.11338473966667,30.40471477183333,474.5320129394531 104.11338469033333,30.404714824333336,474.5303039550781 104.11338464766669,30.404714873499998,474.5293884277344 104.11338459816668,30.404714914833335,474.5285949707031 104.11338455266664,30.404714949666662,474.5277099609375 104.11338450783332,30.404714983666665,474.5268859863281 104.11338446016669,30.404715012666664,474.5268859863281 104.11338441499998,30.404715039333336,474.5263977050781 104.11338437866667,30.404715063000005,474.5238037109375 104.11338434316667,30.40471508583333,474.52081298828125 104.11338431566668,30.404715105833333,474.5173034667969 104.11338429133332,30.40471512383333,474.5132141113281 104.1133842645,30.404715141,474.5083923339844 104.1133842355,30.404715158000002,474.50390625 104.11338420533332,30.40471517266667,474.4997863769531 104.113384183,30.404715188833336,474.49578857421875 104.11338415916669,30.404715202000006,474.4916076660156 104.1133841355,30.404715212333333,474.4879150390625 104.11338410816667,30.404715218333333,474.4862060546875 104.11338408266664,30.404715223500006,474.485107421875 104.11338406349999,30.40471523133333,474.4827880859375 104.1133840426667,30.404715232333334,474.4818115234375 104.11338402150002,30.404715231666668,474.48028564453125 104.11338400633335,30.4047152285,474.4790954589844 104.11338399700001,30.40471521983333,474.4779052734375 104.113383987,30.404715205666673,474.477294921875 104.11338403950002,30.404715189500003,474.47100830078125 104.11338410283334,30.404715169333336,474.4635009765625 104.11338417283334,30.404715147833336,474.456298828125 104.11338424566667,30.404715127166668,474.4490051269531 104.11338431300001,30.404715106666664,474.4425964355469 104.11338437516667,30.40471508666667,474.4366149902344 104.1133844345,30.404715060500003,474.4317932128906 104.11338446650001,30.40471504366667,474.43218994140625 104.11338448500001,30.404715030666665,474.43341064453125 104.11338449283333,30.40471499716667,474.43280029296875 104.11338450066667,30.404714963999997,474.43170166015625 104.11338446266667,30.404714907666673,474.4278869628906 104.11338442383334,30.404714844500003,474.4247131347656 104.11338439000002,30.404714786500005,474.4205017089844 104.11338435916666,30.404714736833334,474.4165954589844 104.11338432133336,30.404714689333332,474.41229248046875 104.11338428166667,30.40471464566667,474.40771484375 104.11338425200002,30.4047146145,474.4017028808594 104.11338421650002,30.404714584833332,474.39788818359375 104.11338418066669,30.404714552833337,474.3941955566406 104.113384134,30.404714522333336,474.3915100097656 104.11338408133334,30.404714486333333,474.3877868652344 104.11338404116667,30.4047144665,474.3855895996094 104.11338400100001,30.404714447333337,474.3822937011719 104.11338396066667,30.40471443083333,474.3793029785156 104.11338391950001,30.404714407500002,474.3764953613281 104.11338388616667,30.404714385666665,474.3716125488281 104.11338385716667,30.404714369166665,474.36639404296875 104.11338383233333,30.404714355,474.3623962402344 104.11338380633333,30.404714340666672,474.3587951660156 104.11338378233336,30.404714323833335,474.3558044433594 104.11338375866667,30.404714303500004,474.3533935546875 104.11338373049999,30.404714285833332,474.351806640625 104.11338370316669,30.4047142685,474.35089111328125 104.11338367750002,30.404714252166666,474.35040283203125 104.11338365616666,30.40471423733333,474.3500061035156 104.1133836365,30.404714222166664,474.3494873046875 104.11338361683332,30.404714208499996,474.34991455078125 104.11338359933333,30.404714194666667,474.3511962890625 104.11338357983334,30.404714193000004,474.35321044921875 104.11338355616665,30.404714185,474.35369873046875 104.11338352883335,30.404714177833327,474.3533020019531 104.11338354433335,30.404714126,474.66778564453125 104.11338437566668,30.404713940166673,475.78228759765625 104.11338464216666,30.404714172833327,476.8955078125 104.1133839645,30.40471443566667,478.139404296875 104.11338353233332,30.40471483416667,479.8450927734375 104.11338379666668,30.404714624833336,481.3711853027344 104.1133840865,30.40471402766667,482.8572998046875 104.11338432833334,30.404713932333333,484.3168029785156 104.11338435916666,30.404713851333334,485.7814025878906 104.11338424833333,30.404713660999995,487.2196960449219 104.11338414066668,30.404713683500002,488.6286926269531 104.11338399550002,30.404713965666666,490.02520751953125 104.11338392633334,30.404714308333336,491.4200134277344 104.11338390416668,30.404714602,492.7897033691406 104.113383801,30.404714794666667,493.61138916015625 104.113383646,30.404714768999998,493.94720458984375 104.11338334333335,30.404714573666666,494.0801086425781 104.11338353283332,30.404714364666667,494.05340576171875 104.11338408283333,30.404713988833336,494.03570556640625 104.11338409533334,30.404714039499996,494.035400390625 104.11337442733333,30.404723511,494.1018981933594 104.11335021750003,30.404749081000002,494.0716857910156 104.11331839566668,30.404780096666666,493.9634094238281 104.11328658866667,30.40481062433333,493.80609130859375 104.11325370866668,30.404842811000005,493.6188049316406 104.11322033233334,30.40487630833334,493.4173889160156 104.11318641949998,30.404910490166667,493.2486877441406 104.11315247666668,30.404945259833333,493.0364074707031 104.11311874416667,30.404980234333337,492.72021484375 104.11308720266666,30.405013476,492.2943115234375 104.11306458066667,30.40503734666667,491.83050537109375 104.11304908066667,30.405051061499996,491.6510925292969 104.11303952016665,30.40505707866667,491.6654968261719 104.11303434083334,30.405058661166667,491.80499267578125 104.113032452,30.405058751333332,491.96649169921875 104.113033579,30.405057959833332,492.0797119140625 104.1130351175,30.405058714,492.18890380859375 104.11303577666669,30.405059929333333,492.3894958496094 104.11303533916667,30.405060440499998,492.4685974121094 104.11302913916668,30.405056699166668,492.5238952636719 104.113005818,30.405044276333335,492.5528869628906 104.11296802166669,30.405023562500002,492.548095703125 104.112928816,30.40500170333333,492.5517883300781 104.11288864649998,30.404979341333334,492.4773864746094 104.11284678833331,30.4049569805,492.4049987792969 104.11280421733335,30.404934667,492.28399658203125 104.11276090550001,30.40491163016667,492.1466979980469 104.11271693716665,30.40488835333333,492.00860595703125 104.11267345916667,30.404865233833334,491.8616027832031 104.11263831266668,30.40484602166667,491.79681396484375 104.11261338433333,30.4048330165,491.7947998046875 104.11259818483335,30.404824908666665,491.8203125 104.11259012000001,30.404820221999998,491.8941955566406 104.112586107,30.404818037666672,492.0452880859375 104.11258537500001,30.4048178575,492.1824951171875 104.11258595016668,30.404818691500004,492.3009033203125 104.1125862545,30.404819720166667,492.4106140136719 104.11258592866668,30.40482067716667,492.53009033203125 104.1125860305,30.404820524000005,492.6408996582031 104.11258869066666,30.404818754,492.7456970214844 104.11260372,30.404803815,492.8346862792969 104.11263177650001,30.404775187666672,492.90289306640625 104.11266246966667,30.404744486833337,492.97369384765625 104.112694167,30.404712777666667,493.023193359375 104.11272588583334,30.404679880166672,493.1152038574219 104.11275729050001,30.40464634766667,493.14569091796875 104.11278952633333,30.404612222500003,493.1299133300781 104.11282225316667,30.404578207000004,493.17559814453125 104.11285525183332,30.404544230333332,493.2611083984375 104.11288366816667,30.404514621166665,493.32470703125 104.11290259399999,30.404493782833335,493.3861083984375 104.11291447733332,30.404480754666665,493.4125061035156 104.11292114499999,30.404473441333337,493.3752136230469 104.11292442633334,30.404470089,493.3232116699219 104.11292554583332,30.404469195166666,493.3323974609375 104.112925175,30.404469396666666,493.40509033203125 104.11292462066667,30.40446925716667,493.456787109375 104.112923879,30.404469616166665,493.5303955078125 104.11292304016668,30.404470588833334,493.60260009765625 104.11292720383334,30.40447443266667,493.68548583984375 104.112949381,30.404486718166666,493.6784973144531 104.11298734700001,30.404506555166673,493.6661071777344 104.11302797350001,30.40452745733333,493.5517883300781 104.11307004516667,30.404549414166667,493.4671936035156 104.11311328533334,30.404572028333334,493.3951110839844 104.113156541,30.404595463333333,493.352294921875 104.11320096850002,30.40461884633333,493.3371887207031 104.11324536166666,30.404642581333327,493.35931396484375 104.11329018366666,30.40466686266667,493.4169921875 104.11333068716667,30.404688362666672,493.4632873535156 104.11335931766669,30.404702328166664,493.470703125 104.11337611166667,30.404710257499996,493.4977111816406 104.11337807916668,30.404711235666664,493.5690002441406 104.11338062866668,30.40471186516667,493.6202087402344 104.11338243466668,30.404712231999998,493.62030029296875 104.11338141,30.404712567500003,493.6189880371094 104.11337756500001,30.404715076499997,493.6138916015625 104.11336204,30.404731338666668,493.552490234375 104.11333440383332,30.404761119999996,493.4068908691406 104.11330388366666,30.4047922285,493.27569580078125 104.113272137,30.40482368,493.1366882324219 104.11323965083332,30.404855702000003,493.00299072265625 104.11320643250002,30.404888288833334,492.9755859375 104.113172419,30.404922030833337,492.9596862792969 104.11313799316667,30.404955904,492.89129638671875 104.11310399133333,30.404989395333335,492.88958740234375 104.11307609383333,30.405017315499993,492.9236145019531 104.11305663916669,30.405037373666666,492.8854064941406 104.11304420733335,30.405050209500004,492.7997131347656 104.11303734650002,30.40505691883333,492.7500915527344 104.11303446666669,30.405060142000007,492.69610595703125 104.11303383966667,30.405061058000005,492.66070556640625 104.11303509916668,30.405060007833338,492.6698913574219 104.11303662633334,30.405059183833334,492.6723937988281 104.11303763433335,30.405058770500002,492.6593017578125 104.11303724866667,30.40505873133333,492.6358947753906 104.11302921866668,30.405053586999998,492.6189880371094 104.1130036425,30.40504006,492.62640380859375 104.11296458683336,30.405018471499996,492.4989013671875 104.1129240015,30.40499666533334,492.3938903808594 104.112881736,30.40497506116667,492.35260009765625 104.11283857583334,30.404953852666672,492.2892150878906 104.11279548883334,30.40493169766667,492.205810546875 104.11275271966667,30.404908640166664,492.0863952636719 104.11270956216667,30.404886205166665,491.9336853027344 104.11266704783334,30.404863605666666,491.8721008300781 104.1126343675,30.404845650666672,491.80950927734375 104.11261156950002,30.40483394583334,491.7049865722656 104.11259718016667,30.404826106166666,491.625 104.11258963916667,30.404821121833336,491.6252136230469 104.112586274,30.404818256666665,491.656005859375 104.11258577183337,30.404817642166673,491.7002868652344 104.11258600116669,30.4048180925,491.7829895019531 104.11258633083334,30.404818979,491.9619140625 104.11258638416666,30.404819735500006,492.1283874511719 104.11258694283335,30.404819774166672,492.35479736328125 104.11259080766668,30.404816968,492.5559997558594 104.11260872700002,30.404799110333336,492.72589111328125 104.11263835866667,30.40476883516667,492.85418701171875 104.11266933433333,30.4047371575,493.0154113769531 104.11270081383334,30.40470441,493.1769104003906 104.11273315433333,30.40467094933333,493.3194885253906 104.11276604366667,30.404637166833332,493.4612121582031 104.112799496,30.404602526500007,493.4778137207031 104.11283305500001,30.404567466833335,493.572509765625 104.11286559633334,30.404532924500003,493.7251892089844 104.11289094333333,30.404506791166668,493.84698486328125 104.11290822433334,30.404488793666662,493.9009094238281 104.11291784533331,30.404478004166673,493.9006042480469 104.11292288000003,30.404472720166673,493.8522033691406 104.11292494783333,30.404470303000004,493.68060302734375 104.11292509366666,30.404470190333335,493.4794006347656 104.1129246795,30.404470169166668,493.20941162109375 104.11292396116666,30.404470125333336,493.02178955078125 104.11292284833335,30.404470984000003,492.9789123535156 104.11292167666667,30.404472515666665,493.0274963378906 104.11293264016668,30.404480045166665,493.1578063964844 104.11296242566665,30.404495194,493.1247863769531 104.11300289416667,30.404516284166665,493.05938720703125 104.11304408466667,30.404538067500003,493.0559997558594 104.11308700883336,30.404560264,493.08660888671875 104.11313117066666,30.40458278166667,493.1925048828125 104.11317575466667,30.404605997333338,493.32769775390625 104.11322084616668,30.404629257499998,493.4547119140625 104.113266011,30.40465289666667,493.581787109375 104.11331034683333,30.404676512500004,493.7174987792969 104.11334482383333,30.404695410833334,493.8182067871094 104.11336754033334,30.404707415666667,493.9424133300781 104.11337704583333,30.40471157633334,494.0548095703125 104.11337951866665,30.404711657000004,494.1117858886719 104.11338102266667,30.404712579833337,494.0237121582031 104.11338172883335,30.40471151116667,493.8583068847656 104.11338116416667,30.40471151366667,493.7392883300781 104.11337355133335,30.4047176025,493.587890625 104.1133544141667,30.404738166500003,493.3739013671875 104.11332462333333,30.404770168333332,493.14739990234375 104.11329319549998,30.40480252616667,492.97088623046875 104.11326088033333,30.404835268333333,492.7669982910156 104.11322804033334,30.40486891133333,492.6268005371094 104.11319441366669,30.404902762,492.43701171875 104.11315714533335,30.40493743,491.5675048828125 104.1131204081667,30.404977018999997,486.7417907714844 104.11337133333332,30.40471266666667,474.5 104.11337700000001,30.404713,473.79998779296875 104.11339250000002,30.404719,468.20001220703125 104.11339700000003,30.4047215,464.3999938964844 104.11339716666666,30.404723666666662,463.3999938964844 104.1133975,30.404724166666668,463.1000061035156 104.1133975,30.404725166666672,462.8999938964844 104.11339783333334,30.404725500000005,462.79998779296875 104.1133975,30.404726000000004,462.8999938964844 104.11339716666666,30.404726333333336,463.1000061035156 104.11339683333333,30.404726333333336,463.20001220703125 104.11339616666667,30.404726333333336,463.29998779296875 104.11339533333334,30.404726166666666,463.5 104.11339466666665,30.404726000000004,463.6000061035156 104.113394,30.404726166666666,463.8999938964844 104.11339333333332,30.404726000000004,464.20001220703125 104.11339250000002,30.404725833333337,464.5 104.11339199999999,30.404725833333337,464.70001220703125 104.11339133333334,30.404725666666668,464.8999938964844 104.11339066666669,30.404725500000005,465.1000061035156 104.11338966666666,30.404725500000005,465.3999938964844 104.11338883333333,30.404725333333335,465.6000061035156 104.113388,30.404725333333335,465.8999938964844 104.11338750000003,30.404725333333335,466.1000061035156 104.113387,30.404725333333335,466.20001220703125 104.11338633333331,30.404725500000005,466.3999938964844 104.11338616666667,30.404725500000005,466.3999938964844 104.11338599999999,30.404725500000005,466.5 104.11338566666666,30.404725500000005,466.6000061035156 104.11338499999998,30.404725500000005,466.70001220703125 104.11338450000001,30.404725333333335,466.8999938964844 104.11338416666668,30.404725166666672,467.0 104.11338366666668,30.404725,467.1000061035156 104.11338333333335,30.40472483333333,467.1000061035156 104.11338300000001,30.40472483333333,467.20001220703125 104.11338300000001,30.40472483333333,467.20001220703125 104.11338283333335,30.40472483333333,467.20001220703125 104.11338266666665,30.40472483333333,467.20001220703125 104.11338283333335,30.40472483333333,467.20001220703125 104.11338283333335,30.40472483333333,467.1000061035156 104.11338283333335,30.40472483333333,467.20001220703125 104.11338300000001,30.4047245,467.1000061035156 104.11338283333335,30.4047245,467.1000061035156 104.11338283333335,30.404724333333338,467.0 104.11338283333335,30.404724333333338,467.0 104.11338266666665,30.404724166666668,466.8999938964844 104.11338283333335,30.404724166666668,466.8999938964844 104.11338283333335,30.404723999999995,466.8999938964844 104.11338283333335,30.404723999999995,466.8999938964844 104.11338266666665,30.404723999999995,466.79998779296875 104.11338266666665,30.404723999999995,466.79998779296875 104.11338233333336,30.404723833333332,466.79998779296875 104.11338216666668,30.404723666666662,466.79998779296875 104.113382,30.404723666666662,466.70001220703125 104.11338183333332,30.404723666666662,466.70001220703125 104.11338150000003,30.4047235,466.70001220703125 104.11338166666668,30.4047235,466.70001220703125 104.11338150000003,30.40472333333333,466.6000061035156 104.11338150000003,30.40472333333333,466.6000061035156 104.11338133333332,30.404723166666667,466.6000061035156 104.11338133333332,30.404723166666667,466.6000061035156 104.11338133333332,30.404723,466.5 104.11338133333332,30.404723,466.6000061035156 104.11338116666667,30.404723,466.6000061035156 104.113381,30.404722833333338,466.6000061035156 104.113381,30.404722833333338,466.6000061035156 104.113381,30.404722666666675,466.6000061035156 104.11338083333332,30.404722666666675,466.5 104.11338083333332,30.404722500000005,466.5 104.113381,30.404722333333332,466.5 104.113381,30.404722333333332,466.5 104.113381,30.40472216666667,466.5 104.113381,30.404722333333332,466.5 104.113381,30.404722500000005,466.5 104.113381,30.404722500000005,466.5 104.113381,30.404722333333332,466.3999938964844 104.11338116666667,30.404722500000005,466.3999938964844 104.11338116666667,30.404722500000005,466.3999938964844 104.11338133333332,30.404722333333332,466.29998779296875 104.11338116666667,30.404722500000005,466.29998779296875 104.11338116666667,30.404722500000005,466.29998779296875 104.11338133333332,30.404722500000005,466.20001220703125 104.113381,30.404722666666675,466.20001220703125 104.113381,30.404722666666675,466.20001220703125 104.113381,30.404722666666675,466.20001220703125 104.11338083333332,30.404722666666675,466.20001220703125 104.11338050000002,30.404722500000005,466.20001220703125 104.11338033333335,30.404722666666675,466.29998779296875 104.11338050000002,30.404722666666675,466.29998779296875 104.11338033333335,30.404722666666675,466.29998779296875 104.11338050000002,30.404722666666675,466.29998779296875 104.11338066666667,30.404722666666675,466.29998779296875 104.11338066666667,30.404722666666675,466.3999938964844 104.11338050000002,30.404722666666675,466.3999938964844 104.11338050000002,30.404722666666675,466.3999938964844 104.11338050000002,30.404722666666675,466.3999938964844 104.11338050000002,30.404722666666675,466.3999938964844 104.11338050000002,30.404722666666675,466.3999938964844 104.11338050000002,30.404722666666675,466.3999938964844 104.11338066666667,30.404722666666675,466.3999938964844 104.11338050000002,30.404722833333338,466.3999938964844 104.11338066666667,30.404722833333338,466.3999938964844 104.11338066666667,30.404723,466.3999938964844 104.11338066666667,30.404723166666667,466.5 104.11338066666667,30.404723166666667,466.5 104.11338066666667,30.40472333333333,466.5 104.11338050000002,30.4047235,466.5 104.11338050000002,30.4047235,466.5 104.11338050000002,30.4047235,466.5 104.11338050000002,30.404723666666662,466.5 104.11338050000002,30.404723666666662,466.5 104.11338016666666,30.404723833333332,466.70001220703125 104.11337999999999,30.404723999999995,466.70001220703125 104.11337999999999,30.404724166666668,466.79998779296875 104.11338016666666,30.404724333333338,466.79998779296875 104.11338016666666,30.4047245,466.79998779296875 104.11337999999999,30.40472483333333,466.79998779296875 104.11338016666666,30.404725166666672,466.79998779296875 104.11338016666666,30.404725333333335,466.79998779296875 104.11338016666666,30.404725666666668,466.70001220703125 104.11338050000002,30.404725833333337,466.70001220703125 104.11338050000002,30.404726000000004,466.70001220703125 104.11338066666667,30.404726166666666,466.6000061035156 104.113381,30.4047265,466.5 104.11338116666667,30.404726666666672,466.5 104.11338116666667,30.404726833333335,466.3999938964844 104.11338133333332,30.404726999999998,466.29998779296875 104.11338166666668,30.40472733333333,466.20001220703125 104.11338183333332,30.4047275,466.20001220703125 104.113382,30.404727666666666,466.1000061035156 104.11338216666668,30.40472783333333,466.0 104.11338249999999,30.404728,465.8999938964844 104.11338249999999,30.40472816666666,465.8999938964844 104.11338316666667,30.404728,465.79998779296875 104.11338450000001,30.40472733333333,465.5 104.11338633333331,30.404726666666672,465.29998779296875 104.11338783333333,30.404726166666666,465.0 104.1133886666667,30.404725500000005,464.70001220703125 104.11338983333336,30.404725166666672,464.5 104.11339066666669,30.40472483333333,464.20001220703125 104.11339133333334,30.404724666666667,464.1000061035156 104.11339199999999,30.4047245,463.8999938964844 104.11339283333332,30.404724333333338,463.70001220703125 104.11339333333332,30.404724166666668,463.6000061035156 104.11339383333333,30.404723999999995,463.5 104.11339433333333,30.404723999999995,463.3999938964844 104.11339500000001,30.404723666666662,463.20001220703125 104.1133955,30.404723666666662,463.1000061035156 104.11339583333331,30.40472333333333,463.0 104.11339616666667,30.4047235,462.8999938964844 104.11339650000001,30.40472333333333,462.79998779296875 104.11339666666667,30.404723166666667,462.79998779296875 104.11339683333333,30.404723166666667,462.70001220703125 104.11339716666666,30.404723166666667,462.6000061035156 104.11339766666669,30.404723,462.5 104.11339799999999,30.404723166666667,462.3999938964844 104.11339849999999,30.40472333333333,462.29998779296875 104.11339883333335,30.404723166666667,462.20001220703125 104.11339883333335,30.404723,462.20001220703125 104.113399,30.404722666666675,462.1000061035156 104.11339950000003,30.404722500000005,462.0 104.11340016666668,30.404722333333332,462.0 104.11340049999998,30.40472216666667,461.8999938964844 104.11340049999998,30.404721833333337,462.0 104.11340066666669,30.404721666666667,462.0 104.11340066666669,30.40472116666667,462.1000061035156 104.11340049999998,30.404720833333332,462.29998779296875 104.11340033333333,30.40472033333333,462.5 104.11340016666668,30.40472,462.6000061035156 104.11340033333333,30.40471966666667,462.70001220703125 104.11340066666669,30.404719333333333,462.70001220703125 104.11340083333334,30.40471916666667,462.79998779296875 104.11340116666666,30.40471916666667,462.70001220703125 104.11340183333331,30.40471916666667,462.70001220703125 104.1134025,30.40471916666667,462.5 104.11340316666669,30.40471916666667,462.3999938964844 104.11340416666665,30.404719333333333,462.20001220703125 104.11340483333335,30.404719333333333,462.0 104.11340566666668,30.404719499999995,461.79998779296875 104.11340650000004,30.404719499999995,461.6000061035156 104.11340683333333,30.404719499999995,461.5 104.11340716666666,30.404719499999995,461.3999938964844 104.11340716666666,30.404719499999995,461.3999938964844 104.11340666666669,30.404719333333333,461.5 104.11340583333333,30.40471916666667,461.70001220703125 104.113405,30.404718833333337,462.0 104.11340383333334,30.404718666666668,462.29998779296875 104.11340333333334,30.404718500000005,462.3999938964844 104.11340299999998,30.404718500000005,462.5 104.11340266666667,30.40471833333334,462.6000061035156 104.11340233333333,30.40471833333334,462.6000061035156 104.11340200000002,30.40471816666667,462.70001220703125 104.11340150000002,30.40471816666667,462.70001220703125 104.11340099999998,30.404718000000006,462.79998779296875 104.11340033333333,30.404718000000006,462.79998779296875 104.11339983333333,30.404717833333333,462.8999938964844 104.11339933333332,30.404718000000006,462.8999938964844 104.11339866666667,30.404717833333333,463.0 104.11339833333335,30.404717833333333,463.1000061035156 104.11339799999999,30.4047175,463.1000061035156 104.11339733333334,30.4047175,463.20001220703125 104.11339683333333,30.404717166666668,463.20001220703125 104.11339633333333,30.404717,463.20001220703125 104.113396,30.404717,463.20001220703125 104.11339533333334,30.40471683333334,463.29998779296875 104.11339516666666,30.404716666666662,463.3999938964844 104.11339500000001,30.404716666666662,463.3999938964844 104.11339466666665,30.404716499999996,463.3999938964844 104.11339433333333,30.404716166666663,463.3999938964844 104.11339416666668,30.404716,463.3999938964844 104.113394,30.40471583333333,463.3999938964844 104.11339366666668,30.40471583333333,463.5 104.11339366666668,30.40471583333333,463.3999938964844 104.11339366666668,30.404715666666668,463.3999938964844 104.11339366666668,30.404715666666668,463.3999938964844 104.11339366666668,30.404715666666668,463.5 104.11339366666668,30.404715500000002,463.5 104.11339366666668,30.40471533333334,463.3999938964844 104.11339333333332,30.404715166666676,463.5 104.11339333333332,30.404715166666676,463.5 104.11339333333332,30.404715,463.6000061035156 104.11339316666668,30.404714833333333,463.6000061035156 104.113393,30.404714833333333,463.6000061035156 104.113393,30.40471466666667,463.6000061035156 104.11339283333332,30.4047145,463.70001220703125 104.11339266666667,30.404714333333338,463.70001220703125 104.11339250000002,30.404714333333338,463.70001220703125 104.11339233333335,30.40471416666667,463.79998779296875 104.11339233333335,30.40471416666667,463.70001220703125 104.11339233333335,30.40471383333334,463.79998779296875 104.11339216666666,30.404713666666662,463.8999938964844 104.11339233333335,30.4047135,463.8999938964844 104.11339266666667,30.404713666666662,463.8999938964844 104.11339283333332,30.4047135,464.0 104.11339266666667,30.404713166666664,464.0 104.11339266666667,30.404713166666664,464.0 104.11339233333335,30.40471283333333,464.1000061035156 104.11339250000002,30.40471283333333,464.20001220703125 104.11339250000002,30.404712500000002,464.20001220703125 104.11339250000002,30.404712333333325,464.29998779296875 104.11339250000002,30.404712333333325,464.29998779296875 104.11339283333332,30.404712333333325,464.29998779296875 104.11339283333332,30.404712333333325,464.3999938964844 104.113393,30.404712333333325,464.3999938964844 104.11339316666668,30.404711999999996,464.3999938964844 104.11339316666668,30.404712166666663,464.3999938964844 104.11339349999997,30.404712166666663,464.3999938964844 104.11339349999997,30.404711999999996,464.3999938964844 104.11339383333333,30.404711999999996,464.3999938964844 104.11339383333333,30.404711999999996,464.3999938964844 104.11339383333333,30.404711999999996,464.3999938964844 104.11339383333333,30.404711999999996,464.3999938964844 104.113394,30.404711999999996,464.29998779296875 104.113394,30.404712166666663,464.29998779296875 104.113394,30.404712166666663,464.29998779296875 104.113394,30.404712166666663,464.29998779296875 104.11339383333333,30.404712333333325,464.29998779296875 104.11339383333333,30.40471266666667,464.20001220703125 104.11339349999997,30.40471283333333,464.1000061035156 104.11339316666668,30.40471283333333,464.1000061035156 104.11339266666667,30.404713,464.0 104.11339266666667,30.4047135,464.1000061035156 104.11339250000002,30.40471383333334,464.1000061035156 104.11339233333335,30.404714333333338,464.1000061035156 104.11339166666669,30.40471466666667,464.20001220703125 104.11339133333334,30.40471466666667,464.29998779296875 104.11339133333334,30.404715166666676,464.29998779296875 104.11339116666669,30.404715500000002,464.29998779296875 104.11339099999998,30.40471583333333,464.3999938964844 104.11339066666669,30.404716333333333,464.3999938964844 104.11339016666665,30.404716499999996,464.3999938964844 104.11339000000002,30.40471683333334,464.5 104.1133895,30.40471733333333,464.5 104.11338916666666,30.4047175,464.5 104.11338900000001,30.404717833333333,464.6000061035156 104.1133886666667,30.40471816666667,464.6000061035156 104.11338849999999,30.40471833333334,464.70001220703125 104.11338833333333,30.404718666666668,464.70001220703125 104.11338816666668,30.404718833333337,464.70001220703125 104.11338816666668,30.404719,464.6000061035156 104.113388,30.40471916666667,464.70001220703125 104.113388,30.40471916666667,464.6000061035156 104.113388,30.404719333333333,464.6000061035156 104.11338766666665,30.404719499999995,464.6000061035156 104.11338733333335,30.404719499999995,464.6000061035156 104.11338733333335,30.40471966666667,464.6000061035156 104.113387,30.40471983333333,464.70001220703125 104.11338666666667,30.40472,464.6000061035156 104.11338666666667,30.404720166666667,464.6000061035156 104.11338666666667,30.404720166666667,464.5 104.11338633333331,30.404720166666667,464.5 104.11338633333331,30.40472033333333,464.5 104.11338633333331,30.40472033333333,464.5 104.11338616666667,30.404720166666667,464.5 104.11338616666667,30.40472033333333,464.5 104.11338599999999,30.404720166666667,464.6000061035156 104.11338599999999,30.404720166666667,464.6000061035156 104.11338616666667,30.404720166666667,464.6000061035156 104.11338616666667,30.404720166666667,464.70001220703125 104.11338633333331,30.40472033333333,464.79998779296875 104.11338599999999,30.40472,464.8999938964844 104.11338583333334,30.40472,465.0 104.11338599999999,30.40471983333333,465.1000061035156 104.11338599999999,30.40471966666667,465.20001220703125 104.11338583333334,30.404719499999995,465.20001220703125 104.11338599999999,30.404719333333333,465.20001220703125 104.11338599999999,30.40471916666667,465.29998779296875 104.11338650000002,30.40471916666667,465.29998779296875 104.11338683333332,30.404719,465.29998779296875 104.11338683333332,30.404718833333337,465.20001220703125 104.11338716666667,30.404718833333337,465.20001220703125 104.11338733333335,30.404718833333337,465.1000061035156 104.11338750000003,30.404718666666668,465.1000061035156 104.11338750000003,30.404718500000005,465.0 104.11338750000003,30.40471833333334,465.0 104.11338750000003,30.40471816666667,464.8999938964844 104.11338733333335,30.40471816666667,464.8999938964844 104.11338733333335,30.40471816666667,464.8999938964844 104.11338733333335,30.404718000000006,464.8999938964844 104.11338733333335,30.404717833333333,464.79998779296875 104.11338766666665,30.40471766666667,464.70001220703125 104.11338816666668,30.40471766666667,464.5 104.1133886666667,30.40471766666667,464.29998779296875 104.11338883333333,30.4047175,464.20001220703125 104.1133895,30.40471733333333,464.0 104.11339066666669,30.4047175,463.70001220703125 104.11339183333334,30.4047175,463.29998779296875 104.11339316666668,30.404717833333333,463.0 104.113394,30.404718000000006,462.70001220703125 104.11339416666668,30.404717833333333,462.6000061035156 104.11339450000001,30.4047175,462.5 104.11339416666668,30.404717166666668,462.6000061035156 104.113394,30.404717,462.70001220703125 104.11339433333333,30.404717,462.6000061035156 104.11339466666665,30.404717166666668,462.5 104.11339466666665,30.404717166666668,462.3999938964844 104.11339366666668,30.40471683333334,462.79998779296875 104.11339283333332,30.404716666666662,462.8999938964844 104.11339216666666,30.404716499999996,463.1000061035156 104.11339133333334,30.404716499999996,463.29998779296875 104.11339050000001,30.404716333333333,463.6000061035156 104.11339000000002,30.404716333333333,463.70001220703125 104.1133895,30.404716333333333,463.8999938964844 104.11338883333333,30.404716499999996,464.1000061035156 104.11338833333333,30.404716333333333,464.20001220703125 104.11338783333333,30.404716333333333,464.29998779296875 104.11338766666665,30.404716499999996,464.3999938964844 104.11338766666665,30.404716499999996,464.29998779296875 104.11338766666665,30.404716666666662,464.8999938964844 104.11338816666668,30.404716333333333,465.8999938964844 104.11338816666668,30.40471683333334,467.0 104.11338750000003,30.40471683333334,468.29998779296875 104.11338716666667,30.40471733333333,469.8999938964844 104.11338750000003,30.40471683333334,471.3999938964844 104.11338833333333,30.404716,473.1000061035156 104.1133886666667,30.40471583333333,474.0 104.11338883333333,30.404715500000002,475.70001220703125 104.11338883333333,30.404715666666668,476.8999938964844 104.1133886666667,30.404715500000002,478.5 104.1133886666667,30.404716166666663,479.79998779296875 104.11338849999999,30.404716333333333,481.1000061035156 104.11338849999999,30.404716666666662,482.6000061035156 104.11338833333333,30.404716499999996,483.3999938964844 104.11338833333333,30.40471683333334,483.70001220703125 104.113388,30.404716499999996,483.79998779296875 104.113388,30.404716333333333,483.70001220703125 104.11338816666668,30.404716166666663,483.70001220703125 104.11338750000003,30.40471683333334,483.6000061035156 104.11337583333334,30.404728666666667,483.70001220703125 104.11334633333334,30.404759333333338,483.5 104.11331466666668,30.404791333333332,483.3999938964844 104.11328283333332,30.404823500000006,483.29998779296875 104.11325299999999,30.40485350000001,483.1000061035156 104.11322266666667,30.40488383333334,482.8999938964844 104.11319216666668,30.40491483333333,482.79998779296875 104.11315166666667,30.40495616666666,482.5 104.11311766666665,30.40498983333333,482.29998779296875 104.11308666666667,30.40502,482.20001220703125 104.113065,30.405040833333334,482.0 104.1130495,30.405053666666664,481.79998779296875 104.11304150000004,30.405058333333333,481.79998779296875 104.11303766666667,30.4050595,481.79998779296875 104.11303666666666,30.405059166666668,481.8999938964844 104.11303716666664,30.405058,481.8999938964844 104.11303849999997,30.40505783333333,481.8999938964844 104.11303883333333,30.405058333333333,482.0 104.11303883333333,30.405058500000006,482.0 104.11302900000001,30.405052333333334,482.0 104.11300116666668,30.405036666666668,482.0 104.11296116666666,30.40501383333334,482.1000061035156 104.11292116666667,30.404991000000006,482.0 104.11288033333334,30.40496766666667,481.8999938964844 104.11283783333336,30.404944333333333,481.70001220703125 104.11279466666664,30.404921166666668,481.5 104.11275083333334,30.404896999999995,481.3999938964844 104.11270716666665,30.404873,481.20001220703125 104.11266450000001,30.40484966666667,481.0 104.11263483333335,30.404833,480.8999938964844 104.11261166666667,30.404820166666678,480.79998779296875 104.11259799999998,30.404812166666673,480.8999938964844 104.11259100000001,30.404807666666674,480.8999938964844 104.112588,30.404805333333336,481.0 104.11258833333333,30.404804666666674,481.1000061035156 104.11258899999999,30.404804,481.20001220703125 104.1125905,30.404804,481.20001220703125 104.11259150000004,30.404804,481.29998779296875 104.11259200000002,30.404803500000003,481.29998779296875 104.11259700000001,30.404799333333337,481.29998779296875 104.11261333333333,30.404782999999995,481.20001220703125 104.11264283333333,30.40475233333333,481.20001220703125 104.11267400000001,30.4047205,481.1000061035156 104.11269933333334,30.404694166666665,481.0 104.11274033333333,30.404650500000006,481.1000061035156 104.11277216666667,30.404616666666666,481.1000061035156 104.11280466666666,30.404582166666668,481.1000061035156 104.11283733333333,30.404548166666665,481.20001220703125 104.11286683333331,30.404517499999997,481.3999938964844 104.11289366666666,30.404489166666668,481.5 104.11291116666669,30.40446983333333,481.6000061035156 104.1129225,30.4044575,481.6000061035156 104.1129275,30.4044525,481.6000061035156 104.11293016666666,30.40445016666667,481.5 104.11293116666667,30.40445,481.5 104.11293183333333,30.404450666666662,481.6000061035156 104.11293183333333,30.40445166666667,481.70001220703125 104.11293133333332,30.404452833333337,481.79998779296875 104.11293016666666,30.40445383333333,481.8999938964844 104.11293783333333,30.404459333333335,482.0 104.1129645,30.404473666666664,481.8999938964844 104.11300466666665,30.404495,481.8999938964844 104.11304666666668,30.40451666666667,481.79998779296875 104.11308916666667,30.404539,481.70001220703125 104.11312733333334,30.40455783333333,482.0 104.11317000000001,30.404580166666673,482.20001220703125 104.11321383333335,30.4046025,482.3999938964844 104.11325799999999,30.40462550000001,482.6000061035156 104.11330683333331,30.4046515,482.70001220703125 104.11334450000003,30.404671499999996,482.70001220703125 104.1133706666667,30.404684333333336,482.70001220703125 104.11338300000001,30.404691166666666,482.70001220703125 104.11338383333332,30.40469366666666,482.6000061035156 104.11338466666668,30.404695333333336,482.6000061035156 104.11338450000001,30.404696166666668,482.5 104.11338266666665,30.404695500000003,482.6000061035156 104.11337733333335,30.404698500000002,482.70001220703125 104.11335883333331,30.404715666666668,482.79998779296875 104.11332833333331,30.404745833333333,483.0 104.11329633333332,30.404777333333328,483.0 104.11326316666668,30.404809000000004,483.0 104.1132295,30.404841166666667,482.8999938964844 104.11319516666667,30.40487416666667,483.0 104.11316083333334,30.40490833333333,483.1000061035156 104.11312233333335,30.40494616666667,483.1000061035156 104.11308799999999,30.40497966666667,483.1000061035156 104.1130615,30.405005666666664,483.20001220703125 104.1130435,30.40502383333333,483.1000061035156 104.11303333333333,30.40503383333334,483.0 104.11302733333335,30.405039499999997,483.0 104.113025,30.405041833333335,483.0 104.11302400000001,30.405042499999997,483.0 104.11302400000001,30.40504116666667,483.0 104.1130245,30.405040000000003,482.8999938964844 104.1130255,30.405038833333336,482.70001220703125 104.1130255,30.405039166666665,482.6000061035156 104.11301316666668,30.405032,482.5 104.11298350000001,30.405016333333332,482.3999938964844 104.11294316666668,30.40499416666667,482.29998779296875 104.11290166666669,30.404972333333333,482.20001220703125 104.11286333333335,30.40495316666666,482.20001220703125 104.11282450000003,30.404934166666663,482.1000061035156 104.11278983333337,30.404916166666666,482.0 104.11275116666667,30.404895166666677,482.0 104.11270816666669,30.40487233333333,481.79998779296875 104.11266549999999,30.404850166666673,481.70001220703125 104.11262933333332,30.404830333333333,481.70001220703125 104.11260400000002,30.404816666666672,481.79998779296875 104.11258533333333,30.404805999999997,481.70001220703125 104.11257616666668,30.4047995,481.79998779296875 104.11257349999998,30.40479716666667,482.0 104.11257333333333,30.404796333333337,482.0 104.11257366666669,30.404796000000005,482.20001220703125 104.11257499999999,30.404796000000005,482.29998779296875 104.11257650000002,30.404796333333337,482.3999938964844 104.11257766666664,30.4047965,482.5 104.11258466666665,30.404790833333333,482.6000061035156 104.11260699999998,30.404769166666668,482.70001220703125 104.112639,30.404737500000003,482.79998779296875 104.11267133333334,30.404704999999996,482.8999938964844 104.11270383333336,30.404671666666665,483.0 104.11273733333336,30.404638000000002,483.1000061035156 104.11277083333336,30.404603999999996,483.1000061035156 104.11280183333331,30.404572500000004,483.1000061035156 104.11283933333331,30.404533833333335,483.1000061035156 104.1128685,30.404503833333337,483.1000061035156 104.11289150000003,30.404481333333333,483.0 104.11290616666668,30.404466999999997,483.0 104.11291599999997,30.40445666666667,482.8999938964844 104.11292200000003,30.404450666666662,482.70001220703125 104.11292516666667,30.404447833333332,482.5 104.11292616666668,30.404448000000002,482.20001220703125 104.1129275,30.40444866666667,481.8999938964844 104.11292783333336,30.404449833333338,481.6000061035156 104.1129275,30.40445166666667,481.5 104.1129275,30.40445383333333,481.5 104.11294349999997,30.404463500000006,481.6000061035156 104.11297366666668,30.40447883333334,481.5 104.11301916666667,30.404503333333334,481.3999938964844 104.11305716666666,30.40452366666667,481.29998779296875 104.11310483333335,30.404548666666667,481.29998779296875 104.11314933333334,30.40457166666667,481.3999938964844 104.11319400000002,30.404595500000006,481.3999938964844 104.11323450000002,30.404616833333336,481.29998779296875 104.11328383333333,30.40464316666667,481.3999938964844 104.11332283333334,30.404664666666672,481.3999938964844 104.11334983333332,30.40468016666667,481.29998779296875 104.11337099999999,30.404691833333334,481.29998779296875 104.11338216666668,30.404698000000003,481.29998779296875 104.11338366666668,30.404699166666667,481.29998779296875 104.11338450000001,30.404701000000003,481.20001220703125 104.1133835,30.40470083333333,480.8999938964844 104.113382,30.404701666666664,480.70001220703125 104.11337299999998,30.404709166666663,480.6000061035156 104.11335083333333,30.404730999999998,480.6000061035156 104.11331883333334,30.404763333333335,480.6000061035156 104.11328600000002,30.404795333333333,480.6000061035156 104.11325916666668,30.404821166666665,480.6000061035156 104.113229,30.404851166666667,480.70001220703125 104.11319816666668,30.404881333333336,480.6000061035156 104.1131625,30.404915499999998,480.6000061035156 104.11312466666666,30.404953666666668,478.0 0.0,0.0,0.0 104.11336599999997,30.4047145,476.0 104.11337133333332,30.40471266666667,474.5 104.11337700000001,30.404713,473.79998779296875 104.11338083333332,30.404714333333338,472.6000061035156 104.11338516666665,30.404715500000002,471.29998779296875 104.1133886666667,30.404716499999996,470.0 104.11339083333333,30.404717833333333,469.0 104.11339250000002,30.404719,468.20001220703125 104.11339483333334,30.40472,467.6000061035156 104.11339566666668,30.40472,466.6000061035156 104.113396,30.404720166666667,466.0 104.11339650000001,30.404720666666663,465.5 104.11339700000003,30.40472116666667,464.8999938964844 104.11339700000003,30.4047215,464.3999938964844 104.11339716666666,30.404721666666667,464.1000061035156 104.11339716666666,30.404722333333332,463.79998779296875 104.11339733333334,30.404722500000005,463.6000061035156 104.11339733333334,30.404723,463.6000061035156 104.11339733333334,30.40472333333333,463.5 104.11339716666666,30.404723666666662,463.3999938964844 104.11339716666666,30.404723666666662,463.3999938964844 104.11339716666666,30.404723833333332,463.29998779296875 104.11339733333334,30.404723833333332,463.29998779296875 104.11339733333334,30.404723999999995,463.20001220703125 104.11339733333334,30.404724166666668,463.1000061035156 104.1133975,30.404724166666668,463.1000061035156 104.11339733333334,30.4047245,463.0 104.11339733333334,30.404724666666667,463.0 104.11339733333334,30.404725,462.8999938964844 104.11339733333334,30.404725,462.8999938964844 104.1133975,30.404725166666672,462.8999938964844 104.1133975,30.404725166666672,462.79998779296875 104.11339766666669,30.404725166666672,462.79998779296875 104.11339766666669,30.404725166666672,462.70001220703125 104.11339783333334,30.404725333333335,462.79998779296875 104.11339783333334,30.404725500000005,462.79998779296875 104.11339783333334,30.404725666666668,462.79998779296875 104.11339783333334,30.404725833333337,462.79998779296875 104.11339766666669,30.404726000000004,462.79998779296875 104.1133975,30.404726000000004,462.8999938964844 104.1133975,30.404726000000004,462.8999938964844 104.11339733333334,30.404726000000004,463.0 104.11339733333334,30.404726166666666,463.0 104.11339733333334,30.404726166666666,463.0 104.11339716666666,30.404726166666666,463.0 104.11339716666666,30.404726333333336,463.1000061035156 104.11339716666666,30.404726333333336,463.1000061035156 104.11339700000003,30.404726333333336,463.1000061035156 104.11339700000003,30.4047265,463.1000061035156 104.11339683333333,30.4047265,463.20001220703125 104.11339683333333,30.404726333333336,463.20001220703125 104.11339666666667,30.4047265,463.20001220703125 104.11339650000001,30.4047265,463.29998779296875 104.11339633333333,30.4047265,463.29998779296875 104.11339616666667,30.404726333333336,463.29998779296875 104.113396,30.4047265,463.29998779296875 104.11335698483333,30.404722524166665,492.5685119628906 104.11335698483333,30.404722524166665,492.5685119628906 104.11337899500002,30.404719405999998,486.0274963378906 104.11338144566669,30.404713367166664,481.34698486328125 104.11338229016668,30.404715718833337,477.6083068847656 104.11338369933334,30.404715411666665,475.98809814453125 104.11338369933334,30.404715411666665,475.98809814453125 104.11338466350001,30.404714955000003,475.14898681640625 104.11338466350001,30.404714955000003,475.14898681640625 104.11338457250001,30.40471614733334,474.8783874511719 104.11338457250001,30.40471614733334,474.8783874511719 104.11338457250001,30.40471614733334,474.8783874511719 104.11338431383334,30.40471637933333,474.92529296875 104.11338431383334,30.40471637933333,474.92529296875 104.11338448033332,30.40471625833333,474.885986328125 104.11338448033332,30.40471625833333,474.885986328125 104.11338427966666,30.404715875666668,474.87200927734375 104.11338427966666,30.404715875666668,474.87200927734375 104.113384267,30.404716748166667,475.07989501953125 104.113384267,30.404716748166667,475.07989501953125 104.11338411633332,30.40471730366667,475.11358642578125 104.11338411633332,30.40471730366667,475.11358642578125 104.11338412316665,30.404717931,475.05389404296875 104.11338407650001,30.40471847466667,475.00299072265625 104.11338407816666,30.404718682666665,474.9433898925781 104.11338407816666,30.404718682666665,474.9433898925781 104.11338410366666,30.40471892166667,474.8127136230469 104.11338410366666,30.40471892166667,474.8127136230469 104.11338410366666,30.40471892166667,474.8127136230469 104.11338417266667,30.404719101500007,474.7685852050781 104.11338417266667,30.404719101500007,474.7685852050781 104.11338417333334,30.404719250000003,474.7412109375 104.11338417333334,30.404719250000003,474.7412109375 104.11338428683334,30.40471936,474.7013854980469 104.11338428683334,30.40471936,474.7013854980469 104.11338441833335,30.40471956216666,474.658203125 104.11338443216668,30.404719705000005,474.6377868652344 104.11338443216668,30.404719705000005,474.6377868652344 104.11338443216668,30.404719705000005,474.6377868652344 104.11338451450001,30.4047199625,474.605712890625 104.113384571,30.404720101333336,474.57940673828125 104.113384571,30.404720101333336,474.57940673828125 104.11338462699999,30.4047202725,474.5557861328125 104.11338467899999,30.40472053766667,474.5262145996094 104.11338467899999,30.40472053766667,474.5262145996094 104.11338467899999,30.40472053766667,474.5262145996094 104.11338473716667,30.404720547000004,474.5209045410156 104.11338473716667,30.404720547000004,474.5209045410156 104.11338477716666,30.404720564666665,474.5155944824219 104.11338477716666,30.404720564666665,474.5155944824219 104.11338482333333,30.40472058133333,474.510986328125 104.11338482333333,30.40472058133333,474.510986328125 104.11338486166667,30.40472062466667,474.5039978027344 104.11338493433335,30.40472069233333,474.4963073730469 104.11338493433335,30.40472069233333,474.4963073730469 104.11338493433335,30.40472069233333,474.4963073730469 104.11338498083333,30.404720750833334,474.4891052246094 104.11338498083333,30.404720750833334,474.4891052246094 104.113385049,30.40472076333333,474.4827880859375 104.113385049,30.40472076333333,474.4827880859375 104.11338512383332,30.404720806833332,474.4717102050781 104.11338516316667,30.4047207525,474.4718933105469 104.11338516316667,30.4047207525,474.4718933105469 104.11338516316667,30.4047207525,474.4718933105469 104.11338517450002,30.404720733833333,474.47210693359375 104.1133851925,30.404720750999996,474.4679870605469 104.1133851925,30.404720750999996,474.4679870605469 104.1133851925,30.404720750999996,474.4679870605469 104.11338522599999,30.404720761833335,474.4639892578125 104.11338524533333,30.40472078333333,474.4612121582031 104.11338524533333,30.40472078333333,474.4612121582031 104.11338524533333,30.40472078333333,474.4612121582031 104.11338527433334,30.404720806500006,474.4578857421875 104.11338531733334,30.4047208345,474.45361328125 104.11338531733334,30.4047208345,474.45361328125 104.11338531733334,30.4047208345,474.45361328125 104.11338535300001,30.404720859833336,474.44891357421875 104.11338535300001,30.404720859833336,474.44891357421875 104.11338539383334,30.404720892166665,474.4444885253906 104.11338539383334,30.404720892166665,474.4444885253906 104.11338545066668,30.404720916166667,474.4400939941406 104.11338550116666,30.4047209375,474.434814453125 104.11338554583332,30.404720968166668,474.43011474609375 104.11338580816667,30.40472147966667,474.37078857421875 104.11338599733332,30.40472172283333,474.343994140625 104.11338619783335,30.404721816166667,474.3315124511719 104.11338637516668,30.40472189666667,474.3218078613281 104.1133865166667,30.40472173316667,474.34539794921875 104.11338663800001,30.404721589833336,474.3677978515625 104.11338674383335,30.404721462666664,474.38861083984375 104.11338685166666,30.404721338166674,474.40771484375 104.11338695066667,30.404721225833338,474.42498779296875 104.11338703433334,30.404721124166667,474.4413146972656 104.11338710716667,30.404721031666668,474.456298828125 104.11338716999998,30.404720945500003,474.47039794921875 104.11338722433332,30.404720866499996,474.48370361328125 104.1133872675,30.40472079133334,474.4960021972656 104.11338730066666,30.404720722666667,474.5076904296875 104.11338730333333,30.40472067283333,474.5165100097656 104.11338730150001,30.404720626333333,474.5246887207031 104.11338729633333,30.404720582,474.5325927734375 104.11338728566668,30.40472053866667,474.54010009765625 104.11338725766667,30.404720510333334,474.5473937988281 104.11338720800002,30.404720472500006,474.55621337890625 104.11338716533335,30.40472043733334,474.5640869140625 104.11338712716667,30.404720386833333,474.5716857910156 104.113387084,30.40472034016667,474.57879638671875 104.113387084,30.40472034016667,474.57879638671875 104.113387084,30.40472034016667,474.57879638671875 104.11338697466667,30.404720208499995,474.5989990234375 104.11338697466667,30.404720208499995,474.5989990234375 104.11338697466667,30.404720208499995,474.5989990234375 104.11338693549999,30.404720168666667,474.6051940917969 104.11338693549999,30.404720168666667,474.6051940917969 104.11338689433333,30.40472012983333,474.6111145019531 104.11338689433333,30.40472012983333,474.6111145019531 104.11338685116667,30.404720094833337,474.6167907714844 104.11338685116667,30.404720094833337,474.6167907714844 104.1133868085,30.404720061166667,474.622314453125 104.1133868085,30.404720061166667,474.622314453125 104.11338676033336,30.4047200355,474.627685546875 104.11338665166669,30.404719987333337,474.6387939453125 104.11338665166669,30.404719987333337,474.6387939453125 104.11338665166669,30.404719987333337,474.6387939453125 104.11338660000003,30.404719962333335,474.64410400390625 104.11338650649999,30.40471991066667,474.65380859375 104.11338650649999,30.40471991066667,474.65380859375 104.11338645866665,30.40471988566667,474.65850830078125 104.11338645866665,30.40471988566667,474.65850830078125 104.11338641133335,30.404719862666667,474.6632995605469 104.11338641133335,30.404719862666667,474.6632995605469 104.11338641133335,30.404719862666667,474.6632995605469 104.11338636616668,30.404719839499997,474.6679992675781 104.11338636616668,30.404719839499997,474.6679992675781 104.11338631833333,30.404719814499998,474.67340087890625 104.11338631833333,30.404719814499998,474.67340087890625 104.11338627066668,30.404719789166663,474.6787109375 104.11338627066668,30.404719789166663,474.6787109375 104.11338617499999,30.404719736666667,474.6890869140625 104.11338612850001,30.404719710666672,474.69378662109375 104.11338612850001,30.404719710666672,474.69378662109375 104.11338608316667,30.404719680833335,474.6980895996094 104.11338608316667,30.404719680833335,474.6980895996094 104.11338608316667,30.404719680833335,474.6980895996094 104.11338604100001,30.404719654000008,474.7025146484375 104.11338604100001,30.404719654000008,474.7025146484375 104.1133860005,30.404719631166667,474.7065124511719 104.113385961,30.404719611333338,474.710693359375 104.113385961,30.404719611333338,474.710693359375 104.113385961,30.404719611333338,474.710693359375 104.11338592616667,30.404719589333336,474.7146911621094 104.11338589416667,30.404719567666668,474.7185974121094 104.1133858621667,30.404719547,474.722412109375 104.11338583233335,30.4047195275,474.72589111328125 104.11338580583335,30.404719506500005,474.7294006347656 104.11338577733336,30.40471948733333,474.7330017089844 104.11338575216666,30.404719467166668,474.7362976074219 104.113385728,30.404719447,474.7395935058594 104.11338570516668,30.404719427,474.7428894042969 104.11338568383333,30.404719406666665,474.7460021972656 104.11338566233331,30.40471938666667,474.7491149902344 104.11338563983334,30.404719369166664,474.75201416015625 104.11338561833334,30.404719350500002,474.7549133300781 104.113385598,30.404719331833334,474.7576904296875 104.11338557799999,30.404719313666668,474.7604064941406 104.113385559,30.40471929483333,474.7630920410156 104.11338554033334,30.40471927633334,474.7655944824219 104.11338552200002,30.404719258000004,474.76800537109375 104.11338552200002,30.404719258000004,474.76800537109375 104.11338550450002,30.40471923966666,474.77020263671875 104.11338550450002,30.40471923966666,474.77020263671875 104.11338550450002,30.40471923966666,474.77020263671875 104.11338548699999,30.4047192215,474.77239990234375 104.11338548699999,30.4047192215,474.77239990234375 104.11338547033336,30.4047192035,474.7744140625 104.11338545416666,30.404719185833333,474.7764892578125 104.11338545416666,30.404719185833333,474.7764892578125 104.11338545416666,30.404719185833333,474.7764892578125 104.11338539833332,30.40471920833334,474.77569580078125 104.11338539833332,30.40471920833334,474.77569580078125 104.11338539833332,30.40471920833334,474.77569580078125 104.11338537283333,30.404719217666667,474.7752990722656 104.11338537283333,30.404719217666667,474.7752990722656 104.11338534800001,30.404719225833333,474.77490234375 104.11338534800001,30.404719225833333,474.77490234375 104.1133853246667,30.404719232833337,474.7745056152344 104.1133853246667,30.404719232833337,474.7745056152344 104.11338530183333,30.40471923916667,474.77398681640625 104.11338528166668,30.404719243500004,474.77349853515625 104.11338528166668,30.404719243500004,474.77349853515625 104.11338526250003,30.404719248000003,474.77288818359375 104.11338526250003,30.404719248000003,474.77288818359375 104.11338524333333,30.40471925066667,474.7723083496094 104.11338524333333,30.40471925066667,474.7723083496094 104.1133852266667,30.40471925266667,474.77130126953125 104.1133852266667,30.40471925266667,474.77130126953125 104.1133852266667,30.40471925266667,474.77130126953125 104.11338519450003,30.40471925483334,474.76910400390625 104.11338519450003,30.40471925483334,474.76910400390625 104.11338519450003,30.40471925483334,474.76910400390625 104.11338516583334,30.40471925533333,474.7672119140625 104.11338514183332,30.404719252833335,474.76519775390625 104.11338514183332,30.404719252833335,474.76519775390625 104.11338514183332,30.404719252833335,474.76519775390625 104.11338513049999,30.40471925066667,474.7640075683594 104.11338513049999,30.40471925066667,474.7640075683594 104.11338512033333,30.40471924866667,474.76300048828125 104.11338512033333,30.40471924866667,474.76300048828125 104.11338511049999,30.404719245999996,474.7616882324219 104.11338511049999,30.404719245999996,474.7616882324219 104.113385101,30.404719242833334,474.760498046875 104.113385101,30.404719242833334,474.760498046875 104.11338508333336,30.4047192365,474.7582092285156 104.11338508333336,30.4047192365,474.7582092285156 104.11338508333336,30.4047192365,474.7582092285156 104.11338507433332,30.404719232333335,474.7568054199219 104.11338507433332,30.404719232333335,474.7568054199219 104.11338506483337,30.404719228333335,474.7554016113281 104.11338506483337,30.404719228333335,474.7554016113281 104.11338505600001,30.404719223833332,474.75390625 104.11338505600001,30.404719223833332,474.75390625 104.11338504866667,30.404719218500002,474.7524108886719 104.11338504866667,30.404719218500002,474.7524108886719 104.11338504033336,30.404719212833335,474.7510070800781 104.11338504033336,30.404719212833335,474.7510070800781 104.11338503233335,30.404719206833335,474.74969482421875 104.11338502433335,30.404719201333332,474.7481994628906 104.11338502433335,30.404719201333332,474.7481994628906 104.11338502433335,30.404719201333332,474.7481994628906 104.11338501899999,30.40471919433333,474.7464904785156 104.11338501899999,30.40471919433333,474.7464904785156 104.11338500750003,30.404719141333334,474.7456970214844 104.11338500750003,30.404719141333334,474.7456970214844 104.11338499683333,30.404719088833332,474.74481201171875 104.11338499683333,30.404719088833332,474.74481201171875 104.11338498650001,30.404719037166668,474.7439880371094 104.11338498650001,30.404719037166668,474.7439880371094 104.11338497683333,30.404718986333332,474.7432861328125 104.11338496816667,30.40471893566667,474.74249267578125 104.11338495999998,30.404718886166666,474.74169921875 104.11338495233335,30.404718837000004,474.7408142089844 104.11338494733333,30.404718787666667,474.73968505859375 104.11338494049998,30.404718740000003,474.73858642578125 104.11338493233335,30.404718693833335,474.73748779296875 104.11338492516667,30.404718648,474.73651123046875 104.11338491900001,30.404718601833334,474.73541259765625 104.11338491333333,30.404718557666673,474.7341003417969 104.113384908,30.404718513666662,474.7327880859375 104.11338490316668,30.404718469166667,474.7315979003906 104.11338489833332,30.404718425666672,474.73028564453125 104.1133848935,30.4047183825,474.7290954589844 104.11338488716667,30.404718340166664,474.7279052734375 104.11338488083332,30.40471829816667,474.726806640625 104.11338487583335,30.404718255,474.7257995605469 104.11338487166668,30.404718212499997,474.7247009277344 104.11338486816666,30.404718170000002,474.7235107421875 104.11338486616665,30.40471812833334,474.7222900390625 104.11338486366668,30.40471808733334,474.7210998535156 104.11338486150002,30.404718006666666,474.7185974121094 104.11338486150002,30.404718006666666,474.7185974121094 104.11338486150002,30.404718006666666,474.7185974121094 104.11338486133333,30.404717966333337,474.7174072265625 104.11338486133333,30.404717966333337,474.7174072265625 104.11338486166667,30.404717926500002,474.7160949707031 104.11338486166667,30.404717926500002,474.7160949707031 104.1133848625,30.40471788683334,474.7148132324219 104.1133848625,30.40471788683334,474.7148132324219 104.11338486333334,30.404717847333337,474.7135009765625 104.11338486333334,30.404717847333337,474.7135009765625 104.113384864,30.404717809333334,474.7121887207031 104.11338486499999,30.404717771500003,474.71099853515625 104.11338486499999,30.404717771500003,474.71099853515625 104.11338486499999,30.404717771500003,474.71099853515625 104.11338486616665,30.404717734000002,474.7098083496094 104.11338486616665,30.404717734000002,474.7098083496094 104.11338486700001,30.404717697166667,474.7085876464844 104.11338486700001,30.404717697166667,474.7085876464844 104.113384868,30.40471765966667,474.7073059082031 104.113384868,30.40471765966667,474.7073059082031 104.11338487016668,30.404717621833335,474.7059020996094 104.11338487016668,30.404717621833335,474.7059020996094 104.11338487233334,30.404717584666667,474.7044982910156 104.11338487233334,30.404717584666667,474.7044982910156 104.11338487366667,30.404717547500002,474.70330810546875 104.11338487366667,30.404717547500002,474.70330810546875 104.11338487533334,30.404717510833333,474.701904296875 104.11338487733336,30.404717474666672,474.70050048828125 104.11338487966665,30.404717438499997,474.6990966796875 104.1133848825,30.404717399833334,474.6979064941406 104.11338488750002,30.404717361500005,474.6968078613281 104.11338489149999,30.40471732366667,474.6955871582031 104.11338489566666,30.404717286,474.6943054199219 104.11338490000003,30.404717248666664,474.693115234375 104.11338490516667,30.404717212,474.6918029785156 104.11338491066667,30.404717175333335,474.6907043457031 104.11338491633335,30.404717138666665,474.6890869140625 104.11338492283333,30.404717102000003,474.6874084472656 104.11338492900002,30.404717065666667,474.685791015625 104.11338493616667,30.404717030166665,474.6842041015625 104.11338494316665,30.404716994833336,474.6825866699219 104.11338493950002,30.404716962333335,474.6754150390625 104.11338493650001,30.40471693383334,474.6673889160156 104.11338493366665,30.40471690833333,474.65899658203125 104.11338493116668,30.404716883833334,474.6506042480469 104.11338492766666,30.404716859333334,474.6419982910156 104.11338492433335,30.40471683833334,474.6335144042969 104.11338492000003,30.404716816833332,474.6249084472656 104.11338491650001,30.40471679616667,474.61639404296875 104.1133849135,30.404716775833336,474.60809326171875 104.11338491133334,30.404716754166667,474.5997009277344 104.1133849095,30.404716733,474.59130859375 104.11338490850001,30.404716710499997,474.58319091796875 104.11338490700001,30.404716689500003,474.57501220703125 104.11338490833332,30.404716668999995,474.56658935546875 104.1133849095,30.40471664916667,474.5581970214844 104.11338491133334,30.404716629166668,474.5498046875 104.11338491249998,30.404716609499996,474.5415954589844 104.11338491483333,30.404716590000003,474.53338623046875 104.11338491716667,30.404716571499996,474.5255126953125 104.113384932,30.404716552833328,474.51611328125 104.11338494916667,30.404716535,474.50628662109375 104.1133849665,30.404716516999997,474.4967041015625 104.11338498383334,30.404716499666666,474.4870910644531 104.11338502916668,30.404716460000003,474.4826965332031 104.11338507266667,30.404716420666666,474.4783935546875 104.11338511616667,30.404716382166665,474.4739990234375 104.11338515783333,30.404716344500002,474.46978759765625 104.11338519833335,30.4047163075,474.4660949707031 104.11338519833335,30.4047163075,474.4660949707031 104.11338519833335,30.4047163075,474.4660949707031 104.11338523949999,30.40471627033333,474.46209716796875 104.1133853195,30.404716198,474.45489501953125 104.11338535766666,30.404716162333337,474.4512939453125 104.11338535766666,30.404716162333337,474.4512939453125 104.11338535766666,30.404716162333337,474.4512939453125 104.11338539566665,30.404716127333337,474.44781494140625 104.11338543250001,30.4047160925,474.4444885253906 104.11338546866668,30.404716057499996,474.44140625 104.11338550333335,30.404716023166667,474.4383850097656 104.11338553766667,30.404715989499998,474.4353942871094 104.11338557233333,30.404715955166665,474.4327087402344 104.1133856065,30.404715922166663,474.43011474609375 104.11338564116667,30.404715889,474.4276123046875 104.11338567466669,30.404715856666666,474.4252014160156 104.11338570916666,30.40471582266667,474.42291259765625 104.11338574233332,30.404715790333327,474.42059326171875 104.11338577433335,30.404715757833333,474.4183044433594 104.1133858065,30.404715725333336,474.4161071777344 104.11338583766668,30.404715694,474.41400146484375 104.11338586966669,30.404715662333334,474.4119873046875 104.11338590083334,30.40471563133334,474.409912109375 104.11338593133334,30.404715600999996,474.40789794921875 104.11338595916669,30.40471557116667,474.4064025878906 104.11338598316667,30.404715541833333,474.4053039550781 104.11338600733335,30.404715512999996,474.4042053222656 104.11338603016665,30.404715483499995,474.40289306640625 104.11338605533335,30.404715454333335,474.40130615234375 104.11338607766665,30.40471542516667,474.40020751953125 104.11338609833335,30.404715395500006,474.3992919921875 104.11338611916666,30.4047153665,474.3985900878906 104.1133861395,30.404715338166667,474.39801025390625 104.11338615933333,30.404715310333337,474.3973083496094 104.1133861795,30.404715282500003,474.3966979980469 104.11338619850001,30.404715255,474.39599609375 104.11338621700001,30.404715227333334,474.3955078125 104.11338623583335,30.404715199500004,474.3951110839844 104.113386255,30.40471517266667,474.3945007324219 104.11338627566666,30.404715147,474.39349365234375 104.11338629750003,30.4047151215,474.39239501953125 104.11338632050001,30.404715097000004,474.39129638671875 104.11338634200001,30.404715072000002,474.3902893066406 104.11338636383336,30.4047150475,474.3893127441406 104.11338638366666,30.404715022333335,474.3883972167969 104.11338640233336,30.404714996999996,474.38751220703125 104.11338642166666,30.404714971166662,474.3868103027344 104.11338644133332,30.404714945999995,474.3861083984375 104.11338646083335,30.4047149215,474.38519287109375 104.11338648166667,30.404714897666672,474.3843078613281 104.11338650133332,30.40471487433333,474.3833923339844 104.11338652116667,30.404714851499996,474.3825988769531 104.11338653933332,30.404714827,474.3819885253906 104.11338655683335,30.404714803166666,474.38128662109375 104.11338657566665,30.404714781,474.3804931640625 104.1133865945,30.404714759333338,474.3797912597656 104.11338661299999,30.4047147375,474.37908935546875 104.11338663233335,30.4047147165,474.3782958984375 104.11338665116668,30.404714695666666,474.37750244140625 104.11338666816667,30.404714674000004,474.376708984375 104.11338668633336,30.404714652333336,474.3757019042969 104.11338670700002,30.404714631333334,474.3747863769531 104.11338672750003,30.404714610666666,474.3736877441406 104.11338674716666,30.4047145895,474.3727111816406 104.11338676766667,30.404714568333333,474.37188720703125 104.11338678833333,30.404714547833336,474.37091064453125 104.11338680883334,30.4047145275,474.3700866699219 104.11338682916669,30.404714506666668,474.36920166015625 104.113386849,30.404714486666666,474.3682861328125 104.11338686833334,30.404714466666665,474.3674011230469 104.11338688666669,30.40471444683334,474.3664855957031 104.11338690583334,30.40471442733334,474.3656005859375 104.11338692433334,30.404714409,474.36480712890625 104.11338694266666,30.404714390833334,474.3638916015625 104.11338696083332,30.40471437283334,474.3630065917969 104.11338697833335,30.404714354333333,474.36199951171875 104.113386996,30.40471433516667,474.3612060546875 104.11338701316667,30.404714316333337,474.36041259765625 104.11338702933332,30.404714297166667,474.3595886230469 104.1133870445,30.404714278666667,474.35888671875 104.11338705900002,30.404714260166664,474.3581848144531 104.11338707499999,30.404714241166666,474.3575134277344 104.11338708833333,30.404714222333336,474.356689453125 104.11338710233335,30.404714203499996,474.3558044433594 104.11338711716665,30.404714185166668,474.3548889160156 104.11338712999998,30.404714166500007,474.35400390625 104.113387143,30.404714148,474.35308837890625 104.1133871555,30.404714128666665,474.352294921875 104.11338716783332,30.40471410983334,474.35150146484375 104.11338718,30.404714090833334,474.3505859375 104.11338719283334,30.404714072166666,474.3497009277344 104.11338720533334,30.40471405333334,474.3487854003906 104.11338721716666,30.404714034833333,474.347900390625 104.11338722849999,30.404714016499998,474.34698486328125 104.11338724016665,30.404713998333335,474.34600830078125 104.11338725233334,30.404713980666667,474.3450012207031 104.11338726233336,30.40471396366667,474.343994140625 104.11338727400002,30.404713946500006,474.3431091308594 104.11338728549998,30.404713929166665,474.34228515625 104.11338729683334,30.404713912000005,474.3414001464844 104.113387309,30.40471389483334,474.34051513671875 104.11338731816669,30.404713878333336,474.3396911621094 104.113387329,30.4047138615,474.3389892578125 104.1133873405,30.404713844833335,474.3382873535156 104.11338735016668,30.404713827833334,474.3374938964844 104.11338736316667,30.404713811333338,474.33660888671875 104.11338737533333,30.404713795499998,474.335693359375 104.11338738766665,30.40471378,474.33489990234375 104.11338739950001,30.404713765500002,474.3341064453125 104.11338741050001,30.404713751500008,474.3334045410156 104.11338742166667,30.404713736999998,474.3326110839844 104.11338743233334,30.404713723333334,474.3316955566406 104.11338744166667,30.404713710833338,474.3310852050781 104.11338745133334,30.40471369816667,474.3305969238281 104.11338746083332,30.404713685499996,474.3298034667969 104.11338746816666,30.404713672833335,474.3290100097656 104.11338747583335,30.404713660000002,474.32818603515625 104.11338748366668,30.4047136475,474.3273010253906 104.11338749149999,30.404713635166665,474.3265075683594 104.11338749833332,30.404713623166668,474.3255920410156 104.11338750499999,30.40471361133333,474.32470703125 104.11338751249998,30.404713599833332,474.32379150390625 104.11338752000003,30.404713588499998,474.322998046875 104.11338752816667,30.404713577333336,474.3222961425781 104.11338753583335,30.40471356616667,474.3215026855469 104.11338754316665,30.40471355516667,474.32080078125 104.11338755050001,30.404713543833335,474.3201904296875 104.1133875575,30.404713532666666,474.3196105957031 104.11338756516668,30.404713521666668,474.319091796875 104.113387573,30.404713510666667,474.318603515625 104.11338758133334,30.404713501,474.3182067871094 104.11338758966669,30.404713491666666,474.3179016113281 104.11338759733331,30.40471348233333,474.3175964355469 104.11338760483336,30.40471347316667,474.3174133300781 104.11338761216666,30.404713464500002,474.3169860839844 104.11338762066669,30.404713456333337,474.31658935546875 104.11338762916668,30.40471344766667,474.3163146972656 104.11338763716668,30.40471343966666,474.3160095214844 104.11338764533332,30.404713431833336,474.3157958984375 104.11338765266667,30.4047134245,474.31549072265625 104.11338765833334,30.404713417333333,474.3153076171875 104.11338766316666,30.4047134085,474.31500244140625 104.11338766766667,30.4047134,474.3147888183594 104.113387671,30.40471339166667,474.3146057128906 104.11338767566667,30.404713382999997,474.31451416015625 104.11338767933334,30.40471337383334,474.31439208984375 104.11338768383332,30.404713364500005,474.314208984375 104.11338768799999,30.404713355499997,474.314208984375 104.11338769233336,30.404713346333335,474.3140869140625 104.113387697,30.404713337,474.3140869140625 104.11338770016667,30.404713327833328,474.3140869140625 104.11338770333332,30.404713319333336,474.3139953613281 104.11338770649999,30.40471331083334,474.314208984375 104.11338770883334,30.404713301999998,474.3143005371094 104.11338771216667,30.404713293,474.31439208984375 104.11338771549998,30.404713283333333,474.31451416015625 104.11338771966666,30.404713273333332,474.314697265625 104.11338772449999,30.40471326316667,474.3147888183594 104.11338772833334,30.404713252999997,474.3149108886719 104.11338773266668,30.4047132425,474.3150939941406 104.113387737,30.4047132315,474.3153076171875 104.11338774083335,30.404713220500003,474.31561279296875 104.11338774533333,30.404713209333334,474.3157958984375 104.1133877495,30.4047131985,474.3161926269531 104.11338775333333,30.404713187333332,474.3164978027344 104.11338775766664,30.404713175833333,474.31689453125 104.11338776233333,30.404713164999997,474.3172912597656 104.11338776683334,30.404713153833338,474.31781005859375 104.113387772,30.40471314283333,474.31829833984375 104.11338777633334,30.40471313166667,474.31878662109375 104.11338778083332,30.404713121000004,474.3193054199219 104.11338778466668,30.404713110666666,474.31988525390625 104.11338778816669,30.404713100000002,474.3205871582031 104.11338779216668,30.404713089,474.3212890625 104.11338779649999,30.404713078833332,474.3219909667969 104.1133878005,30.404713068333333,474.32281494140625 104.11338780533333,30.404713057666665,474.323486328125 104.11338780966668,30.404713046500003,474.3244934082031 104.11338781433334,30.40471303566667,474.32550048828125 104.11338781966667,30.404713025166668,474.3263854980469 104.1133878245,30.40471301416667,474.3275146484375 104.11338782966668,30.404713003166666,474.32879638671875 104.11338783499998,30.404712992,474.3301086425781 104.11338783900001,30.40471298083333,474.3313903808594 104.11338784433335,30.40471297033334,474.3326110839844 104.11338784866666,30.404712959499996,474.3337097167969 104.11338785433334,30.404712947500006,474.3348083496094 104.11338786033332,30.40471293666667,474.33599853515625 104.11338786616666,30.404712925333335,474.3371887207031 104.1133878725,30.404712913833336,474.3384094238281 104.11338787833336,30.40471290216666,474.3395080566406 104.1133878846667,30.404712890333336,474.3406066894531 104.11338789000003,30.404712878833333,474.341796875 104.11338789583334,30.404712867333334,474.3428955078125 104.11338790233334,30.404712856,474.343994140625 104.113387908,30.404712844666665,474.3450927734375 104.11338791333334,30.404712832999998,474.3463134765625 104.11338791766666,30.40471282183333,474.3475036621094 104.113387922,30.404712810500005,474.3486022949219 104.11338792633335,30.40471280033333,474.349609375 104.11338793033335,30.404712789666675,474.3507080078125 104.11338793499999,30.40471277916667,474.3515930175781 104.11338793966668,30.404712769333333,474.3525085449219 104.11338794433335,30.40471275883333,474.3533020019531 104.11338795016667,30.4047127485,474.35400390625 104.113387955,30.404712738166673,474.3547058105469 104.11338796099999,30.404712727500005,474.35528564453125 104.11338796616667,30.404712717500004,474.3559875488281 104.11338797183335,30.404712707166663,474.35650634765625 104.11338797700002,30.40471269666667,474.35699462890625 104.11338798216666,30.404712686000003,474.3575134277344 104.11338798733334,30.404712675166667,474.35809326171875 104.113387992,30.404712664166667,474.3587951660156 104.11338799700002,30.404712653,474.35931396484375 104.11338800233335,30.40471264133334,474.3598937988281 104.11338800800002,30.40471263016667,474.36041259765625 104.11338801483336,30.404712618833337,474.3608093261719 104.11338802200001,30.404712607999997,474.3612060546875 104.11338802983335,30.404712597000003,474.36151123046875 104.11338803666668,30.404712585999995,474.3616943359375 104.113388043,30.404712574833336,474.36199951171875 104.11338805016668,30.404712563833332,474.3622131347656 104.11338805700002,30.40471255333334,474.3623962402344 104.11338806433332,30.404712542833334,474.36260986328125 104.11338807133335,30.4047125325,474.36260986328125 104.11338807733334,30.40471252233333,474.36279296875 104.11338808366666,30.40471251183334,474.3630065917969 104.1133880895,30.40471250116667,474.3631896972656 104.11338809566666,30.40471249,474.3634033203125 104.11338810133334,30.404712479833336,474.36358642578125 104.11338810683334,30.404712469166668,474.3638000488281 104.11338811366667,30.40471245866667,474.3638916015625 104.11338812083335,30.40471244783334,474.3638916015625 104.11338812783333,30.404712436999997,474.364013671875 104.1133881345,30.404712426500005,474.364013671875 104.11338814116667,30.404712416,474.3638916015625 104.11338814716669,30.40471240533333,474.3638000488281 104.11338815233333,30.404712395000004,474.3638916015625 104.11338815766668,30.40471238483334,474.36370849609375 104.11338816266668,30.4047123745,474.36358642578125 104.113388167,30.40471236366667,474.3633117675781 104.11338817200001,30.404712353333334,474.36309814453125 104.11338817666669,30.404712343,474.36279296875 104.11338818150001,30.404712333,474.36248779296875 104.113388186,30.404712322666672,474.36248779296875 104.11338819083335,30.404712312833333,474.3623962402344 104.11338819516669,30.40471230283333,474.3623962402344 104.11338819833334,30.404712293499998,474.36260986328125 104.11338820083336,30.40471228483333,474.3629150390625 104.11338820349998,30.404712276,474.3630065917969 104.11338820583333,30.40471226783333,474.36309814453125 104.11338820616668,30.404712259666667,474.3633117675781 104.11338820833335,30.404712252,474.3633117675781 104.11338821083332,30.404712245166667,474.3634033203125 104.11338821283334,30.404712237666665,474.3634033203125 104.11338821483332,30.40471223,474.3633117675781 104.11338821700001,30.404712222333334,474.3630065917969 104.113388219,30.404712215,474.3629150390625 104.11338822266669,30.404712207833338,474.36248779296875 104.11338822633334,30.40471220016667,474.3619079589844 104.11338822966667,30.404712193500004,474.3612976074219 104.11338823183333,30.40471218716667,474.3608093261719 104.11338823416668,30.404712179500002,474.36029052734375 104.1133882366667,30.40471217366667,474.3597106933594 104.113388238,30.40471216733333,474.3590087890625 104.11338823966668,30.404712160000003,474.3583984375 104.113388242,30.40471215366667,474.3577880859375 104.11338824533335,30.404712146833337,474.3572082519531 104.11338824783334,30.404712139833336,474.3564147949219 104.11338825333333,30.404712132666667,474.355712890625 104.11338825733336,30.40471212583333,474.3548889160156 104.11338826216668,30.404712118666666,474.35418701171875 104.11338826783334,30.404712110166663,474.35321044921875 104.11338827266667,30.404712102166666,474.3523864746094 104.11338827700001,30.404712094166666,474.3515930175781 104.11338828333334,30.404712085499998,474.3504943847656 104.11338828900001,30.404712077166664,474.3493957519531 104.11338829249998,30.40471206866666,474.34820556640625 104.11338829716667,30.40471205983333,474.34710693359375 104.11338830166667,30.404712051500002,474.34588623046875 104.11338830583334,30.404712043833335,474.34478759765625 104.11338830916667,30.404712036333333,474.34368896484375 104.11338831266667,30.404712028000002,474.34259033203125 104.11338831616666,30.404712020166667,474.3418884277344 104.11338831883336,30.404712011999997,474.3411865234375 104.11338831933332,30.404712004,474.34100341796875 104.11338832000003,30.404711995666673,474.3407897949219 104.11338831966665,30.404711988,474.3406982421875 104.11338831900001,30.40471198033333,474.34100341796875 104.11338831900001,30.404711973500003,474.3410949707031 104.11338831850001,30.40471196683333,474.3409118652344 104.11338831883336,30.404711961666663,474.3406066894531 104.11338831983333,30.404711956833335,474.3402099609375 104.11338832133333,30.40471195233333,474.3398132324219 104.11338832283333,30.4047119475,474.3392028808594 104.11338832533333,30.404711943166667,474.3387145996094 104.11338832683332,30.404711938500004,474.3380126953125 104.11338832866667,30.404711934333335,474.33740234375 104.11338833066667,30.404711930166666,474.3367004394531 104.11338833299999,30.404711925500003,474.33599853515625 104.11338833583335,30.404711920500002,474.335205078125 104.11338833933333,30.404711915666667,474.3345031738281 104.11338834133333,30.404711911333333,474.33380126953125 104.11338834366668,30.404711906666666,474.3330078125 104.1133883455,30.404711902,474.3323974609375 104.11338834683332,30.404711897,474.331787109375 104.11338834916667,30.404711891666672,474.33099365234375 104.113388352,30.404711886833333,474.3302917480469 104.11338835549999,30.4047118815,474.3294982910156 104.11338836000003,30.404711876166665,474.3287048339844 104.11338836466666,30.404711870499998,474.3279113769531 104.11338836933334,30.40471186516667,474.3269958496094 104.11338837383335,30.404711859500004,474.3262023925781 104.11338837866667,30.40471185433333,474.3254089355469 104.11338838433335,30.404711848333335,474.3241882324219 104.11338838916667,30.404711842333338,474.3236083984375 104.11338839466667,30.404711835833336,474.3232116699219 104.11338839983334,30.404711829500002,474.32269287109375 104.11338840383334,30.404711823499994,474.3222961425781 104.11338840716665,30.404711818000003,474.3221130371094 104.11338841016669,30.4047118125,474.3216857910156 104.11338841266668,30.4047118075,474.3212890625 104.11338841466667,30.404711802166673,474.32110595703125 104.11338841683333,30.404711797166673,474.3205871582031 104.11338841883334,30.404711792166673,474.3203125 104.11338842166668,30.404711787166672,474.32000732421875 104.1133884235,30.404711782499998,474.3197937011719 104.11338842633336,30.404711777499998,474.3194885253906 104.11338842850002,30.404711773,474.319091796875 104.11338843133333,30.404711768,474.3190002441406 104.11338843433332,30.404711762666672,474.31878662109375 104.11338843733334,30.404711757833336,474.3185119628906 104.11338843983334,30.40471175333333,474.3182067871094 104.11338844250001,30.40471174916667,474.3179931640625 104.11338844550001,30.40471174516667,474.3175964355469 104.11338844766667,30.4047117415,474.31719970703125 104.11338845066668,30.404711737000003,474.3168029785156 104.11338845366666,30.40471173266667,474.3163146972656 104.11338845683333,30.404711728166667,474.3158874511719 104.11338845933334,30.404711723500004,474.31561279296875 104.11338846283334,30.40471171916667,474.3150939941406 104.11338846616667,30.404711714833336,474.3146057128906 104.11338847,30.404711709666675,474.314208984375 104.11338847316668,30.404711704666674,474.31390380859375 104.11338847616668,30.404711699499998,474.3135986328125 104.113388479,30.404711694666673,474.31329345703125 104.11338848166666,30.404711690166664,474.31298828125 104.11338848416666,30.40471168583333,474.3127136230469 104.113388486,30.404711682,474.3124084472656 104.11338848866667,30.404711677833333,474.3121032714844 104.11338849033334,30.4047116735,474.31170654296875 104.1133884915,30.404711669999998,474.3114929199219 104.11338849183335,30.404711666333338,474.3111877441406 104.11338849133334,30.404711663166673,474.3110046386719 104.11338849166665,30.404711659999997,474.310791015625 104.11338849200001,30.404711657166665,474.31048583984375 104.11338849183335,30.40471165383334,474.310302734375 104.1133884915,30.404711651166664,474.3102111816406 104.1133884925,30.404711648666662,474.30999755859375 104.11338849333335,30.404711646333336,474.3099060058594 104.11338849466668,30.404711643666662,474.309814453125 104.11338849600001,30.404711641499997,474.3096008300781 104.11338849733332,30.404711639166663,474.30950927734375 104.11338849883333,30.40471163666667,474.30950927734375 104.11338850033333,30.40471163466667,474.3092956542969 104.11338850250002,30.404711632666668,474.3092041015625 104.11338850383332,30.404711631,474.3089904785156 104.11338850433333,30.40471163016667,474.3088073730469 104.11338849016664,30.404711630666668,474.309814453125 104.11338847600001,30.404711631833337,474.3106994628906 104.1133884621667,30.404711633499996,474.3116149902344 104.11338844833332,30.40471163516667,474.3125915527344 104.11338843466667,30.40471163666667,474.3135070800781 104.11338842066668,30.404711638833337,474.31439208984375 104.11338840600001,30.404711641000002,474.3153991699219 104.11338839249999,30.404711644166664,474.3161926269531 104.11338837966666,30.404711647333336,474.3171081542969 104.11338836666667,30.40471165066667,474.3179016113281 104.11338835383334,30.404711655499998,474.3186950683594 104.11338834116667,30.404711659000004,474.3194885253906 104.1133883295,30.404711662833332,474.3203125 104.1133883175,30.404711667999997,474.32080078125 104.11338830616666,30.4047116725,474.3214111328125 104.11338829483333,30.4047116775,474.3216857910156 104.11338828333334,30.404711682666672,474.3219909667969 104.11338827283335,30.404711688166667,474.3222961425781 104.11338826199999,30.404711692333333,474.3223876953125 104.11338825116667,30.4047116975,474.322509765625 104.11338824016666,30.404711702333334,474.32269287109375 104.11338822966667,30.404711707333334,474.32281494140625 104.11338821833334,30.404711712666668,474.3229064941406 104.11338820616668,30.404711718166666,474.322998046875 104.11338819433334,30.404711724000002,474.322998046875 104.11338818233337,30.404711729833338,474.3230895996094 104.11338817066665,30.40471173566667,474.322998046875 104.11338815866665,30.40471174216667,474.322998046875 104.11338814683334,30.40471174866667,474.322998046875 104.11338813683334,30.404711754500003,474.322998046875 104.11338812583332,30.404711761166663,474.3229064941406 104.113388115,30.40471176683333,474.32281494140625 104.11338810333332,30.404711772666666,474.3229064941406 104.113388093,30.404711778166664,474.322998046875 104.11338808266667,30.404711783500005,474.322998046875 104.11338807216667,30.4047117895,474.3232116699219 104.113388063,30.404711794666667,474.32330322265625 104.11338805400001,30.404711800166666,474.3233947753906 104.11338804566667,30.404711805,474.3233947753906 104.11338803766667,30.404711809833334,474.3233947753906 104.11338802883334,30.404711815666666,474.3232116699219 104.11338802200001,30.404711820333336,474.3232116699219 104.11338801516668,30.404711825,474.322998046875 104.1133880075,30.40471183016667,474.3229064941406 104.11338800066667,30.404711835500002,474.32269287109375 104.1133879935,30.40471184016667,474.322509765625 104.11338798666667,30.404711845333335,474.3222961425781 104.11338798066667,30.40471185,474.3219909667969 104.113387974,30.40471185483333,474.3218078613281 104.1133879675,30.404711859166664,474.32159423828125 104.11338796050002,30.404711864000003,474.3214111328125 104.11338795333334,30.404711868499998,474.3214111328125 104.11338794566666,30.404711873166672,474.3212890625 104.113387938,30.404711878333337,474.3212890625 104.11338792983334,30.404711883666664,474.3211975097656 104.11338792500001,30.4047118905,474.3211975097656 104.11338792050002,30.404711897666672,474.32110595703125 104.11338791616666,30.404711905,474.3210144042969 104.11338791283333,30.404711913,474.3205871582031 104.11338791049998,30.404711920666667,474.3201904296875 104.11338790549999,30.404711926833336,474.3197021484375 104.11338790050002,30.404711932166666,474.3192138671875 104.113387896,30.404711936333335,474.3186950683594 104.11338789233332,30.404711942333336,474.3179931640625 104.11338788883336,30.40471194766667,474.3174133300781 104.11338788500001,30.404711953166668,474.31671142578125 104.11338788,30.404711957999996,474.3161926269531 104.11338787466666,30.40471196316667,474.3157043457031 104.1133878725,30.404711969833336,474.3153076171875 104.11338786683335,30.404711974666665,474.3149108886719 104.11338786150002,30.40471197916667,474.3146057128906 104.1133878565,30.404711984666665,474.31439208984375 104.11338785199999,30.40471199133334,474.3139953613281 104.1133878475,30.404711998500005,474.3135070800781 104.11338784333333,30.40471200583334,474.31298828125 104.1133878385,30.4047120135,474.3125915527344 104.11338783433334,30.404712021166667,474.3122863769531 104.11338783066667,30.40471202866667,474.31201171875 104.11338782866666,30.40471203666667,474.3116149902344 104.11338782633334,30.404712044833335,474.3111877441406 104.11338782400003,30.40471205283333,474.310791015625 104.11338782266667,30.404712060500003,474.3103942871094 104.11338782200002,30.40471206866666,474.310302734375 104.11338782100002,30.404712076499997,474.3102111816406 104.11338782066666,30.40471208383334,474.309814453125 104.11338781983336,30.404712092166665,474.3096923828125 104.11338781883335,30.404712100333338,474.3096008300781 104.11338781750001,30.404712107833333,474.30938720703125 104.11338781533335,30.404712114833334,474.3092041015625 104.11338781499998,30.404712121833334,474.30889892578125 104.11338781349998,30.4047121295,474.3086853027344 104.11338781250001,30.404712136666667,474.30859375 104.11338781133333,30.404712144,474.30841064453125 104.11338781000002,30.404712150833333,474.30828857421875 104.11338780850001,30.404712158000002,474.30810546875 104.113387805,30.404712165166668,474.30810546875 104.11338780183333,30.404712172000004,474.30810546875 104.11338779933335,30.404712178500002,474.3080139160156 104.1133877971667,30.404712184500003,474.3078918457031 104.11338779466666,30.40471219033333,474.3077087402344 104.11338779283332,30.404712195666672,474.3074035644531 104.11338779150002,30.404712201,474.3070983886719 104.11338778933332,30.404712207333333,474.306884765625 104.11338778683334,30.40471221216667,474.30670166015625 104.11338778416668,30.404712216500005,474.30670166015625 104.11338778150001,30.40471222,474.3066101074219 104.11338777866666,30.40471222333333,474.3064880371094 104.11338777583333,30.404712226833333,474.306396484375 104.11338777283332,30.404712229833333,474.3064880371094 104.11338776866666,30.404712233,474.30670166015625 104.11338776550001,30.404712236500007,474.30718994140625 104.11338776283334,30.4047122395,474.3075866699219 104.11338775950001,30.404712243166667,474.3080139160156 104.11338775766664,30.404712246166667,474.30841064453125 104.11338775400002,30.404712249333336,474.3088073730469 104.11338775066666,30.404712252666666,474.3092041015625 104.11338774749998,30.404712256000003,474.309814453125 104.11338774383333,30.404712259,474.3102111816406 104.11338774066665,30.40471226166667,474.31048583984375 104.11338773666668,30.404712264666667,474.3109130859375 104.11338773216667,30.40471226783333,474.3113098144531 104.11338772766668,30.40471227116667,474.31170654296875 104.11338772350001,30.40471227483333,474.3122863769531 104.11338771933335,30.404712278333335,474.31280517578125 104.11338771483334,30.404712282000002,474.3132019042969 104.113387711,30.404712285499997,474.3138122558594 104.11338770649999,30.404712288833338,474.3143005371094 104.11338770216668,30.404712292500005,474.3147888183594 104.11338769733332,30.40471229583333,474.3150939941406 104.11338769283331,30.404712299166665,474.3157043457031 104.11338768816668,30.404712302333337,474.3161926269531 104.11338768366667,30.404712305333337,474.31671142578125 104.11338767966666,30.4047123085,474.31719970703125 104.11338767650003,30.40471231166667,474.31781005859375 104.11338767366667,30.404712314499996,474.31829833984375 104.11338767366667,30.404712314499996,474.31829833984375 104.11338767366667,30.404712314499996,474.31829833984375 104.11338767050002,30.404712317999998,474.31878662109375 104.11338767050002,30.404712317999998,474.31878662109375 104.11338766649999,30.4047123215,474.31939697265625 104.11338766416667,30.40471232383334,474.32000732421875 104.11338765999999,30.404712329499997,474.32110595703125 104.11338765999999,30.404712329499997,474.32110595703125 104.11338765999999,30.404712329499997,474.32110595703125 104.11338765800001,30.404712332333332,474.3216857910156 104.11338765633333,30.40471233533334,474.32220458984375 104.11338765633333,30.40471233533334,474.32220458984375 104.11338765633333,30.40471233533334,474.32220458984375 104.11338765366666,30.404712338,474.32281494140625 104.11338765366666,30.404712338,474.32281494140625 104.11338765083335,30.4047123405,474.3232116699219 104.11338764799999,30.404712342833335,474.32391357421875 104.1133876445,30.40471234583333,474.3243103027344 104.11338764216667,30.404712348833332,474.3247985839844 104.11338763983335,30.404712352,474.3252868652344 104.11338763783333,30.404712355500003,474.3258056640625 104.11338763566667,30.404712358666668,474.3262939453125 104.113387634,30.404712361666668,474.3268127441406 104.113387631,30.404712364833337,474.327392578125 104.11338762816668,30.404712368166667,474.3280029296875 104.11338762550001,30.404712371333336,474.32861328125 104.11338761866668,30.4047123775,474.3293151855469 104.11338761216666,30.4047123845,474.3301086425781 104.11338760650001,30.404712391666664,474.3309020996094 104.11338759966667,30.404712398666664,474.3316955566406 104.11338759350001,30.40471240433334,474.3323974609375 104.11338758750003,30.40471241016667,474.3330078125 104.11338758266665,30.404712415499997,474.3335876464844 104.11338757833333,30.404712420666673,474.3340148925781 104.113387573,30.404712426,474.3345947265625 104.11338756866667,30.404712431,474.3349914550781 104.11338756533331,30.404712436666667,474.3351135253906 104.11338756183335,30.404712442166673,474.3352966308594 104.11338755783332,30.404712448166666,474.33538818359375 104.113387554,30.40471245466667,474.3356018066406 104.113387552,30.4047124605,474.3356018066406 104.11338754900002,30.404712465833335,474.3356018066406 104.11338754750003,30.4047124715,474.33551025390625 104.11338754666667,30.404712477333337,474.33551025390625 104.11338754700002,30.404712484166662,474.33538818359375 104.1133875455,30.404712489666668,474.335205078125 104.11338754683332,30.404712494166663,474.335205078125 104.11338754783334,30.40471249816667,474.3345947265625 104.11338754833332,30.40471250266667,474.3341979980469 104.11338754833332,30.404712506833338,474.3340148925781 104.11338754816667,30.40471251066667,474.33380126953125 104.113387548,30.40471251433333,474.3335876464844 104.11338754750003,30.40471251766667,474.33331298828125 104.11338754683332,30.404712520666664,474.3330993652344 104.11338754700002,30.404712524000004,474.3328857421875 104.11338754683332,30.404712527166666,474.3324890136719 104.11338754683332,30.404712531000005,474.33221435546875 104.11338754733333,30.404712534999998,474.331787109375 104.11338754816667,30.4047125385,474.331298828125 104.11338754850001,30.404712542833334,474.3309020996094 104.11338754816667,30.404712547833334,474.3305969238281 104.11338754816667,30.404712552166668,474.3299865722656 104.11338754833332,30.404712556666667,474.32940673828125 104.11338754833332,30.404712561,474.3288879394531 104.11338754833332,30.404712565666667,474.3284912109375 104.11338754866668,30.40471257,474.32818603515625 104.11338754933334,30.4047125745,474.3277893066406 104.11338754900002,30.404712578833333,474.3273010253906 104.11338754833332,30.404712583333335,474.3268127441406 104.11338754750003,30.4047125875,474.3265075683594 104.11338754716665,30.404712592000003,474.32598876953125 104.11338754716665,30.40471259766667,474.3255920410156 104.11338754733333,30.40471260233333,474.3251953125 104.11338754650001,30.40471260683333,474.32489013671875 104.1133875455,30.404712612000004,474.3244934082031 104.11338754366666,30.40471261733333,474.3241882324219 104.11338754216669,30.404712622833337,474.32391357421875 104.11338754133334,30.404712628166664,474.3236083984375 104.11338753966666,30.404712633500004,474.3233947753906 104.11338753849998,30.40471263916667,474.3232116699219 104.11338753733337,30.404712644666667,474.322998046875 104.11338753583335,30.404712649666667,474.32281494140625 104.1133875345,30.404712654833332,474.32281494140625 104.11338753316669,30.4047126605,474.32269287109375 104.11338753249998,30.404712665166667,474.3226013183594 104.11338753183334,30.404712670333335,474.322509765625 104.11338753216667,30.404712675333336,474.3223876953125 104.11338753266668,30.404712679333336,474.3221130371094 104.11338753316669,30.404712683166668,474.3219909667969 104.1133875335,30.404712687,474.3216857910156 104.11338753483334,30.404712690333334,474.3215026855469 104.11338753500002,30.404712693833336,474.3212890625 104.11338753500002,30.404712698333334,474.3210144042969 104.11338753533335,30.404712703499996,474.32049560546875 104.1133875355,30.404712708499996,474.32000732421875 104.11338753566666,30.404712713333335,474.3197937011719 104.11338753650001,30.404712717000002,474.3194885253906 104.113387536,30.404712720499997,474.3192138671875 104.11338753500002,30.404712724500005,474.3190002441406 104.11338753483334,30.404712727999996,474.31878662109375 104.11338753500002,30.404712730333337,474.3186950683594 104.11338753416666,30.4047127335,474.3186950683594 104.11338754033335,30.404712736166665,474.318115234375 104.11338754850001,30.404712738333338,474.31719970703125 104.11338755766668,30.404712740166666,474.3163146972656 104.11338756633336,30.404712742000005,474.31561279296875 104.11338757516666,30.40471274383334,474.3149108886719 104.11338758400001,30.404712745333338,474.3140869140625 104.11338759283333,30.404712747000005,474.3135070800781 104.11338760083333,30.404712748666665,474.31298828125 104.11338760616667,30.404712751166667,474.3127136230469 104.11338761050001,30.404712753666665,474.3125 104.11338761566667,30.404712756333332,474.3125 104.11338762133335,30.404712759166667,474.3125 104.11338762716666,30.404712761166667,474.3122863769531 104.11338763216666,30.404712762666673,474.3124084472656 104.11338763783333,30.40471276383333,474.3125 104.11338764266665,30.404712764333333,474.3125915527344 104.11338764799999,30.404712765,474.3128967285156 104.11338765383336,30.404712765166664,474.3131103515625 104.11338765933334,30.4047127655,474.31329345703125 104.113387665,30.404712765666666,474.3135986328125 104.11338767166666,30.404712765,474.3139953613281 104.11338767833334,30.404712764000006,474.3143005371094 104.1133876845,30.4047127635,474.3146057128906 104.11338769116666,30.4047127625,474.31500244140625 104.11338769766667,30.404712761666666,474.3153076171875 104.11338770383333,30.40471276033334,474.3157958984375 104.1133877096667,30.404712758666665,474.3163146972656 104.11338771483334,30.404712757166667,474.31689453125 104.11338771966666,30.404712756166667,474.3175048828125 104.11338772533333,30.404712754833334,474.318115234375 104.11338772983333,30.404712753166667,474.3186950683594 104.11338773433333,30.404712752000005,474.3193054199219 104.1133877385,30.404712751166667,474.32000732421875 104.11338774316667,30.404712750666665,474.3207092285156 104.11338774749998,30.40471275033334,474.3214111328125 104.113387752,30.40471275033334,474.3221130371094 104.11338775549999,30.40471275033334,474.32269287109375 104.11338775883334,30.404712749833333,474.3233947753906 104.11338776150001,30.404712749666672,474.3241882324219 104.11338776400002,30.404712749000005,474.32501220703125 104.1133877665,30.404712748166673,474.3258056640625 104.11338776749999,30.4047127465,474.3263854980469 104.11338777083336,30.404712746000005,474.32708740234375 104.11338777266668,30.404712744499996,474.32769775390625 104.11338777499998,30.404712745166666,474.3287048339844 104.11338777750001,30.404712744499996,474.3294982910156 104.11338777983336,30.404712744000005,474.3305969238281 104.11338777983336,30.404712742166666,474.33160400390625 104.11338778200002,30.404712741000004,474.3327941894531 104.11338778333332,30.4047127405,474.3340148925781 104.11338778449999,30.404712740166666,474.3349914550781 104.11338778583334,30.404712739999997,474.33599853515625 104.11338778666669,30.404712739833332,474.3370056152344 104.113387788,30.404712739166666,474.3380126953125 104.11338778950001,30.404712737500006,474.339111328125 104.11338779166667,30.404712736000004,474.3403015136719 104.11338779383334,30.40471273433333,474.3414001464844 104.11338779666669,30.404712732333337,474.3424987792969 104.11338779900001,30.404712729999996,474.3434143066406 104.11338780033331,30.404712727999996,474.34429931640625 104.11338780283334,30.40471272566667,474.34521484375 104.11338780316667,30.404712724166664,474.3463134765625 104.11338780366667,30.40471272283333,474.3472900390625 104.11338780533333,30.40471272166667,474.34820556640625 104.1133878066667,30.40471272066667,474.3490905761719 104.11338780583334,30.404712718333336,474.34991455078125 104.1133878045,30.40471271616667,474.35089111328125 104.11338780400003,30.404712713833337,474.3518981933594 104.11338780333332,30.404712712000002,474.35260009765625 104.11338780483332,30.404712711333335,474.3533935546875 104.11338780433334,30.404712709166663,474.3540954589844 104.11338780533333,30.40471270766667,474.35528564453125 104.11338780583334,30.404712706499996,474.3564147949219 104.11338780599999,30.404712705333335,474.35760498046875 104.11338780233334,30.40471270516667,474.3590087890625 104.11338779950002,30.404712704500003,474.36029052734375 104.11338779799999,30.404712704666668,474.36151123046875 104.11338779349998,30.404712703833336,474.36248779296875 104.11338778950001,30.404712702500003,474.36358642578125 104.113387785,30.404712701333334,474.36468505859375 104.11338778366667,30.404712700666668,474.3656921386719 104.11338778016668,30.404712699166662,474.3667907714844 104.11338777633334,30.404712698000004,474.3677978515625 104.11338777366667,30.404712696833336,474.368896484375 104.11338777066666,30.404712695500002,474.3699951171875 104.11338777116667,30.404712695500002,474.3710021972656 104.11338777116667,30.404712694833336,474.3721923828125 104.11338777183333,30.404712694,474.373291015625 104.113387769,30.404712692500002,474.37451171875 104.113387767,30.404712690833335,474.37548828125 104.11338776533333,30.404712689,474.37640380859375 104.11338776449999,30.40471268666667,474.3774108886719 104.11338776633333,30.404712684166668,474.37860107421875 104.11338776533333,30.4047126815,474.3796081542969 104.11338776566667,30.404712678833334,474.3804931640625 104.11338776833334,30.404712676500008,474.38140869140625 104.11338777183333,30.404712673833334,474.3822937011719 104.11338777499998,30.40471267166667,474.3832092285156 104.11338777816665,30.404712668833334,474.38409423828125 104.11338778300001,30.404712666166667,474.3848876953125 104.1133877865,30.404712664166667,474.3855895996094 104.11338778766667,30.4047126625,474.38580322265625 104.11338778866666,30.40471266083334,474.385986328125 104.1133877905,30.40471266,474.3861083984375 104.11338779283332,30.404712658666668,474.3861999511719 104.11338779549999,30.404712656999997,474.38641357421875 104.11338779733333,30.4047126555,474.3865051269531 104.11338779933335,30.404712655666668,474.3865051269531 104.11338780400003,30.404712657166673,474.3865966796875 104.11338780633334,30.404712656999997,474.3865051269531 104.11338780749999,30.40471265583334,474.3865966796875 104.11338781166667,30.40471265633333,474.3868103027344 104.11338781150002,30.404712656500006,474.38690185546875 104.11338781100001,30.404712656166666,474.38690185546875 104.11338781016666,30.404712656666668,474.3869934082031 104.11338781216668,30.4047126575,474.3870849609375 104.11338781399999,30.40471265833333,474.3872985839844 104.11338781533335,30.404712660166666,474.38739013671875 104.11338781633334,30.404712661999998,474.38739013671875 104.11338781883335,30.4047126635,474.38751220703125 104.11338782100002,30.404712665166667,474.38751220703125 104.11338782250003,30.404712667,474.38751220703125 104.11338782349999,30.404712669,474.3876037597656 104.11338782183333,30.404712670166667,474.3876953125 104.11338781983336,30.404712671000002,474.3876953125 104.11338781816666,30.404712671833334,474.3876037597656 104.11338781633334,30.404712672833327,474.3876037597656 104.11338781833335,30.404712675000003,474.38751220703125 104.11338782166668,30.404712676333332,474.38739013671875 104.113387817,30.40471267866667,474.3879089355469 104.11338781133333,30.404712680666666,474.3883972167969 104.11338780583334,30.404712682833328,474.3887939453125 104.11338779983336,30.404712684666666,474.38909912109375 104.1133877945,30.404712685833335,474.3894958496094 104.11338778749999,30.404712687,474.3900146484375 104.11338777916666,30.404712687833328,474.3905029296875 104.11338777349998,30.40471269016667,474.3908996582031 104.113387768,30.404712692,474.3913879394531 104.11338775983336,30.40471269316667,474.39190673828125 104.1133877525,30.404712694666667,474.3924865722656 104.1133877465,30.404712697,474.3930969238281 104.11338774016667,30.404712699,474.3935852050781 104.11338773366667,30.404712701333334,474.39410400390625 104.11338772716667,30.404712704,474.39459228515625 104.11338772066668,30.404712706499996,474.39520263671875 104.11338771483334,30.404712708333335,474.3955993652344 104.11338770833333,30.40471271016667,474.3962097167969 104.1133877015,30.40471271316667,474.3970031738281 104.11338769549998,30.40471271583333,474.3977966308594 104.11338768766667,30.404712717166664,474.3985900878906 104.11338768033333,30.404712718833338,474.3995056152344 104.11338767166666,30.404712720333336,474.4005126953125 104.11338766316666,30.404712722166664,474.4014892578125 104.11338765466665,30.404712723499998,474.4023132324219 104.11338764716666,30.40471272466667,474.4031982421875 104.11338763833334,30.404712726000003,474.4042053222656 104.11338763,30.404712727000003,474.40521240234375 104.11338762216667,30.40471272783333,474.4060974121094 104.11338761466668,30.404712729000003,474.4070129394531 104.11338760633333,30.404712730333337,474.4078063964844 104.11338759833333,30.40471273183333,474.4088134765625 104.11338759050001,30.404712733333337,474.40960693359375 104.113387582,30.404712734500006,474.4104919433594 104.11338757450001,30.4047127355,474.4112854003906 104.11338756733333,30.40471273733333,474.41229248046875 104.11338755849998,30.404712737833332,474.41339111328125 104.11338754933334,30.404712739000004,474.41461181640625 104.11338754016667,30.404712739000004,474.41571044921875 104.1133875315,30.404712737166665,474.4169006347656 104.11338752316665,30.404712735166665,474.4179992675781 104.11338751500001,30.404712732999997,474.41900634765625 104.11338750916667,30.40471273166667,474.4201965332031 104.11338750300001,30.40471272983333,474.42138671875 104.11338749716667,30.404712728499998,474.4224853515625 104.11338748983331,30.404712727500005,474.42388916015625 104.11338748266667,30.404712737999997,474.4263916015625 104.1133874746667,30.404712748166673,474.4289855957031 104.11338746533333,30.404712757166667,474.4314880371094 104.11338745483333,30.404712766333333,474.43389892578125 104.1133874465,30.40471277716667,474.4363098144531 104.11338743633334,30.404712785833333,474.4388122558594 104.1133874265,30.404712794333335,474.4411926269531 104.113387418,30.404712802333336,474.4436950683594 104.1133874085,30.404712810999996,474.4460144042969 104.11338740016666,30.40471281983334,474.44830322265625 104.11338739200002,30.40471283016667,474.4507141113281 104.11338738399999,30.40471284033333,474.4530029296875 104.11338737616668,30.404712850333333,474.4554138183594 104.11338736816666,30.404712860333333,474.45770263671875 104.11338735983334,30.404712869666668,474.4601135253906 104.11338735100001,30.404712879333335,474.46258544921875 104.11338734300001,30.404712889166667,474.4652099609375 104.11338733383333,30.40471289866667,474.46771240234375 104.11338732533335,30.404712908333334,474.4700927734375 104.11338731516669,30.404712918333335,474.4726867675781 104.11338730599999,30.404712927500004,474.47540283203125 104.11338729016667,30.40471293783333,474.4773864746094 104.11338727516669,30.404712948166672,474.47930908203125 104.1133872585,30.404712960166666,474.4814147949219 104.11338724266668,30.4047129705,474.4833984375 104.11338722650002,30.404712979833334,474.48541259765625 104.11338720983335,30.404712990666667,474.48748779296875 104.11338719316666,30.404713,474.489501953125 104.11338717650001,30.404713009833337,474.49139404296875 104.11338715966669,30.40471301916667,474.4932861328125 104.11338714249999,30.404713028333337,474.49530029296875 104.11338712483334,30.404713039333338,474.49749755859375 104.11338710733337,30.404713050999998,474.49969482421875 104.11338709016667,30.404713061500004,474.5015869140625 104.11338707099999,30.404713073,474.50390625 104.11338705283333,30.404713084166666,474.5060119628906 104.11338703450001,30.4047130945,474.5080871582031 104.1133870165,30.404713104333336,474.510009765625 104.1133869985,30.40471311366667,474.5120849609375 104.11338698016668,30.404713123000004,474.51409912109375 104.11338696216666,30.404713131833336,474.51611328125 104.11338694316667,30.404713140833337,474.5180969238281 104.1133869251667,30.404713148833338,474.5201110839844 104.11338690749999,30.404713156499998,474.5220031738281 104.11338688966667,30.404713163666663,474.5238037109375 104.11338687116667,30.404713170666664,474.52569580078125 104.11338685266668,30.404713177999998,474.5274963378906 104.11338683383333,30.404713185833334,474.5293884277344 104.11338681616667,30.404713192833334,474.53131103515625 104.11338679766669,30.404713205166665,474.53289794921875 104.11338677883333,30.40471321616667,474.5343017578125 104.11338675983335,30.404713227166667,474.5357971191406 104.11338674183335,30.404713238166668,474.53729248046875 104.11338672416666,30.404713248500002,474.5387878417969 104.11338670683332,30.404713258666664,474.5403137207031 104.11338668866668,30.404713268666665,474.54168701171875 104.113386672,30.40471327916667,474.54290771484375 104.11338665533334,30.404713289333333,474.54400634765625 104.11338663816666,30.404713299666668,474.5450134277344 104.113386622,30.40471330966667,474.5461120605469 104.11338660583334,30.4047133185,474.54730224609375 104.113386588,30.404713328833335,474.5483093261719 104.11338657166668,30.404713338499995,474.5491943359375 104.11338655516664,30.404713348333335,474.5502014160156 104.11338653850001,30.40471335933333,474.5513000488281 104.11338652233331,30.404713369166664,474.55218505859375 104.11338650750001,30.404713377833332,474.5530090332031 104.11338649116666,30.4047133875,474.5537109375 104.11338647550001,30.40471339733333,474.55450439453125 104.11338646183333,30.404713405666666,474.5552062988281 104.1133864465,30.404713415166665,474.5563049316406 104.11338643166667,30.404713424666674,474.55731201171875 104.11338641749998,30.404713433,474.55810546875 104.11338640366667,30.40471344166666,474.55889892578125 104.11338638983335,30.40471344916667,474.55950927734375 104.11338637666668,30.4047134565,474.5599060058594 104.11338636366666,30.404713464500002,474.5602111816406 104.11338635033333,30.404713472500003,474.5603942871094 104.11338633783335,30.404713479833337,474.56060791015625 104.11338632350001,30.404713488333332,474.5610046386719 104.11338630833333,30.404713497666666,474.5614013671875 104.11338629266665,30.40471350633333,474.5617980957031 104.11338627616666,30.4047135155,474.5622863769531 104.11338625983332,30.404713525000002,474.5628967285156 104.1133862435,30.404713534,474.5635986328125 104.1133862285,30.404713543000003,474.564208984375 104.11338621566668,30.40471355,474.5647888183594 104.11338620149999,30.404713559666668,474.5653076171875 104.11338618716667,30.404713569000002,474.5657043457031 104.11338617499999,30.404713577000003,474.56610107421875 104.11338616283335,30.404713584500005,474.56658935546875 104.11338615166667,30.404713591333337,474.56689453125 104.11338614166668,30.40471359933333,474.5669860839844 104.11338613133333,30.4047136065,474.5671081542969 104.113386121,30.404713614333332,474.5669860839844 104.11338611100001,30.404713621666666,474.5669860839844 104.11338610100002,30.404713628666666,474.5669860839844 104.11338609083332,30.404713635333326,474.5669860839844 104.11338608016668,30.404713642333334,474.56689453125 104.11338606966667,30.40471364916667,474.5668029785156 104.11338605950002,30.404713655333328,474.56658935546875 104.1133860485,30.40471366116667,474.5663146972656 104.11338603766664,30.4047136675,474.5660095214844 104.11338602716667,30.404713673833335,474.56561279296875 104.11338601616667,30.404713679500002,474.56561279296875 104.11338600483332,30.40471368533333,474.56549072265625 104.11338599233336,30.40471369433334,474.565185546875 104.11338597766667,30.404713705499997,474.5650939941406 104.113385963,30.40471371683333,474.5649108886719 104.11338594883334,30.40471372833333,474.564697265625 104.11338593699999,30.404713736166666,474.564697265625 104.11338592700002,30.404713742833327,474.5643005371094 104.11338591600001,30.404713752666666,474.5640869140625 104.11338590583333,30.40471376016667,474.5635986328125 104.11338589533334,30.404713769333334,474.5632019042969 104.11338588616667,30.404713776,474.56280517578125 104.11338587516666,30.40471378483333,474.5625 104.11338586416666,30.404713793499997,474.5622863769531 104.11338585366666,30.404713800333337,474.5618896484375 104.11338584233333,30.404713809166665,474.5617980957031 104.11338583266668,30.404713816333338,474.5614929199219 104.11338582166668,30.404713824833333,474.5614013671875 104.11338581283333,30.40471383,474.56109619140625 104.11338580366669,30.404713835,474.5609130859375 104.11338579433335,30.40471383883333,474.56048583984375 104.11338578283333,30.40471384583333,474.5603942871094 104.11338577216667,30.404713853,474.5603942871094 104.11338576066667,30.40471386,474.56048583984375 104.11338575149999,30.4047138665,474.5602111816406 104.11338574133333,30.4047138725,474.559814453125 104.11338573099998,30.404713877833334,474.5596008300781 104.11338572000003,30.4047138845,474.5592041015625 104.11338570866667,30.40471389266667,474.55889892578125 104.113385695,30.40471390183333,474.5589904785156 104.11338568150002,30.40471391216667,474.55889892578125 104.11338566833335,30.404713922666666,474.5588073730469 104.11338565550001,30.404713932333333,474.5588073730469 104.11338564233334,30.404713942166673,474.5586853027344 104.11338562950002,30.404713951833333,474.5585021972656 104.11338561733335,30.404713960666665,474.55841064453125 104.11338560483334,30.404713969166668,474.55828857421875 104.1133855915,30.404713977500002,474.55828857421875 104.11338557916666,30.404713986,474.55841064453125 104.1133855675,30.40471399466667,474.5585021972656 104.11338555716667,30.40471400316667,474.55859375 104.11338554716669,30.40471400783333,474.55859375 104.11338553783335,30.40471401166667,474.5586853027344 104.11338552950001,30.404714019500005,474.55889892578125 104.11338552183335,30.404714027500006,474.5589904785156 104.11338551466667,30.40471403533334,474.5591125488281 104.11338550800001,30.40471404383333,474.5592041015625 104.11338550083335,30.404714051666666,474.5592956542969 104.11338549599998,30.404714058,474.5592041015625 104.11338549116665,30.404714064000007,474.5591125488281 104.11338548633333,30.4047140695,474.5589904785156 104.1133854815,30.404714074666675,474.5589904785156 104.11338547750003,30.404714079833337,474.5588073730469 104.11338547250001,30.404714085166667,474.5586853027344 104.11338546800002,30.404714089666662,474.55859375 104.11338546450001,30.404714093833334,474.5585021972656 104.11338546116669,30.404714097833335,474.55828857421875 104.11338545866667,30.404714101833335,474.55810546875 104.11338545449999,30.40471410483334,474.5580139160156 104.11338545166666,30.404714107500002,474.5581970214844 104.11338544883334,30.404714109666664,474.55841064453125 104.11338544600001,30.404714112000004,474.55859375 104.11338544366666,30.404714113833336,474.5588073730469 104.11338544116668,30.40471411533333,474.5589904785156 104.1133854395,30.404714116500003,474.5591125488281 104.11338543783334,30.404714117500003,474.5592041015625 104.11338543583332,30.404714118666664,474.55938720703125 104.1133854335,30.404714120499996,474.55950927734375 104.11338543033335,30.40471412316667,474.559814453125 104.11338542633332,30.404714126166663,474.55999755859375 104.11338542249999,30.404714129333332,474.560302734375 104.11338541766666,30.404714132833337,474.56060791015625 104.11338541333335,30.404714136166664,474.560791015625 104.11338540950003,30.404714140333333,474.5606994628906 104.11338540450001,30.404714143166665,474.5609130859375 104.11338539966668,30.40471414583334,474.5610046386719 104.113385394,30.40471414883333,474.5611877441406 104.1133853875,30.404714152333334,474.5614929199219 104.11338538050002,30.40471415583334,474.56170654296875 104.11338537300001,30.404714159,474.56201171875 104.11338536433335,30.404714161999998,474.56219482421875 104.1133853555,30.404714166166666,474.5622863769531 104.11338534650001,30.40471417083334,474.5625 104.11338533666667,30.4047141755,474.56280517578125 104.11338532683335,30.4047141795,474.56298828125 104.11338531616666,30.404714184,474.56329345703125 104.1133853065,30.404714187833328,474.5633850097656 104.113385296,30.40471419166667,474.5635986328125 104.11338528566665,30.404714196500002,474.5636901855469 104.1133852755,30.40471420116667,474.56390380859375 104.113385266,30.404714205666668,474.5640869140625 104.113385256,30.404714210500003,474.5640869140625 104.11338524733335,30.404714214166663,474.56451416015625 104.11338523966667,30.40471421816667,474.56451416015625 104.11338523233331,30.404714222166664,474.5646057128906 104.11338522583334,30.40471422583333,474.56451416015625 104.11338521966667,30.404714228666663,474.56439208984375 104.11338521483334,30.404714231000003,474.5643005371094 104.1133852105,30.404714232500005,474.5643005371094 104.11338520466668,30.40471423433333,474.5643005371094 104.1133851985,30.404714236333337,474.5643005371094 104.11338519233334,30.404714237833332,474.564208984375 104.11338518533333,30.404714239500006,474.5640869140625 104.11338517783334,30.404714240333337,474.5640869140625 104.113385171,30.40471424166667,474.5640869140625 104.11338516333332,30.404714242833332,474.5639953613281 104.11338515516667,30.404714244499996,474.5639953613281 104.11338514599998,30.404714246000005,474.5639953613281 104.11338513783333,30.404714247999998,474.5639953613281 104.11338513083335,30.404714249999998,474.56390380859375 104.11338512350001,30.404714252666672,474.5638122558594 104.11338511633333,30.404714254000005,474.5635070800781 104.11338511000001,30.404714255166663,474.5633850097656 104.11338510416667,30.404714256166667,474.5632019042969 104.1133850975,30.404714257666672,474.56298828125 104.1133850915,30.404714259166667,474.5627136230469 104.11338508599998,30.404714261166667,474.5625915527344 104.11338508033333,30.404714263166667,474.5624084472656 104.11338507516666,30.404714264833334,474.5622863769531 104.11338507016664,30.404714266833334,474.5621032714844 104.11338506533332,30.404714269000007,474.5618896484375 104.11338505999998,30.404714271166668,474.5616149902344 104.11338505516666,30.4047142735,474.5611877441406 104.11338505066665,30.4047142755,474.560791015625 104.11338504550001,30.404714277500002,474.560302734375 104.11338504066669,30.404714279333334,474.559814453125 104.11338503699999,30.4047142815,474.55950927734375 104.11338503266667,30.404714283833332,474.5591125488281 104.11338502849999,30.404714286333334,474.55859375 104.11338502316666,30.40471428916667,474.55810546875 104.11338501783332,30.404714292333335,474.5577087402344 104.11338501216666,30.40471429566667,474.55718994140625 104.11338500616667,30.404714297833333,474.556884765625 104.11338500033335,30.4047143015,474.556396484375 104.11338499333334,30.4047143045,474.555908203125 104.11338498850002,30.404714308000003,474.5553894042969 104.11338498366666,30.404714311333336,474.5549011230469 104.11338497933333,30.4047143145,474.55450439453125 104.11338497483334,30.404714318333337,474.5539855957031 104.11338497050001,30.404714321833335,474.5534973144531 104.11338496566665,30.404714325000004,474.5531005859375 104.11338496066668,30.404714328833336,474.5526123046875 104.11338495583335,30.404714332999998,474.5520935058594 104.11338495183334,30.40471433733333,474.551513671875 104.113384948,30.40471434216667,474.5509033203125 104.1133849435,30.40471434716667,474.5504150390625 104.11338493883333,30.40471435216667,474.5498046875 104.11338493383334,30.404714357333333,474.5492858886719 104.11338492900002,30.404714362333333,474.5486145019531 104.113384924,30.404714367166672,474.54791259765625 104.11338491916668,30.404714371666667,474.5472106933594 104.11338491616667,30.404714376166666,474.54638671875 104.11338491366665,30.404714381,474.54559326171875 104.11338491133334,30.404714386000002,474.5447998046875 104.1133849095,30.404714390833334,474.5440979003906 104.11338490816667,30.404714395666666,474.543212890625 104.1133849065,30.4047144005,474.5425109863281 104.11338490600001,30.40471440516667,474.54168701171875 104.11338490533333,30.404714409500002,474.5409851074219 104.11338490433334,30.404714413833336,474.5403137207031 104.11338490333334,30.404714417666668,474.5397033691406 104.11338490266667,30.404714421499996,474.5390930175781 104.11338490166668,30.40471442516667,474.53839111328125 104.11338490033334,30.404714428833337,474.5378112792969 104.11338490016666,30.40471443283333,474.537109375 104.11338489983333,30.404714436499997,474.5365905761719 104.11338489916668,30.40471444066667,474.5361022949219 104.11338489700002,30.40471444483333,474.5356140136719 104.11338489533334,30.404714448166672,474.5351867675781 104.11338489399999,30.40471445166667,474.5347900390625 104.11338489283335,30.404714455666664,474.5343933105469 104.11338489283335,30.404714455666664,474.5343933105469 104.11338489283335,30.404714455666664,474.5343933105469 104.11338489233334,30.404714459499996,474.5340881347656 104.11338489066667,30.404714462833333,474.53399658203125 104.11338488966668,30.404714466000005,474.53399658203125 104.11338488766665,30.404714469833333,474.53399658203125 104.11338488633335,30.40471447333334,474.5340881347656 104.11338488450001,30.404714477666673,474.5342102050781 104.11338488366668,30.4047144815,474.5343017578125 104.11338488216668,30.40471448533334,474.53448486328125 104.11338488133333,30.404714489333333,474.5346984863281 104.11338488066667,30.404714493500002,474.534912109375 104.1133848805,30.404714497833336,474.5350036621094 104.11338488016666,30.404714502,474.5351867675781 104.11338488083332,30.404714505999994,474.5353088378906 104.11338488133333,30.404714509833337,474.5354919433594 104.1133848826667,30.404714514833337,474.5353088378906 104.1133848825,30.404714519333336,474.53509521484375 104.1133848825,30.404714522833334,474.5351867675781 104.1133848826667,30.404714527166668,474.534912109375 104.11338488300001,30.404714531666663,474.53460693359375 104.113384884,30.404714534333337,474.53448486328125 104.11338488366668,30.40471453916667,474.5343933105469 104.11338488300001,30.40471454416667,474.5340881347656 104.11338488316667,30.404714548500003,474.53399658203125 104.11338488333334,30.404714552666665,474.5338134765625 104.113384884,30.404714556500004,474.53350830078125 104.11338488433334,30.404714560333332,474.53338623046875 104.11338488349999,30.404714563833338,474.5332946777344 104.11338488383333,30.40471456683333,474.533203125 104.11338488516667,30.404714569500005,474.5332946777344 104.11338488466666,30.40471457216667,474.53338623046875 104.11338488383333,30.404714575499998,474.53369140625 104.11338488516667,30.404714578666667,474.53399658203125 104.11338488716667,30.4047145805,474.5342102050781 104.11338489066667,30.404714582166672,474.5343933105469 104.1133848946667,30.404714582666664,474.53448486328125 104.11338489816666,30.404714583166665,474.53460693359375 104.11338490266667,30.404714583833332,474.5347900390625 104.11338490633335,30.404714586,474.5350036621094 104.11338490883332,30.404714588666668,474.5351867675781 104.11338491066667,30.40471459133333,474.5354919433594 104.11338491333333,30.40471459333333,474.5357971191406 104.11338491633335,30.404714594666668,474.5361022949219 104.11338491966666,30.404714596166666,474.5364990234375 104.1133849225,30.4047145975,474.53680419921875 104.11338492300001,30.404714599166667,474.5372009277344 104.113384922,30.404714601500007,474.53759765625 104.11338492233332,30.404714603333332,474.53790283203125 104.113384922,30.40471460466667,474.5382995605469 104.11338492283333,30.404714605666666,474.5389099121094 104.11338491233334,30.404714614333336,474.5380859375 104.11338490116667,30.40471462283333,474.53741455078125 104.11338489166668,30.40471463166667,474.5367126464844 104.1133848805,30.404714642500004,474.5360107421875 104.11338487116667,30.40471465283333,474.5354919433594 104.1133848625,30.40471466266667,474.534912109375 104.11338485166668,30.40471467166667,474.53460693359375 104.11338484150002,30.4047146815,474.5343933105469 104.11338483216666,30.404714690666665,474.5340881347656 104.11338482116668,30.40471470033334,474.5338134765625 104.11338481066666,30.4047147115,474.5338134765625 104.1133848005,30.404714720833333,474.53350830078125 104.11338479083332,30.404714730166667,474.5332946777344 104.1133847785,30.404714739666662,474.5329895019531 104.11338476483334,30.404714749666663,474.53271484375 104.11338475166667,30.40471476033333,474.5325012207031 104.11338473966667,30.40471477183333,474.5320129394531 104.11338472800001,30.404714782833338,474.5315856933594 104.11338471633334,30.404714794166665,474.53118896484375 104.11338470783333,30.4047148045,474.5307922363281 104.11338469816668,30.404714814166667,474.5304870605469 104.11338469033333,30.404714824333336,474.5303039550781 104.11338468233336,30.404714834500002,474.53009033203125 104.11338467400002,30.404714844833336,474.5299072265625 104.11338466566667,30.404714854500003,474.5296936035156 104.11338465666668,30.404714864500004,474.52960205078125 104.11338464766669,30.404714873499998,474.5293884277344 104.11338463799999,30.404714882500006,474.5292053222656 104.11338462816667,30.404714891000005,474.52899169921875 104.11338461816668,30.404714899499997,474.5286865234375 104.11338460866668,30.404714908,474.52850341796875 104.11338459816668,30.404714914833335,474.5285949707031 104.11338458766669,30.404714921833335,474.5286865234375 104.11338457916668,30.40471492916667,474.5284118652344 104.11338457033335,30.404714936333335,474.5281066894531 104.11338456133333,30.404714942833333,474.52789306640625 104.11338455266664,30.404714949666662,474.5277099609375 104.11338454416666,30.404714956166668,474.5274963378906 104.113384535,30.404714962833335,474.5273132324219 104.11338452566666,30.40471496983334,474.5271911621094 104.11338451666667,30.40471497683333,474.527099609375 104.11338450783332,30.404714983666665,474.5268859863281 104.11338449933334,30.40471499016667,474.5268859863281 104.11338449000003,30.40471499683333,474.5267028808594 104.11338448083333,30.404715003333333,474.526611328125 104.11338447116667,30.404715008,474.52679443359375 104.11338446016669,30.404715012666664,474.5268859863281 104.11338445016666,30.404715016999997,474.5271911621094 104.11338444083333,30.40471502133333,474.5273132324219 104.11338443150002,30.404715028166667,474.527099609375 104.11338442299999,30.404715033833334,474.52679443359375 104.11338441499998,30.404715039333336,474.5263977050781 104.11338440716666,30.404715044666666,474.5259094238281 104.11338439933336,30.404715049833335,474.5255126953125 104.11338439283332,30.40471505416666,474.52490234375 104.11338438583334,30.40471505866667,474.5244140625 104.11338437866667,30.404715063000005,474.5238037109375 104.11338437116667,30.404715067666668,474.5232849121094 104.11338436400003,30.404715072000002,474.522705078125 104.11338435666669,30.40471507666667,474.5220947265625 104.11338435016665,30.404715081333336,474.5213928222656 104.11338434316667,30.40471508583333,474.52081298828125 104.11338433666668,30.404715090499998,474.5201110839844 104.11338433033335,30.404715094999997,474.5194091796875 104.11338432533333,30.404715098666664,474.5187072753906 104.11338432016667,30.404715102166666,474.51800537109375 104.11338431566668,30.404715105833333,474.5173034667969 104.11338431116667,30.40471510933333,474.5165100097656 104.11338430616668,30.404715112833333,474.51580810546875 104.11338430116666,30.4047151165,474.514892578125 104.11338429616667,30.40471512033334,474.5140075683594 104.11338429133332,30.40471512383333,474.5132141113281 104.11338428666669,30.404715127,474.5122985839844 104.11338428116666,30.4047151305,474.51129150390625 104.11338427566668,30.404715134000007,474.51031494140625 104.11338427000001,30.404715137500002,474.5093994140625 104.1133842645,30.404715141,474.5083923339844 104.113384259,30.404715144333334,474.50750732421875 104.113384253,30.404715148,474.506591796875 104.113384247,30.4047151515,474.5057067871094 104.11338424116666,30.404715155,474.5047912597656 104.1133842355,30.404715158000002,474.50390625 104.11338422916668,30.404715160833334,474.50311279296875 104.113384223,30.404715163500004,474.502197265625 104.11338421733332,30.404715166666662,474.50140380859375 104.1133842115,30.404715169833338,474.5006103515625 104.11338420533332,30.40471517266667,474.4997863769531 104.11338420033336,30.404715175833335,474.4991149902344 104.11338419566667,30.40471517916667,474.498291015625 104.11338419133334,30.404715182500002,474.49749755859375 104.11338418700002,30.404715185999997,474.4967041015625 104.113384183,30.404715188833336,474.49578857421875 104.113384179,30.404715192000005,474.4949951171875 104.11338417466668,30.404715194833337,474.4941101074219 104.11338417016664,30.404715197000005,474.4931945800781 104.11338416483336,30.40471519933334,474.4924011230469 104.11338415916669,30.404715202000006,474.4916076660156 104.11338415416667,30.40471520416667,474.4908142089844 104.11338414850002,30.404715205833337,474.4901123046875 104.11338414366666,30.404715208500004,474.4892883300781 104.11338413966666,30.404715210499997,474.48858642578125 104.1133841355,30.404715212333333,474.4879150390625 104.11338413099999,30.404715212833338,474.48760986328125 104.11338412516668,30.404715213666666,474.4873046875 104.11338411950003,30.40471521483333,474.4870910644531 104.11338411433336,30.404715216999996,474.48651123046875 104.11338410816667,30.404715218333333,474.4862060546875 104.11338410166668,30.404715220166672,474.4859924316406 104.11338409633332,30.40471522133333,474.4856872558594 104.11338409099999,30.404715222333333,474.4855041503906 104.11338408666667,30.404715223333334,474.4851989746094 104.11338408266664,30.404715223500006,474.485107421875 104.11338407916668,30.404715225166672,474.4844970703125 104.1133840755,30.404715226999997,474.4840087890625 104.11338407116668,30.404715228333334,474.4836120605469 104.11338406750002,30.404715229666667,474.48309326171875 104.11338406349999,30.40471523133333,474.4827880859375 104.11338405850002,30.40471523133333,474.4827880859375 104.11338405366665,30.404715232333334,474.4823913574219 104.1133840495,30.404715232166673,474.4825134277344 104.11338404616666,30.404715232166673,474.4820861816406 104.1133840426667,30.404715232333334,474.4818115234375 104.11338403783331,30.404715231999997,474.4814147949219 104.11338403333333,30.404715232666664,474.481201171875 104.11338402833336,30.404715231833332,474.48089599609375 104.11338402499999,30.404715231833332,474.4805908203125 104.11338402150002,30.404715231666668,474.48028564453125 104.11338401566665,30.404715231500006,474.4800109863281 104.11338401249998,30.40471523,474.47979736328125 104.11338401033332,30.4047152295,474.4796142578125 104.1133840085,30.404715229166666,474.47930908203125 104.11338400633335,30.4047152285,474.4790954589844 104.1133840055,30.404715228,474.4787902832031 104.11338400416669,30.404715226666667,474.4786071777344 104.11338400233332,30.404715224,474.4783935546875 104.11338399966668,30.404715222166672,474.47808837890625 104.11338399700001,30.40471521983333,474.4779052734375 104.11338399383334,30.404715216999996,474.4776916503906 104.11338399066666,30.404715214500005,474.47760009765625 104.1133839895,30.404715210833338,474.4775085449219 104.11338398816666,30.404715207333332,474.4773864746094 104.113383987,30.404715205666673,474.477294921875 104.11338398616665,30.40471520416667,474.47711181640625 104.113383996,30.404715200833337,474.4757995605469 104.11338401066666,30.404715196500003,474.4742126464844 104.11338402616666,30.404715192999998,474.47259521484375 104.11338403950002,30.404715189500003,474.47100830078125 104.113384054,30.404715184666664,474.4695129394531 104.1133840665,30.40471518116666,474.4679870605469 104.11338407900001,30.40471517716667,474.46649169921875 104.11338409083334,30.4047151735,474.46490478515625 104.11338410283334,30.404715169333336,474.4635009765625 104.1133841155,30.404715163999995,474.46209716796875 104.11338412949999,30.404715159833337,474.4606018066406 104.1133841435,30.404715155833333,474.4591979980469 104.11338415783332,30.404715151833337,474.4576110839844 104.11338417283334,30.404715147833336,474.456298828125 104.11338418816668,30.404715143500002,474.4548034667969 104.113384203,30.4047151395,474.45330810546875 104.11338421766669,30.404715135500002,474.4518127441406 104.1133842315,30.4047151315,474.4504089355469 104.11338424566667,30.404715127166668,474.4490051269531 104.11338425933334,30.404715123,474.44769287109375 104.11338427350002,30.404715118,474.4462890625 104.11338428749998,30.404715112999998,474.44488525390625 104.11338430033334,30.404715109999998,474.4436950683594 104.11338431300001,30.404715106666664,474.4425964355469 104.11338432516669,30.4047151035,474.4414978027344 104.11338433750001,30.40471509966667,474.4403076171875 104.11338434916667,30.40471509566667,474.4390869140625 104.11338436166668,30.404715092500005,474.43798828125 104.11338437516667,30.40471508666667,474.4366149902344 104.11338438866666,30.404715081499997,474.43548583984375 104.11338440066666,30.40471507666667,474.43438720703125 104.11338441466667,30.40471507166667,474.43328857421875 104.11338442716666,30.404715063000005,474.431884765625 104.1133844345,30.404715060500003,474.4317932128906 104.11338444099998,30.404715056499995,474.431884765625 104.11338444716667,30.404715052666667,474.4320983886719 104.11338445349999,30.404715050333333,474.4317932128906 104.11338445349999,30.404715050333333,474.4317932128906 104.11338445349999,30.404715050333333,474.4317932128906 104.11338445900002,30.4047150465,474.4320983886719 104.11338446650001,30.40471504366667,474.43218994140625 104.11338446650001,30.40471504366667,474.43218994140625 104.11338446650001,30.40471504366667,474.43218994140625 104.11338447150003,30.404715043333333,474.4325866699219 104.11338447150003,30.404715043333333,474.4325866699219 104.11338447783335,30.40471504166667,474.43328857421875 104.11338447783335,30.40471504166667,474.43328857421875 104.11338447783335,30.40471504166667,474.43328857421875 104.113384482,30.404715038333332,474.4335021972656 104.113384482,30.404715038333332,474.4335021972656 104.11338448500001,30.404715030666665,474.43341064453125 104.11338448500001,30.404715030666665,474.43341064453125 104.11338448816666,30.404715022333335,474.4331970214844 104.11338448966666,30.404715017666664,474.43328857421875 104.11338449049998,30.404715011,474.43310546875 104.11338449166668,30.40471500383333,474.4330139160156 104.11338449283333,30.40471499716667,474.43280029296875 104.11338449366669,30.404714990666672,474.4327087402344 104.11338449533334,30.40471498316667,474.4324951171875 104.11338449750002,30.404714976500003,474.43231201171875 104.11338449933334,30.404714970000004,474.4320068359375 104.11338450066667,30.404714963999997,474.43170166015625 104.113384494,30.40471495416667,474.430908203125 104.11338448700002,30.40471494416667,474.4302062988281 104.11338448016669,30.40471493416667,474.4292907714844 104.11338447166668,30.404714921,474.4285888671875 104.11338446266667,30.404714907666673,474.4278869628906 104.11338445516667,30.404714894166666,474.42718505859375 104.11338444700002,30.404714881833332,474.426513671875 104.11338443966667,30.40471486966667,474.4259948730469 104.11338443133333,30.404714857000002,474.4254150390625 104.11338442383334,30.404714844500003,474.4247131347656 104.11338441616665,30.404714832333337,474.42388916015625 104.11338440916667,30.404714820333336,474.423095703125 104.11338440266667,30.404714808833333,474.4222106933594 104.11338439666666,30.404714798,474.4212951660156 104.11338439000002,30.404714786500005,474.4205017089844 104.11338438333333,30.404714775333332,474.4195861816406 104.11338437799999,30.40471476566667,474.4189147949219 104.11338437166667,30.40471475483334,474.4179992675781 104.1133843651667,30.40471474566667,474.41729736328125 104.11338435916666,30.404714736833334,474.4165954589844 104.11338435150002,30.404714727,474.41558837890625 104.11338434400002,30.404714718,474.4148864746094 104.1133843365,30.404714708166665,474.4140930175781 104.1133843285,30.404714699333333,474.4132995605469 104.11338432133336,30.404714689333332,474.41229248046875 104.11338431349998,30.404714679999998,474.4112854003906 104.11338430416667,30.404714671333338,474.4103088378906 104.11338429533335,30.40471466183334,474.4093933105469 104.11338428783336,30.404714652500004,474.4082946777344 104.11338428166667,30.40471464566667,474.40771484375 104.11338427733332,30.404714638333335,474.406494140625 104.11338427233336,30.404714632,474.4053039550781 104.11338426683334,30.404714625500002,474.40411376953125 104.11338426033333,30.40471462,474.40289306640625 104.11338425200002,30.4047146145,474.4017028808594 104.11338424366667,30.404714609166668,474.4012145996094 104.11338423533334,30.404714603333332,474.4006042480469 104.11338422933335,30.404714597333335,474.3995056152344 104.11338422400001,30.404714591166666,474.3982849121094 104.11338421650002,30.404714584833332,474.39788818359375 104.11338420983333,30.40471457883333,474.39678955078125 104.11338420283334,30.40471457283334,474.39581298828125 104.11338419533334,30.404714567333333,474.3952941894531 104.11338418866667,30.404714558833337,474.39459228515625 104.11338418066669,30.404714552833337,474.3941955566406 104.11338417333334,30.404714547000005,474.393798828125 104.11338416466667,30.40471454066667,474.3934020996094 104.11338415533335,30.40471453566667,474.3930969238281 104.11338414450002,30.404714531333337,474.3923034667969 104.113384134,30.404714522333336,474.3915100097656 104.11338412383334,30.404714513500004,474.3905944824219 104.11338411249999,30.40471450416667,474.38970947265625 104.113384101,30.404714496333334,474.3888854980469 104.11338409066667,30.4047144905,474.3882141113281 104.11338408133334,30.404714486333333,474.3877868652344 104.11338407216667,30.404714483,474.38739013671875 104.11338406483335,30.404714477,474.38690185546875 104.11338405666666,30.40471447333334,474.3865051269531 104.11338404916667,30.404714469833333,474.3861083984375 104.11338404116667,30.4047144665,474.3855895996094 104.11338404116667,30.4047144665,474.3855895996094 104.11338404116667,30.4047144665,474.3855895996094 104.11338402499999,30.4047144585,474.3846130371094 104.11338401700002,30.4047144565,474.38360595703125 104.11338400866667,30.404714452999997,474.3830871582031 104.11338400100001,30.404714447333337,474.3822937011719 104.11338399200002,30.404714444000003,474.3817138671875 104.11338398483335,30.404714441499998,474.3811950683594 104.11338397783334,30.404714439166664,474.38018798828125 104.11338397,30.404714435000002,474.3797912597656 104.11338396066667,30.40471443083333,474.3793029785156 104.11338395216666,30.40471442516667,474.37860107421875 104.11338394366668,30.404714420833336,474.37811279296875 104.1133839351667,30.404714416833336,474.3775939941406 104.11338392683335,30.404714413333334,474.3771057128906 104.11338391950001,30.404714407500002,474.3764953613281 104.11338391133336,30.40471440316667,474.3760070800781 104.11338390366667,30.404714400166668,474.3750915527344 104.11338389816669,30.404714395333336,474.3739013671875 104.11338389200002,30.404714390333336,474.372802734375 104.11338388616667,30.404714385666665,474.3716125488281 104.11338387983334,30.404714381999998,474.3703918457031 104.11338387350001,30.4047143785,474.369384765625 104.1133838675,30.404714375166673,474.3682861328125 104.11338386199999,30.404714371999997,474.3674011230469 104.11338385716667,30.404714369166665,474.36639404296875 104.11338385250002,30.404714366166665,474.3655090332031 104.11338385250002,30.404714366166665,474.3655090332031 104.11338385250002,30.404714366166665,474.3655090332031 104.11338384816668,30.404714363,474.36468505859375 104.11338384816668,30.404714363,474.36468505859375 104.11338384333332,30.40471436,474.3638916015625 104.11338384333332,30.40471436,474.3638916015625 104.11338383766667,30.404714357333333,474.3631896972656 104.11338383233333,30.404714355,474.3623962402344 104.11338383233333,30.404714355,474.3623962402344 104.11338383233333,30.404714355,474.3623962402344 104.11338382666668,30.404714351666666,474.3616943359375 104.11338382666668,30.404714351666666,474.3616943359375 104.11338382150001,30.404714348833338,474.3611145019531 104.11338381633334,30.404714345666672,474.36029052734375 104.11338381633334,30.404714345666672,474.36029052734375 104.11338381633334,30.404714345666672,474.36029052734375 104.11338381116666,30.404714343500004,474.3594970703125 104.11338380633333,30.404714340666672,474.3587951660156 104.11338380633333,30.404714340666672,474.3587951660156 104.11338380633333,30.404714340666672,474.3587951660156 104.11338380166666,30.404714337000005,474.35809326171875 104.11338380166666,30.404714337000005,474.35809326171875 104.11338379649999,30.404714333833336,474.3575134277344 104.11338379166666,30.404714330833336,474.35699462890625 104.11338379166666,30.404714330833336,474.35699462890625 104.11338379166666,30.404714330833336,474.35699462890625 104.11338378650002,30.404714327833336,474.3564147949219 104.11338378233336,30.404714323833335,474.3558044433594 104.11338377750003,30.40471431916667,474.35528564453125 104.113383773,30.404714315166668,474.3547058105469 104.113383769,30.4047143115,474.35418701171875 104.113383764,30.4047143075,474.3537902832031 104.11338375866667,30.404714303500004,474.3533935546875 104.11338375333335,30.4047142995,474.3529968261719 104.11338374733332,30.404714295500003,474.3526916503906 104.1133837416667,30.404714292166666,474.3523864746094 104.11338373633333,30.404714288833333,474.35211181640625 104.11338373049999,30.404714285833332,474.351806640625 104.11338372516666,30.404714282333334,474.3515930175781 104.1133837201667,30.40471427883333,474.3514099121094 104.11338371466667,30.40471427533334,474.3511962890625 104.11338370916668,30.404714271666666,474.35101318359375 104.11338370316669,30.4047142685,474.35089111328125 104.11338369833332,30.404714264499997,474.3507995605469 104.1133836935,30.404714261333332,474.3507080078125 104.11338368866667,30.404714258166667,474.3505859375 104.113383683,30.404714255,474.3504943847656 104.11338367750002,30.404714252166666,474.35040283203125 104.1133836725,30.40471424883334,474.35040283203125 104.11338366816666,30.404714245333338,474.3503112792969 104.113383664,30.404714242833332,474.3501892089844 104.11338366016669,30.404714240166665,474.35009765625 104.11338365616666,30.40471423733333,474.3500061035156 104.11338365166668,30.404714234166665,474.34991455078125 104.1133836475,30.404714231499998,474.34979248046875 104.11338364366665,30.40471422816667,474.3497009277344 104.11338363983332,30.40471422516667,474.349609375 104.1133836365,30.404714222166664,474.3494873046875 104.11338363233332,30.40471421933333,474.3494873046875 104.11338362900001,30.40471421733334,474.3493957519531 104.1133836246667,30.40471421516667,474.3493957519531 104.11338362066667,30.404714212166663,474.3494873046875 104.11338361683332,30.404714208499996,474.34991455078125 104.1133836125,30.404714206,474.3505859375 104.11338360916668,30.40471420316667,474.3507080078125 104.11338360583335,30.40471420166667,474.35101318359375 104.11338360316668,30.404714197666667,474.35101318359375 104.11338359933333,30.404714194666667,474.3511962890625 104.11338359633335,30.404714192666667,474.351806640625 104.11338359316667,30.404714191000004,474.352294921875 104.11338358933332,30.40471419116667,474.35260009765625 104.11338358433335,30.40471419166667,474.3529052734375 104.11338357983334,30.404714193000004,474.35321044921875 104.11338357616665,30.404714193000004,474.3533935546875 104.11338357366668,30.404714190500002,474.3533935546875 104.11338356766667,30.404714187666666,474.3534851074219 104.11338356183333,30.40471418666667,474.3534851074219 104.11338355616665,30.404714185,474.35369873046875 104.11338355016666,30.404714183166668,474.3536071777344 104.11338354483333,30.404714181500008,474.3536071777344 104.11338354050001,30.404714180333336,474.3536071777344 104.11338353383334,30.404714179166668,474.35369873046875 104.11338352883335,30.404714177833327,474.3533020019531 104.11338352299998,30.4047141755,474.35369873046875 104.11338351483334,30.404714177333336,474.3544006347656 104.11338350566668,30.4047141795,474.3551940917969 104.11338350566668,30.4047141795,474.3551940917969 104.11338350566668,30.4047141795,474.3551940917969 104.113383496,30.404714182,474.3608093261719 104.11338354433335,30.404714126,474.66778564453125 104.11338354433335,30.404714126,474.66778564453125 104.11338368,30.404714022500006,474.97698974609375 104.11338368,30.404714022500006,474.97698974609375 104.11338368,30.404714022500006,474.97698974609375 104.1133840641667,30.40471396866667,475.3315124511719 104.11338425400001,30.404713929500005,475.5639953613281 104.11338437566668,30.404713940166673,475.78228759765625 104.11338446016669,30.404713975333333,475.99481201171875 104.113384538,30.4047140375,476.2174987792969 104.11338454283333,30.404714128500004,476.4374084472656 104.11338462,30.40471415833333,476.6643981933594 104.11338464216666,30.404714172833327,476.8955078125 104.11338451049998,30.40471422016667,477.1336975097656 104.11338436366667,30.404714259666672,477.3724060058594 104.11338423133334,30.404714305000002,477.6083068847656 104.11338406116667,30.404714356666666,477.84271240234375 104.1133839645,30.40471443566667,478.139404296875 104.11338382333332,30.40471451416667,478.52740478515625 104.11338369816667,30.404714578,478.86749267578125 104.11338360399999,30.40471465816667,479.1838073730469 104.11338354950001,30.40471474566667,479.51800537109375 104.11338353233332,30.40471483416667,479.8450927734375 104.11338359466666,30.404714897166667,480.15020751953125 104.11338366849998,30.404714919333333,480.4627990722656 104.11338370416667,30.404714834833335,480.76409912109375 104.11338374666667,30.40471473916667,481.06890869140625 104.11338379666668,30.404714624833336,481.3711853027344 104.11338387066668,30.404714471666665,481.6736145019531 104.11338387066668,30.404714471666665,481.6736145019531 104.11338387066668,30.404714471666665,481.6736145019531 104.11338392466666,30.404714330999997,481.9751892089844 104.11338402116668,30.404714098833335,482.56280517578125 104.1133840865,30.40471402766667,482.8572998046875 104.11338415183334,30.404713977333337,483.1534118652344 104.11338415183334,30.404713977333337,483.1534118652344 104.11338415183334,30.404713977333337,483.1534118652344 104.113384231,30.404713949833333,483.4381103515625 104.11338429516667,30.404713953999998,483.730712890625 104.11338430166667,30.404713940333334,484.0244140625 104.11338430166667,30.404713940333334,484.0244140625 104.11338432833334,30.404713932333333,484.3168029785156 104.11338432833334,30.404713932333333,484.3168029785156 104.11338436183333,30.404713936999997,484.6119079589844 104.11338438516664,30.40471389866667,485.48858642578125 104.11338438516664,30.40471389866667,485.48858642578125 104.11338438516664,30.40471389866667,485.48858642578125 104.11338435916666,30.404713851333334,485.7814025878906 104.11338433783334,30.404713796833338,486.073486328125 104.11338433783334,30.404713796833338,486.073486328125 104.11338433783334,30.404713796833338,486.073486328125 104.11338429366667,30.404713763499995,486.3641052246094 104.11338429366667,30.404713763499995,486.3641052246094 104.11338429466666,30.40471370716667,486.6513977050781 104.11338429466666,30.40471370716667,486.6513977050781 104.11338424833333,30.404713660999995,487.2196960449219 104.11338424833333,30.404713660999995,487.2196960449219 104.11338424833333,30.404713660999995,487.2196960449219 104.11338422366667,30.4047136675,487.78759765625 104.11338422366667,30.4047136675,487.78759765625 104.11338422366667,30.4047136675,487.78759765625 104.11338414816667,30.404713643500003,488.3490905761719 104.11338414816667,30.404713643500003,488.3490905761719 104.11338414816667,30.404713643500003,488.3490905761719 104.11338414066668,30.404713683500002,488.6286926269531 104.11338414066668,30.404713683500002,488.6286926269531 104.11338413633332,30.404713724666667,488.90509033203125 104.11338413633332,30.404713724666667,488.90509033203125 104.113384102,30.40471378483333,489.1828918457031 104.113384102,30.40471378483333,489.1828918457031 104.11338407366665,30.404713851833336,489.45941162109375 104.11338407366665,30.404713851833336,489.45941162109375 104.11338403566666,30.404713907000005,489.7395935058594 104.11338399550002,30.404713965666666,490.02520751953125 104.11338399550002,30.404713965666666,490.02520751953125 104.11338399550002,30.404713965666666,490.02520751953125 104.11338397383334,30.404714032166666,490.30029296875 104.11338397383334,30.404714032166666,490.30029296875 104.11338394216668,30.40471410816667,490.5889892578125 104.11338394216668,30.40471410816667,490.5889892578125 104.11338391550001,30.404714167166674,490.8674011230469 104.11338391550001,30.404714167166674,490.8674011230469 104.11338390183333,30.404714236833332,491.1470031738281 104.11338395466669,30.404714369666667,491.69390869140625 104.11338395466669,30.404714369666667,491.69390869140625 104.11338395466669,30.404714369666667,491.69390869140625 104.11338396816666,30.404714430333335,491.96868896484375 104.11338396816666,30.404714430333335,491.96868896484375 104.11338395333333,30.404714563,492.5118103027344 104.11338395333333,30.404714563,492.5118103027344 104.11338395333333,30.404714563,492.5118103027344 104.11338390416668,30.404714602,492.7897033691406 104.11338390416668,30.404714602,492.7897033691406 104.11338387633333,30.404714661333337,493.0434875488281 104.11338387633333,30.404714661333337,493.0434875488281 104.11338385350001,30.4047147065,493.2200927734375 104.11338385350001,30.4047147065,493.2200927734375 104.11338384333332,30.4047147315,493.3728942871094 104.11338384333332,30.4047147315,493.3728942871094 104.11338380833334,30.40471476033333,493.50640869140625 104.113383801,30.404714794666667,493.61138916015625 104.113383801,30.404714794666667,493.61138916015625 104.113383801,30.404714794666667,493.61138916015625 104.11338377466667,30.40471477633334,493.7012023925781 104.11338377466667,30.40471477633334,493.7012023925781 104.11338373816668,30.404714805333334,493.7828063964844 104.11338373816668,30.404714805333334,493.7828063964844 104.11338370233335,30.404714788500005,493.8468017578125 104.11338370233335,30.404714788500005,493.8468017578125 104.11338365816667,30.404714779500004,493.90020751953125 104.113383646,30.404714768999998,493.94720458984375 104.113383646,30.404714768999998,493.94720458984375 104.113383646,30.404714768999998,493.94720458984375 104.11338354383334,30.404714710666667,493.9833068847656 104.11338354383334,30.404714710666667,493.9833068847656 104.11338346133336,30.4047146785,494.0195007324219 104.11338346133336,30.4047146785,494.0195007324219 104.11338341233336,30.404714651499997,494.0447998046875 104.11338341233336,30.404714651499997,494.0447998046875 104.11338337650002,30.404714611166668,494.0646057128906 104.11338334333335,30.404714573666666,494.0801086425781 104.11338334333335,30.404714573666666,494.0801086425781 104.11338333,30.404714542833336,494.0946044921875 104.11338333,30.404714542833336,494.0946044921875 104.11338334766667,30.40471453716667,494.1069030761719 104.11338334766667,30.40471453716667,494.1069030761719 104.11338334766667,30.40471453716667,494.1069030761719 104.1133833725,30.40471451466666,494.11309814453125 104.1133833725,30.40471451466666,494.11309814453125 104.11338342449999,30.40471447383333,494.099609375 104.11338342449999,30.40471447383333,494.099609375 104.11338353283332,30.404714364666667,494.05340576171875 104.11338353283332,30.404714364666667,494.05340576171875 104.11338365733333,30.404714245666664,494.0483093261719 104.11338365733333,30.404714245666664,494.0483093261719 104.11338380133334,30.404714145666674,494.0429992675781 104.11338380133334,30.404714145666674,494.0429992675781 104.11338393200002,30.40471408666666,494.0320129394531 104.11338393200002,30.40471408666666,494.0320129394531 104.11338402750002,30.40471402766667,494.03070068359375 104.11338408283333,30.404713988833336,494.03570556640625 104.11338408283333,30.404713988833336,494.03570556640625 104.11338408283333,30.404713988833336,494.03570556640625 104.11338413316669,30.404713962166674,494.03741455078125 104.11338413316669,30.404713962166674,494.03741455078125 104.11338417249999,30.404713940333334,494.0389099121094 104.11338417249999,30.404713940333334,494.0389099121094 104.11338420216667,30.404713936833332,494.03619384765625 104.11338420216667,30.404713936833332,494.03619384765625 104.11338422316666,30.40471393083334,494.03338623046875 104.11338422316666,30.40471393083334,494.03338623046875 104.11338346783333,30.404714569,494.05340576171875 104.11338346783333,30.404714569,494.05340576171875 104.11338346783333,30.404714569,494.05340576171875 104.11338216183333,30.40471578333334,494.0744934082031 104.1133776035,30.404720279166668,494.0924987792969 104.1133776035,30.404720279166668,494.0924987792969 104.1133776035,30.404720279166668,494.0924987792969 104.11337442733333,30.404723511,494.1018981933594 104.11337068566665,30.404727447833338,494.106689453125 104.11336153283334,30.404737096999998,494.1039123535156 104.11336153283334,30.404737096999998,494.1039123535156 104.11336153283334,30.404737096999998,494.1039123535156 104.11335615300001,30.404742819333332,494.08819580078125 104.11335615300001,30.404742819333332,494.08819580078125 104.11335021750003,30.404749081000002,494.0716857910156 104.11335021750003,30.404749081000002,494.0716857910156 104.1133438615,30.404755566000006,494.0559997558594 104.11333732366666,30.40476185016667,494.0277099609375 104.11333732366666,30.40476185016667,494.0277099609375 104.11333732366666,30.40476185016667,494.0277099609375 104.11333095050001,30.404768018833337,494.0021057128906 104.11333095050001,30.404768018833337,494.0021057128906 104.11332468133332,30.404774079333333,493.98291015625 104.11332468133332,30.404774079333333,493.98291015625 104.11331839566668,30.404780096666666,493.9634094238281 104.11331839566668,30.404780096666666,493.9634094238281 104.11331211599999,30.40478612016667,493.9359130859375 104.11331211599999,30.40478612016667,493.9359130859375 104.11329945066667,30.404798273666664,493.8684997558594 104.11329945066667,30.404798273666664,493.8684997558594 104.11329945066667,30.404798273666664,493.8684997558594 104.11329304533336,30.404804451666674,493.8340148925781 104.11328658866667,30.40481062433333,493.80609130859375 104.11328658866667,30.40481062433333,493.80609130859375 104.11328658866667,30.40481062433333,493.80609130859375 104.11328008333334,30.404816888666666,493.78070068359375 104.11328008333334,30.404816888666666,493.78070068359375 104.113273553,30.404823196166664,493.7406921386719 104.113273553,30.404823196166664,493.7406921386719 104.11326700033332,30.404829638500004,493.7027893066406 104.11326700033332,30.404829638500004,493.7027893066406 104.11326037166668,30.404836170000003,493.6673889160156 104.11326037166668,30.404836170000003,493.6673889160156 104.11325370866668,30.404842811000005,493.6188049316406 104.1132470685,30.40484947116667,493.57659912109375 104.1132470685,30.40484947116667,493.57659912109375 104.1132470685,30.40484947116667,493.57659912109375 104.11324041349998,30.404856168,493.5462951660156 104.11324041349998,30.404856168,493.5462951660156 104.11323373416666,30.404862861,493.5036926269531 104.1132270255,30.404869585166665,493.46038818359375 104.11322033233334,30.40487630833334,493.4173889160156 104.11321362466667,30.404883079000005,493.37451171875 104.11320689633334,30.404889873499997,493.33331298828125 104.11320006866666,30.404896730333338,493.3049011230469 104.11319325166667,30.404903597666664,493.27569580078125 104.11318641949998,30.404910490166667,493.2486877441406 104.11317957716668,30.4049173525,493.2218933105469 104.11317275783334,30.404924233833334,493.18829345703125 104.11316590783333,30.404931056333336,493.1506042480469 104.1131592355,30.404938195,493.09710693359375 104.11315247666668,30.404945259833333,493.0364074707031 104.11314574499998,30.404952311333336,492.9742126464844 104.11313902900002,30.404959273000003,492.9198913574219 104.1131322865,30.404966225333336,492.8573913574219 104.11312553283332,30.404973203,492.7919006347656 104.11311874416667,30.404980234333337,492.72021484375 104.11309263249998,30.405007168666664,492.4455871582031 104.11309263249998,30.405007168666664,492.4455871582031 104.11309263249998,30.405007168666664,492.4455871582031 104.11308720266666,30.405013476,492.2943115234375 104.113068535,30.405033467500004,491.8857116699219 104.113068535,30.405033467500004,491.8857116699219 104.113068535,30.405033467500004,491.8857116699219 104.11306458066667,30.40503734666667,491.83050537109375 104.11306458066667,30.40503734666667,491.83050537109375 104.11305746433334,30.4050438155,491.735107421875 104.11305163450001,30.405048966,491.67138671875 104.11305163450001,30.405048966,491.67138671875 104.11305163450001,30.405048966,491.67138671875 104.11304908066667,30.405051061499996,491.6510925292969 104.11304672616667,30.405052834833334,491.63018798828125 104.11304672616667,30.405052834833334,491.63018798828125 104.11304672616667,30.405052834833334,491.63018798828125 104.11304462166666,30.405054262666667,491.6188049316406 104.11304462166666,30.405054262666667,491.6188049316406 104.11304271183332,30.405055443166667,491.627685546875 104.11304271183332,30.405055443166667,491.627685546875 104.11304102133333,30.405056373666667,491.64410400390625 104.11304102133333,30.405056373666667,491.64410400390625 104.11303952016665,30.40505707866667,491.6654968261719 104.11303815900003,30.405057595833334,491.6946105957031 104.11303815900003,30.405057595833334,491.6946105957031 104.11303815900003,30.405057595833334,491.6946105957031 104.113036939,30.40505798383333,491.7229919433594 104.113036939,30.40505798383333,491.7229919433594 104.11303591783332,30.405058259333337,491.7491149902344 104.1130350775,30.405058488500003,491.775390625 104.11303434083334,30.405058661166667,491.80499267578125 104.11303372066668,30.405058763666666,491.8409118652344 104.11303323383333,30.405058834000005,491.8735046386719 104.11303283766668,30.405058831833333,491.90521240234375 104.11303254533335,30.405058831833333,491.9364929199219 104.11303283100001,30.405058283666666,492.0296936035156 104.11303332850001,30.405058035999996,492.060302734375 104.11303332850001,30.405058035999996,492.060302734375 104.11303332850001,30.405058035999996,492.060302734375 104.113033579,30.405057959833332,492.0797119140625 104.113033579,30.405057959833332,492.0797119140625 104.11303411966668,30.405058028833334,492.1162109375 104.11303443333333,30.405058193666665,492.1344909667969 104.11303443333333,30.405058193666665,492.1344909667969 104.11303443333333,30.405058193666665,492.1344909667969 104.11303477666668,30.405058437,492.162109375 104.1130351175,30.405058714,492.18890380859375 104.1130351175,30.405058714,492.18890380859375 104.1130351175,30.405058714,492.18890380859375 104.11303541050002,30.40505900733333,492.2228088378906 104.11303541050002,30.40505900733333,492.2228088378906 104.11303566816667,30.40505929,492.2687072753906 104.11303566816667,30.40505929,492.2687072753906 104.11303582183334,30.405059540833335,492.314697265625 104.11303582183334,30.405059540833335,492.314697265625 104.11303582216667,30.405059742333336,492.35369873046875 104.11303577666669,30.405059929333333,492.3894958496094 104.11303577666669,30.405059929333333,492.3894958496094 104.11303577666669,30.405059929333333,492.3894958496094 104.11303568033334,30.405060088333336,492.4193115234375 104.11303568033334,30.405060088333336,492.4193115234375 104.11303555566667,30.405060200999998,492.4413146972656 104.11303555566667,30.405060200999998,492.4413146972656 104.11303545016666,30.405060305500005,492.4577941894531 104.11303545016666,30.405060305500005,492.4577941894531 104.11303537500001,30.40506038666667,492.4668884277344 104.11303525033334,30.40506038166667,492.4668884277344 104.11303525033334,30.40506038166667,492.4668884277344 104.11303525033334,30.40506038166667,492.4668884277344 104.11303479283335,30.405059990999998,492.4814147949219 104.11303479283335,30.405059990999998,492.4814147949219 104.1130336145,30.405059181166667,492.50531005859375 104.1130336145,30.405059181166667,492.50531005859375 104.11303173550002,30.40505810466667,492.525390625 104.11303173550002,30.40505810466667,492.525390625 104.11302913916668,30.405056699166668,492.5238952636719 104.11302913916668,30.405056699166668,492.5238952636719 104.1130258205,30.405054924166663,492.52789306640625 104.1130258205,30.405054924166663,492.52789306640625 104.11302185866668,30.40505276216666,492.53399658203125 104.11302185866668,30.40505276216666,492.53399658203125 104.113017227,30.405050288166667,492.5409851074219 104.113017227,30.405050288166667,492.5409851074219 104.11301186566666,30.405047474833335,492.5461120605469 104.113005818,30.405044276333335,492.5528869628906 104.113005818,30.405044276333335,492.5528869628906 104.11299911233334,30.405040719666665,492.55511474609375 104.11299911233334,30.405040719666665,492.55511474609375 104.11299172483331,30.405036793999997,492.5509033203125 104.11299172483331,30.405036793999997,492.5509033203125 104.11299172483331,30.405036793999997,492.5509033203125 104.11298386450001,30.405032467,492.5447998046875 104.11298386450001,30.405032467,492.5447998046875 104.11297590283334,30.405027979000003,492.5436096191406 104.11297590283334,30.405027979000003,492.5436096191406 104.11296802166669,30.405023562500002,492.548095703125 104.11296802166669,30.405023562500002,492.548095703125 104.11296021349999,30.405019209833338,492.55010986328125 104.11296021349999,30.405019209833338,492.55010986328125 104.11295241000002,30.405014886833335,492.5534973144531 104.11295241000002,30.405014886833335,492.5534973144531 104.11294459316666,30.40501053033334,492.54840087890625 104.11294459316666,30.40501053033334,492.54840087890625 104.11293672450002,30.405006119499998,492.5459899902344 104.11293672450002,30.405006119499998,492.5459899902344 104.112928816,30.40500170333333,492.5517883300781 104.112928816,30.40500170333333,492.5517883300781 104.11292091016666,30.404997218000005,492.5439147949219 104.11292091016666,30.404997218000005,492.5439147949219 104.11291297750002,30.404992738333334,492.5120849609375 104.11291297750002,30.404992738333334,492.5120849609375 104.11290491416666,30.404988299833338,492.49371337890625 104.11290491416666,30.404988299833338,492.49371337890625 104.11289682233335,30.40498383,492.48980712890625 104.11288864649998,30.404979341333334,492.4773864746094 104.11288864649998,30.404979341333334,492.4773864746094 104.11288864649998,30.404979341333334,492.4773864746094 104.11288040716667,30.40497488266667,492.4668884277344 104.11288040716667,30.40497488266667,492.4668884277344 104.1128720315,30.404970408833332,492.4576110839844 104.1128720315,30.404970408833332,492.4576110839844 104.11286362216669,30.404965926500005,492.4460144042969 104.11286362216669,30.404965926500005,492.4460144042969 104.11285520516668,30.404961446500003,492.4230041503906 104.11285520516668,30.404961446500003,492.4230041503906 104.11284678833331,30.4049569805,492.4049987792969 104.11284678833331,30.4049569805,492.4049987792969 104.11283833800003,30.40495250416667,492.385986328125 104.11283833800003,30.40495250416667,492.385986328125 104.11282984100002,30.404948067333333,492.35791015625 104.11282984100002,30.404948067333333,492.35791015625 104.112821323,30.404943614333337,492.33221435546875 104.112821323,30.404943614333337,492.33221435546875 104.11281278966666,30.404939174833334,492.3067932128906 104.11281278966666,30.404939174833334,492.3067932128906 104.11280421733335,30.404934667,492.28399658203125 104.11280421733335,30.404934667,492.28399658203125 104.11279559583333,30.40493013083334,492.260498046875 104.11279559583333,30.40493013083334,492.260498046875 104.11278696833334,30.404925569833335,492.23480224609375 104.11278696833334,30.404925569833335,492.23480224609375 104.11277830683333,30.40492097483333,492.2142028808594 104.11277830683333,30.40492097483333,492.2142028808594 104.11276962033335,30.404916330166667,492.1893005371094 104.11276090550001,30.40491163016667,492.1466979980469 104.11276090550001,30.40491163016667,492.1466979980469 104.11276090550001,30.40491163016667,492.1466979980469 104.11275214566669,30.4049069475,492.1023864746094 104.11275214566669,30.4049069475,492.1023864746094 104.11274330683332,30.404902337,492.07611083984375 104.11274330683332,30.404902337,492.07611083984375 104.11273449266668,30.404897727833333,492.0508117675781 104.11273449266668,30.404897727833333,492.0508117675781 104.11272572483335,30.404893022166668,492.0318908691406 104.11271693716665,30.40488835333333,492.00860595703125 104.11271693716665,30.40488835333333,492.00860595703125 104.11271693716665,30.40488835333333,492.00860595703125 104.11270821066667,30.404883736666672,491.9822998046875 104.11270821066667,30.404883736666672,491.9822998046875 104.11269948400002,30.404879083166662,491.9518127441406 104.11269948400002,30.404879083166662,491.9518127441406 104.11269073383335,30.404874422333332,491.9211120605469 104.11269073383335,30.404874422333332,491.9211120605469 104.11268198466666,30.404869771833337,491.8905029296875 104.11267345916667,30.404865233833334,491.8616027832031 104.11267345916667,30.404865233833334,491.8616027832031 104.11267345916667,30.404865233833334,491.8616027832031 104.11266547683331,30.4048608875,491.86480712890625 104.11266547683331,30.4048608875,491.86480712890625 104.11265797283333,30.40485674966667,491.8631896972656 104.11265797283333,30.40485674966667,491.8631896972656 104.11265100816668,30.404852938666664,491.8326110839844 104.11265100816668,30.404852938666664,491.8326110839844 104.112644457,30.40484937483333,491.8089904785156 104.11263831266668,30.40484602166667,491.79681396484375 104.11263831266668,30.40484602166667,491.79681396484375 104.11263831266668,30.40484602166667,491.79681396484375 104.11263255333333,30.40484291066667,491.793212890625 104.11263255333333,30.40484291066667,491.793212890625 104.11262713,30.40484004733333,491.7919006347656 104.11262713,30.40484004733333,491.7919006347656 104.11261755666669,30.4048351645,491.7936096191406 104.11261755666669,30.4048351645,491.7936096191406 104.11261755666669,30.4048351645,491.7936096191406 104.11261338433333,30.4048330165,491.7947998046875 104.11261338433333,30.4048330165,491.7947998046875 104.11260054733332,30.404826241833334,491.8117980957031 104.11260054733332,30.404826241833334,491.8117980957031 104.11260054733332,30.404826241833334,491.8117980957031 104.11259818483335,30.404824908666665,491.8203125 104.11259612366668,30.404823690833336,491.830810546875 104.11259272500001,30.404821689333332,491.85980224609375 104.11259272500001,30.404821689333332,491.85980224609375 104.11259272500001,30.404821689333332,491.85980224609375 104.11259133916667,30.404820908333335,491.8778076171875 104.11259133916667,30.404820908333335,491.8778076171875 104.11259012000001,30.404820221999998,491.8941955566406 104.11259012000001,30.404820221999998,491.8941955566406 104.1125890511667,30.40481964083333,491.9198913574219 104.1125890511667,30.40481964083333,491.9198913574219 104.11258812616667,30.4048191325,491.9465026855469 104.11258812616667,30.4048191325,491.9465026855469 104.11258733133334,30.404818694666666,491.97808837890625 104.11258733133334,30.404818694666666,491.97808837890625 104.11258666833335,30.40481832866667,492.0166015625 104.112586107,30.404818037666672,492.0452880859375 104.112586107,30.404818037666672,492.0452880859375 104.112586107,30.404818037666672,492.0452880859375 104.11258560133335,30.404817812000005,492.07708740234375 104.11258560133335,30.404817812000005,492.07708740234375 104.11258523083335,30.404817624666666,492.10809326171875 104.11258523083335,30.404817624666666,492.10809326171875 104.11258513083334,30.404817631333334,492.1341857910156 104.11258513083334,30.404817631333334,492.1341857910156 104.11258522150001,30.404817719999997,492.1593017578125 104.11258537500001,30.4048178575,492.1824951171875 104.11258537500001,30.4048178575,492.1824951171875 104.11258537500001,30.4048178575,492.1824951171875 104.11258551650002,30.40481802216667,492.20550537109375 104.11258551650002,30.40481802216667,492.20550537109375 104.11258563400001,30.404818160166663,492.23040771484375 104.11258563400001,30.404818160166663,492.23040771484375 104.11258574683335,30.404818310333333,492.2550964355469 104.11258574683335,30.404818310333333,492.2550964355469 104.11258585499999,30.404818491333334,492.2777099609375 104.11258585499999,30.404818491333334,492.2777099609375 104.11258595016668,30.404818691500004,492.3009033203125 104.11258595016668,30.404818691500004,492.3009033203125 104.11258603883334,30.404818906166664,492.3233947753906 104.11258603883334,30.404818906166664,492.3233947753906 104.11258613083335,30.404819101666664,492.3453063964844 104.11258613083335,30.404819101666664,492.3453063964844 104.11258618833334,30.404819296666663,492.36761474609375 104.11258618833334,30.404819296666663,492.36761474609375 104.11258623366668,30.40481950266667,492.3887939453125 104.11258623366668,30.40481950266667,492.3887939453125 104.1125862545,30.404819720166667,492.4106140136719 104.11258624766666,30.404819942999996,492.4328918457031 104.11258624766666,30.404819942999996,492.4328918457031 104.11258624766666,30.404819942999996,492.4328918457031 104.11258622983331,30.404820163833335,492.45361328125 104.11258622983331,30.404820163833335,492.45361328125 104.11258614733333,30.40482037116667,492.4739074707031 104.11258614733333,30.40482037116667,492.4739074707031 104.11258604849999,30.4048205285,492.5015869140625 104.11258604849999,30.4048205285,492.5015869140625 104.11258592866668,30.40482067716667,492.53009033203125 104.11258587416667,30.404820698333335,492.5559997558594 104.11258587416667,30.404820698333335,492.5559997558594 104.11258587416667,30.404820698333335,492.5559997558594 104.1125858775,30.404820651833333,492.5813903808594 104.1125858775,30.404820651833333,492.5813903808594 104.11258590383335,30.40482059416667,492.6039123535156 104.11258590383335,30.40482059416667,492.6039123535156 104.11258596033333,30.404820559666675,492.62091064453125 104.1125860305,30.404820524000005,492.6408996582031 104.1125860305,30.404820524000005,492.6408996582031 104.1125860305,30.404820524000005,492.6408996582031 104.11258610016665,30.40482053583333,492.6559143066406 104.11258610016665,30.40482053583333,492.6559143066406 104.11258621933334,30.404820516833333,492.67279052734375 104.11258621933334,30.404820516833333,492.67279052734375 104.112586537,30.404820395000005,492.68939208984375 104.112586537,30.404820395000005,492.68939208984375 104.11258730899999,30.404819892166667,492.7161865234375 104.11258869066666,30.404818754,492.7456970214844 104.11258869066666,30.404818754,492.7456970214844 104.11258869066666,30.404818754,492.7456970214844 104.11259062883333,30.404816965500004,492.7616882324219 104.11259062883333,30.404816965500004,492.7616882324219 104.11259306400002,30.404814598166663,492.7782897949219 104.11259306400002,30.404814598166663,492.7782897949219 104.112596061,30.404811614,492.7961120605469 104.112596061,30.404811614,492.7961120605469 104.11259960150002,30.404808010833335,492.81298828125 104.11260372,30.404803815,492.8346862792969 104.11260372,30.404803815,492.8346862792969 104.11260372,30.404803815,492.8346862792969 104.1126083595,30.40479901716667,492.85809326171875 104.1126083595,30.40479901716667,492.85809326171875 104.1126136191667,30.404793625000003,492.87921142578125 104.11261940116668,30.404787740166668,492.8837890625 104.11261940116668,30.404787740166668,492.8837890625 104.11261940116668,30.404787740166668,492.8837890625 104.11262556433334,30.40478146233334,492.8902893066406 104.11262556433334,30.40478146233334,492.8902893066406 104.11263177650001,30.404775187666672,492.90289306640625 104.11263177650001,30.404775187666672,492.90289306640625 104.11263792883334,30.404769011666666,492.91778564453125 104.11263792883334,30.404769011666666,492.91778564453125 104.11264404783333,30.404762888166672,492.93701171875 104.11265016716668,30.404756743000004,492.95379638671875 104.11265630499999,30.404750631666673,492.9696960449219 104.11266246966667,30.404744486833337,492.97369384765625 104.11266870683333,30.40473826733333,492.9903869628906 104.11267500816668,30.404732023666668,493.005615234375 104.1126813715,30.404725659000007,493.01031494140625 104.11268774950001,30.404719232,493.0152893066406 104.112694167,30.404712777666667,493.023193359375 104.11270058366667,30.404706267500003,493.03961181640625 104.11270698633335,30.404699727999997,493.05828857421875 104.11271335416669,30.404693156333334,493.0798034667969 104.11271961483334,30.404686538000004,493.1018981933594 104.11272588583334,30.404679880166672,493.1152038574219 104.11273212316667,30.404673205,493.12860107421875 104.11273834966666,30.40466653516667,493.1448059082031 104.11274460966668,30.404659849166666,493.1567077636719 104.11275091883331,30.404653120833338,493.1554870605469 104.11275729050001,30.40464634766667,493.14569091796875 104.11276369383334,30.404639545499997,493.13690185546875 104.11277013133335,30.404632705833336,493.1358947753906 104.11277658350001,30.404625875833336,493.1376037597656 104.11277658350001,30.404625875833336,493.1376037597656 104.11277658350001,30.404625875833336,493.1376037597656 104.11278303733334,30.404619053666668,493.1343994140625 104.11278952633333,30.404612222500003,493.1299133300781 104.11278952633333,30.404612222500003,493.1299133300781 104.1127960405,30.404605417166668,493.1282043457031 104.1127960405,30.404605417166668,493.1282043457031 104.11280257349999,30.40459862416667,493.1409912109375 104.11280257349999,30.40459862416667,493.1409912109375 104.11280257349999,30.40459862416667,493.1409912109375 104.11280913333334,30.404591827,493.1506042480469 104.11280913333334,30.404591827,493.1506042480469 104.112815715,30.404585017833334,493.1600036621094 104.11282225316667,30.404578207000004,493.17559814453125 104.11282225316667,30.404578207000004,493.17559814453125 104.11282225316667,30.404578207000004,493.17559814453125 104.11282880083333,30.404571407833334,493.19268798828125 104.11282880083333,30.404571407833334,493.19268798828125 104.11283537450001,30.4045646075,493.21209716796875 104.11283537450001,30.4045646075,493.21209716796875 104.11284863849998,30.404551009000002,493.2522888183594 104.11284863849998,30.404551009000002,493.2522888183594 104.11284863849998,30.404551009000002,493.2522888183594 104.11285525183332,30.404544230333332,493.2611083984375 104.11285525183332,30.404544230333332,493.2611083984375 104.11286168416667,30.404537596500003,493.26959228515625 104.11287349916667,30.404525401500003,493.29400634765625 104.11287349916667,30.404525401500003,493.29400634765625 104.11287349916667,30.404525401500003,493.29400634765625 104.11287877033335,30.40451982516667,493.30859375 104.11287877033335,30.40451982516667,493.30859375 104.11288366816667,30.404514621166665,493.32470703125 104.11288366816667,30.404514621166665,493.32470703125 104.11288815133334,30.404509795166675,493.34539794921875 104.11288815133334,30.404509795166675,493.34539794921875 104.11289595316666,30.404501125833335,493.36151123046875 104.11289595316666,30.404501125833335,493.36151123046875 104.11289595316666,30.404501125833335,493.36151123046875 104.11289941566666,30.404497289500004,493.3750915527344 104.11289941566666,30.404497289500004,493.3750915527344 104.11290259399999,30.404493782833335,493.3861083984375 104.11290259399999,30.404493782833335,493.3861083984375 104.1129054795,30.404490614333337,493.3902893066406 104.1129054795,30.404490614333337,493.3902893066406 104.11291046550002,30.404485194499998,493.40179443359375 104.11291046550002,30.404485194499998,493.40179443359375 104.11291046550002,30.404485194499998,493.40179443359375 104.11291259666666,30.404482838,493.4126892089844 104.11291259666666,30.404482838,493.4126892089844 104.11291447733332,30.404480754666665,493.4125061035156 104.11291615216666,30.40447890933334,493.412109375 104.11291762150002,30.404477251499998,493.4111022949219 104.11291762150002,30.404477251499998,493.4111022949219 104.11291762150002,30.404477251499998,493.4111022949219 104.11291892200002,30.40447581383333,493.40899658203125 104.11291892200002,30.40447581383333,493.40899658203125 104.11292012083335,30.404474545,493.3913879394531 104.11292012083335,30.404474545,493.3913879394531 104.11292114499999,30.404473441333337,493.3752136230469 104.11292114499999,30.404473441333337,493.3752136230469 104.11292201316668,30.404472496166665,493.3564147949219 104.11292201316668,30.404472496166665,493.3564147949219 104.11292396533332,30.404470503000002,493.32049560546875 104.11292396533332,30.404470503000002,493.32049560546875 104.11292396533332,30.404470503000002,493.32049560546875 104.11292481350002,30.404469748833336,493.3211975097656 104.11292513833332,30.404469477499998,493.3215026855469 104.11292555616667,30.404469114833336,493.3241882324219 104.11292555616667,30.404469114833336,493.3241882324219 104.11292555616667,30.404469114833336,493.3241882324219 104.11292554583332,30.404469195166666,493.3323974609375 104.11292550966668,30.404469320166665,493.34478759765625 104.11292530500003,30.404469431166667,493.3804931640625 104.11292530500003,30.404469431166667,493.3804931640625 104.11292530500003,30.404469431166667,493.3804931640625 104.112925175,30.404469396666666,493.40509033203125 104.11292475666667,30.40446924316667,493.4465026855469 104.11292475666667,30.40446924316667,493.4465026855469 104.11292475666667,30.40446924316667,493.4465026855469 104.11292462066667,30.40446925716667,493.456787109375 104.11292462066667,30.40446925716667,493.456787109375 104.11292447550001,30.40446929333333,493.46881103515625 104.11292429933334,30.404469340833334,493.4814147949219 104.11292398733335,30.404469478000003,493.5093078613281 104.11292398733335,30.404469478000003,493.5093078613281 104.11292398733335,30.404469478000003,493.5093078613281 104.112923879,30.404469616166665,493.5303955078125 104.11292373133334,30.404469778333336,493.55059814453125 104.11292357033331,30.404469962500002,493.5640869140625 104.1129234035,30.404470174500002,493.57769775390625 104.1129234035,30.404470174500002,493.57769775390625 104.1129234035,30.404470174500002,493.57769775390625 104.11292322366667,30.404470402666668,493.59130859375 104.11292322366667,30.404470402666668,493.59130859375 104.11292304016668,30.404470588833334,493.60260009765625 104.112922896,30.40447079433333,493.6117858886719 104.112922896,30.40447079433333,493.6117858886719 104.112922896,30.40447079433333,493.6117858886719 104.11292294900002,30.40447116066667,493.627197265625 104.11292294900002,30.40447116066667,493.627197265625 104.11292361633333,30.404471924000003,493.6639099121094 104.11292361633333,30.404471924000003,493.6639099121094 104.11292503600001,30.404473019999998,493.6831970214844 104.11292503600001,30.404473019999998,493.6831970214844 104.11292720383334,30.40447443266667,493.68548583984375 104.11293015283333,30.404476229000004,493.6877136230469 104.11293015283333,30.404476229000004,493.6877136230469 104.11293015283333,30.404476229000004,493.6877136230469 104.11293387799999,30.404478326166668,493.6860046386719 104.11293387799999,30.404478326166668,493.6860046386719 104.11293832383333,30.404480770833338,493.68328857421875 104.11293832383333,30.404480770833338,493.68328857421875 104.11294351900001,30.404483575,493.6805114746094 104.11294351900001,30.404483575,493.6805114746094 104.112949381,30.404486718166666,493.6784973144531 104.11295600416666,30.40449015,493.67608642578125 104.11296329833333,30.404493914333337,493.67559814453125 104.11296329833333,30.404493914333337,493.67559814453125 104.11296329833333,30.404493914333337,493.67559814453125 104.11297110533332,30.404497964666668,493.6671142578125 104.11297110533332,30.404497964666668,493.6671142578125 104.11297923183335,30.4045022675,493.664306640625 104.11297923183335,30.4045022675,493.664306640625 104.11298734700001,30.404506555166673,493.6661071777344 104.11299539183334,30.4045107745,493.64111328125 104.11300346133335,30.404514939333332,493.6199951171875 104.11301161183336,30.404519090833332,493.6075134277344 104.11301975783333,30.404523264666665,493.5823059082031 104.11302797350001,30.40452745733333,493.5517883300781 104.11303629950002,30.4045316765,493.5347900390625 104.11303629950002,30.4045316765,493.5347900390625 104.11303629950002,30.4045316765,493.5347900390625 104.113044649,30.40453594616667,493.514892578125 104.113044649,30.40453594616667,493.514892578125 104.11305304016666,30.40454037483333,493.4971923828125 104.11305304016666,30.40454037483333,493.4971923828125 104.11306150050001,30.404544885833335,493.4818115234375 104.11307004516667,30.404549414166667,493.4671936035156 104.11307004516667,30.404549414166667,493.4671936035156 104.11307004516667,30.404549414166667,493.4671936035156 104.11307864999999,30.404553934833334,493.451904296875 104.11307864999999,30.404553934833334,493.451904296875 104.11308727033334,30.40455843933333,493.43719482421875 104.11308727033334,30.40455843933333,493.43719482421875 104.11309593483332,30.404562949166667,493.4247131347656 104.11309593483332,30.404562949166667,493.4247131347656 104.11310462766666,30.404567481500003,493.40960693359375 104.11311328533334,30.404572028333334,493.3951110839844 104.11311328533334,30.404572028333334,493.3951110839844 104.11311328533334,30.404572028333334,493.3951110839844 104.11312193583332,30.40457664233334,493.3861999511719 104.11312193583332,30.40457664233334,493.3861999511719 104.113130551,30.404581295499995,493.3760986328125 104.11313916350001,30.404585997166674,493.3656921386719 104.11313916350001,30.404585997166674,493.3656921386719 104.11313916350001,30.404585997166674,493.3656921386719 104.11314780949999,30.404590724166667,493.3539123535156 104.113156541,30.404595463333333,493.352294921875 104.113156541,30.404595463333333,493.352294921875 104.113156541,30.404595463333333,493.352294921875 104.11316534633333,30.404600171500007,493.3471984863281 104.11316534633333,30.404600171500007,493.3471984863281 104.11317420266667,30.40460482866667,493.3399963378906 104.11318311116665,30.404609506,493.335205078125 104.11318311116665,30.404609506,493.335205078125 104.11318311116665,30.404609506,493.335205078125 104.11319204600002,30.40461416283333,493.33648681640625 104.11320096850002,30.40461884633333,493.3371887207031 104.11320096850002,30.40461884633333,493.3371887207031 104.11320096850002,30.40461884633333,493.3371887207031 104.11320982683334,30.404623505000004,493.3356018066406 104.11320982683334,30.404623505000004,493.3356018066406 104.11321865933333,30.404628198,493.34161376953125 104.11323643599998,30.40463774166667,493.3518981933594 104.11323643599998,30.40463774166667,493.3518981933594 104.11324536166666,30.404642581333327,493.35931396484375 104.11324536166666,30.404642581333327,493.35931396484375 104.11324536166666,30.404642581333327,493.35931396484375 104.11325428616668,30.40464739933333,493.3663024902344 104.11326320900001,30.404652205999998,493.3717956542969 104.11328116333334,30.404661964666673,493.40399169921875 104.11328116333334,30.404661964666673,493.40399169921875 104.11328116333334,30.404661964666673,493.40399169921875 104.11329018366666,30.40466686266667,493.4169921875 104.11329018366666,30.40466686266667,493.4169921875 104.11329914866668,30.404671719000003,493.4276123046875 104.11329914866668,30.404671719000003,493.4276123046875 104.113307807,30.404676351,493.43829345703125 104.113307807,30.404676351,493.43829345703125 104.11332357166665,30.404684679166667,493.45599365234375 104.11332357166665,30.404684679166667,493.45599365234375 104.11332357166665,30.404684679166667,493.45599365234375 104.11333068716667,30.404688362666672,493.4632873535156 104.11333068716667,30.404688362666672,493.4632873535156 104.11333728616667,30.404691741666674,493.46881103515625 104.11333728616667,30.404691741666674,493.46881103515625 104.11334348599999,30.404694805500004,493.472412109375 104.11334348599999,30.404694805500004,493.472412109375 104.11335449266664,30.4047000815,493.4717102050781 104.11335449266664,30.4047000815,493.4717102050781 104.11335449266664,30.4047000815,493.4717102050781 104.11335931766669,30.404702328166664,493.470703125 104.11335931766669,30.404702328166664,493.470703125 104.11336370066668,30.404704351000003,493.47100830078125 104.11336370066668,30.404704351000003,493.47100830078125 104.11336767933332,30.404706200666666,493.47369384765625 104.11336767933332,30.404706200666666,493.47369384765625 104.11337115733336,30.404707857833333,493.48370361328125 104.11337402966667,30.404709277500004,493.4910888671875 104.11337402966667,30.404709277500004,493.4910888671875 104.11337402966667,30.404709277500004,493.4910888671875 104.11337729216666,30.404710890999997,493.5065002441406 104.113377675,30.4047111755,493.523193359375 104.11337771566666,30.404711227333337,493.5404968261719 104.11337781599998,30.404711185333333,493.5585021972656 104.11337807916668,30.404711235666664,493.5690002441406 104.11337847216669,30.40471137866667,493.58050537109375 104.11337894933334,30.4047115095,493.5976867675781 104.11337946366666,30.404711624166662,493.6112976074219 104.11338003466666,30.40471177716667,493.6216125488281 104.11338062866668,30.40471186516667,493.6202087402344 104.11338121333335,30.404711909499998,493.61279296875 104.11338163983335,30.404711972833336,493.62298583984375 104.11338201166666,30.404712076333336,493.62921142578125 104.11338233883333,30.404712134666674,493.6214904785156 104.11338243466668,30.404712231999998,493.62030029296875 104.11338233883333,30.404712352833336,493.6260986328125 104.11338221316667,30.404712427499998,493.62420654296875 104.1133820016667,30.404712481833336,493.61041259765625 104.11338170566667,30.404712526000004,493.6189880371094 104.11338141,30.404712567500003,493.6189880371094 104.1133811295,30.40471258916667,493.6182861328125 104.11338079333332,30.40471261916667,493.6162109375 104.11338019333334,30.40471291516667,493.6108093261719 104.11337918016667,30.404713673000003,493.6148986816406 104.11337918016667,30.404713673000003,493.6148986816406 104.11337756500001,30.404715076499997,493.6138916015625 104.11337756500001,30.404715076499997,493.6138916015625 104.11337756500001,30.404715076499997,493.6138916015625 104.11337543149999,30.404717153666667,493.6051940917969 104.11337543149999,30.404717153666667,493.6051940917969 104.11336612049999,30.40472689266667,493.5660095214844 104.11336612049999,30.40472689266667,493.5660095214844 104.11336612049999,30.40472689266667,493.5660095214844 104.11336204,30.404731338666668,493.552490234375 104.11335748666667,30.4047363645,493.5248107910156 104.11335748666667,30.4047363645,493.5248107910156 104.11335748666667,30.4047363645,493.5248107910156 104.11335238166666,30.404742009166668,493.4941101074219 104.11335238166666,30.404742009166668,493.4941101074219 104.11334670933333,30.404748154666663,493.4682922363281 104.11334059950002,30.404754656,493.4383850097656 104.11333440383332,30.404761119999996,493.4068908691406 104.11332827416666,30.404767378666666,493.3822937011719 104.1133222575,30.404773543333334,493.3555908203125 104.1133161775,30.404779743000006,493.3265075683594 104.11331005616665,30.404785996666668,493.294189453125 104.11330388366666,30.4047922285,493.27569580078125 104.11327852166666,30.404817333666667,493.1708984375 104.11327852166666,30.404817333666667,493.1708984375 104.11327852166666,30.404817333666667,493.1708984375 104.11324620133334,30.404849279333337,493.02459716796875 104.11324620133334,30.404849279333337,493.02459716796875 104.11324620133334,30.404849279333337,493.02459716796875 104.11323965083332,30.404855702000003,493.00299072265625 104.11323306716669,30.404862089833333,492.9849853515625 104.11323306716669,30.404862089833333,492.9849853515625 104.11323306716669,30.404862089833333,492.9849853515625 104.11322646583334,30.404868536666665,492.97918701171875 104.11322646583334,30.404868536666665,492.97918701171875 104.11321981616665,30.4048750775,492.9747009277344 104.11321981616665,30.4048750775,492.9747009277344 104.11321312999999,30.40488165,492.968994140625 104.11320643250002,30.404888288833334,492.9755859375 104.113199695,30.404894969,492.9794006347656 104.11319289700002,30.40490167833333,492.97918701171875 104.11318609533333,30.4049084465,492.9784851074219 104.11317927166668,30.404915229,492.9718017578125 104.11317927166668,30.404915229,492.9718017578125 104.11317927166668,30.404915229,492.9718017578125 104.113172419,30.404922030833337,492.9596862792969 104.11315862450002,30.404935636833336,492.93548583984375 104.11314480233335,30.4049491295,492.90631103515625 104.11314480233335,30.4049491295,492.90631103515625 104.11314480233335,30.4049491295,492.90631103515625 104.11313799316667,30.404955904,492.89129638671875 104.11313116566669,30.404962659166667,492.8830871582031 104.11313116566669,30.404962659166667,492.8830871582031 104.11313116566669,30.404962659166667,492.8830871582031 104.11312431416667,30.40496939816667,492.8746032714844 104.11312431416667,30.40496939816667,492.8746032714844 104.1131174961667,30.404976080333334,492.8743896484375 104.1131174961667,30.404976080333334,492.8743896484375 104.11311070066668,30.404982765333333,492.880615234375 104.11311070066668,30.404982765333333,492.880615234375 104.11310399133333,30.404989395333335,492.88958740234375 104.11309759516668,30.404995739999993,492.8970947265625 104.11309759516668,30.404995739999993,492.8970947265625 104.11309759516668,30.404995739999993,492.8970947265625 104.11309164250001,30.405001715166666,492.90509033203125 104.11309164250001,30.405001715166666,492.90509033203125 104.113086092,30.405007211166673,492.9126892089844 104.113086092,30.405007211166673,492.9126892089844 104.11308093150002,30.405012401166662,492.9219970703125 104.11308093150002,30.405012401166662,492.9219970703125 104.11307609383333,30.405017315499993,492.9236145019531 104.11307158083333,30.40502192516667,492.9234924316406 104.11307158083333,30.40502192516667,492.9234924316406 104.11307158083333,30.40502192516667,492.9234924316406 104.11306741266665,30.4050261945,492.9169006347656 104.11306741266665,30.4050261945,492.9169006347656 104.11306351383335,30.405030178999997,492.9092102050781 104.11306351383335,30.405030178999997,492.9092102050781 104.11305990283333,30.405033915666664,492.9021911621094 104.11305990283333,30.405033915666664,492.9021911621094 104.11305663916669,30.405037373666666,492.8854064941406 104.11305088299999,30.405043362999997,492.84820556640625 104.11305088299999,30.405043362999997,492.84820556640625 104.11305088299999,30.405043362999997,492.84820556640625 104.11304841766666,30.405045921499998,492.8305969238281 104.11304841766666,30.405045921499998,492.8305969238281 104.113046183,30.40504820633333,492.815185546875 104.11304420733335,30.405050209500004,492.7997131347656 104.11304420733335,30.405050209500004,492.7997131347656 104.11304420733335,30.405050209500004,492.7997131347656 104.11304244550001,30.40505193983333,492.784912109375 104.1130408586667,30.40505344166667,492.7681884765625 104.11303948766667,30.405054796,492.75311279296875 104.1130383505,30.405055944166666,492.7467956542969 104.11303734650002,30.40505691883333,492.7500915527344 104.11303652616668,30.40505774933333,492.7450866699219 104.11303583716665,30.40505847333333,492.73028564453125 104.113035262,30.405059131999998,492.7174987792969 104.11303480783333,30.405059662166664,492.705810546875 104.11303446666669,30.405060142000007,492.69610595703125 104.11303413683333,30.405060562833334,492.689697265625 104.11303388416667,30.405060899166667,492.68280029296875 104.11303368983332,30.40506116883333,492.6759033203125 104.11303370033332,30.405061217666674,492.6693115234375 104.11303383966667,30.405061058000005,492.66070556640625 104.11303401616668,30.405060868666666,492.65478515625 104.11303425550001,30.405060713333334,492.6560974121094 104.11303453416669,30.40506050416667,492.6665954589844 104.11303483366667,30.405060255166674,492.6742858886719 104.11303509916668,30.405060007833338,492.6698913574219 104.11303532833334,30.405059804666667,492.6658020019531 104.11303558916669,30.405059635666667,492.6643981933594 104.11303588800001,30.405059500166665,492.6593933105469 104.1130362415,30.405059345499996,492.6560974121094 104.11303662633334,30.405059183833334,492.6723937988281 104.11303700100001,30.405059052666672,492.6796875 104.11303731933334,30.40505897716666,492.6770935058594 104.11303752250001,30.405058891833335,492.6767883300781 104.11303762766666,30.405058820333338,492.6748962402344 104.11303763433335,30.405058770500002,492.6593017578125 104.11303754483333,30.405058780333338,492.6532897949219 104.11303744749999,30.405058827999998,492.6520080566406 104.11303737816668,30.40505881266667,492.6470031738281 104.11303730816667,30.405058791000005,492.64990234375 104.11303724866667,30.40505873133333,492.6358947753906 104.11303700750001,30.405058488833337,492.6156921386719 104.11303623,30.405057849666665,492.6253967285156 104.11303464866667,30.405056742166668,492.6379089355469 104.11303230133332,30.4050553075,492.6286926269531 104.11302921866668,30.405053586999998,492.6189880371094 104.11302540616668,30.40505153833334,492.6340026855469 104.11302103716669,30.4050491775,492.64208984375 104.11301597933335,30.405046534,492.63641357421875 104.11301019233333,30.40504352166667,492.62860107421875 104.1130036425,30.40504006,492.62640380859375 104.11299642133334,30.405036203,492.60528564453125 104.11298870366666,30.405032036333335,492.564697265625 104.11298063466666,30.405027504166668,492.5292053222656 104.11297257116667,30.40502295183333,492.5126037597656 104.11296458683336,30.405018471499996,492.4989013671875 104.11295661133335,30.405014090166667,492.4819030761719 104.11294861983333,30.405009742000004,492.455810546875 104.1129405215,30.4050053645,492.4302062988281 104.11293227966668,30.40500102183333,492.40899658203125 104.1129240015,30.40499666533334,492.3938903808594 104.11291566666667,30.404992324000002,492.3782958984375 104.11290723133335,30.404987988333332,492.36358642578125 104.1128987645,30.40498364616667,492.3536071777344 104.11289026450001,30.404979336500002,492.3492126464844 104.112881736,30.40497506116667,492.35260009765625 104.11287317766669,30.4049708115,492.3414001464844 104.11286456766666,30.40496659666667,492.3284912109375 104.11285589883333,30.404962383500003,492.3125915527344 104.11284723833332,30.404958155333333,492.2969055175781 104.11283857583334,30.404953852666672,492.2892150878906 104.11282992966666,30.40494952066667,492.2755126953125 104.11282129866667,30.40494513016667,492.25421142578125 104.11281271283333,30.404940700333334,492.2359924316406 104.112804109,30.404936231833332,492.2192077636719 104.11279548883334,30.40493169766667,492.205810546875 104.11278693283333,30.40492709433333,492.1900939941406 104.11277838533334,30.404922452666668,492.1711120605469 104.11276984199999,30.404917796833335,492.1485900878906 104.112761273,30.404913205499994,492.1228942871094 104.11275271966667,30.404908640166664,492.0863952636719 104.11274413683336,30.404904107000004,492.0509033203125 104.1127354863333,30.404899624499997,492.0176086425781 104.11272684583335,30.40489515866667,491.9833068847656 104.11271818566665,30.404890689333335,491.9595031738281 104.11270956216667,30.404886205166665,491.9336853027344 104.1127009295,30.404881693166665,491.90618896484375 104.1126922885,30.40487712266667,491.8869934082031 104.11268364266667,30.404872516833333,491.87811279296875 104.11267512366668,30.4048679725,491.8721008300781 104.11266704783334,30.404863605666666,491.8721008300781 104.11265945966667,30.404859450000004,491.8700866699219 104.11265244533334,30.404855632,491.85430908203125 104.11264596116668,30.4048520715,491.840087890625 104.11263995733334,30.404848738666672,491.82769775390625 104.1126343675,30.404845650666672,491.80950927734375 104.1126291045,30.404842887833336,491.79290771484375 104.11262420466667,30.40484038083334,491.77508544921875 104.11261965566668,30.40483808766667,491.7558898925781 104.11261545533334,30.404835950000002,491.7367858886719 104.11261156950002,30.40483394583334,491.7049865722656 104.11260804,30.40483211266667,491.68218994140625 104.11260488999999,30.404830423666667,491.66461181640625 104.11260199333336,30.404828845500003,491.6518859863281 104.11259942316667,30.404827404666673,491.6361083984375 104.11259718016667,30.404826106166666,491.625 104.11259519833334,30.404824914500004,491.6177062988281 104.112593469,30.40482381866667,491.6131896972656 104.11259195083333,30.404822841499996,491.6170959472656 104.11259072266665,30.4048219545,491.6216125488281 104.11258963916667,30.404821121833336,491.6252136230469 104.1125887165,30.404820353500003,491.6304016113281 104.11258796,30.40481969033334,491.63641357421875 104.112587262,30.404819136833332,491.6427917480469 104.11258670249998,30.40481864533333,491.6496887207031 104.112586274,30.404818256666665,491.656005859375 104.11258589983332,30.404817969333333,491.6612854003906 104.11258560749998,30.40481771666667,491.6686096191406 104.11258557216668,30.404817641500006,491.67449951171875 104.11258568,30.404817621,491.68939208984375 104.11258568,30.404817621,491.68939208984375 104.11258577183337,30.404817642166673,491.7002868652344 104.11258582050002,30.404817696833337,491.7052917480469 104.11258582050002,30.404817696833337,491.7052917480469 104.11258582050002,30.404817696833337,491.7052917480469 104.11258588283333,30.404817761333334,491.71429443359375 104.11258588283333,30.404817761333334,491.71429443359375 104.11258593233333,30.404817858666668,491.73089599609375 104.11258593233333,30.404817858666668,491.73089599609375 104.11258596616666,30.404817975,491.7525939941406 104.11258600116669,30.4048180925,491.7829895019531 104.11258600116669,30.4048180925,491.7829895019531 104.11258600116669,30.4048180925,491.7829895019531 104.11258605799999,30.4048182225,491.8135986328125 104.11258605799999,30.4048182225,491.8135986328125 104.11258612933335,30.40481838833334,491.84039306640625 104.11258612933335,30.40481838833334,491.84039306640625 104.11258621616669,30.40481858133333,491.87860107421875 104.11258621616669,30.40481858133333,491.87860107421875 104.11258628299998,30.40481876933333,491.9150085449219 104.11258633083334,30.404818979,491.9619140625 104.11258633083334,30.404818979,491.9619140625 104.11258633083334,30.404818979,491.9619140625 104.11258635816667,30.40481918866667,491.99639892578125 104.11258635816667,30.40481918866667,491.99639892578125 104.11258635466665,30.404819366999998,492.02911376953125 104.11258635466665,30.404819366999998,492.02911376953125 104.11258633866667,30.40481952016667,492.0621032714844 104.11258633866667,30.40481952016667,492.0621032714844 104.11258632183332,30.40481964933333,492.0945129394531 104.11258632183332,30.40481964933333,492.0945129394531 104.11258638416666,30.404819735500006,492.1283874511719 104.11258638416666,30.404819735500006,492.1283874511719 104.11258646083334,30.404819763666666,492.1702880859375 104.11258658583334,30.404819712333335,492.2261962890625 104.11258658583334,30.404819712333335,492.2261962890625 104.11258658583334,30.404819712333335,492.2261962890625 104.1125868615,30.404819720999996,492.3161926269531 104.1125868615,30.404819720999996,492.3161926269531 104.11258694283335,30.404819774166672,492.35479736328125 104.11258694283335,30.404819774166672,492.35479736328125 104.11258694283335,30.404819774166672,492.35479736328125 104.11258702250001,30.404819867833332,492.3945007324219 104.11258702250001,30.404819867833332,492.3945007324219 104.11258717516665,30.404819903333333,492.4335021972656 104.11258717516665,30.404819903333333,492.4335021972656 104.11258773716666,30.404819582666665,492.47540283203125 104.11258773716666,30.404819582666665,492.47540283203125 104.11258895966667,30.40481860833334,492.5215148925781 104.11259080766668,30.404816968,492.5559997558594 104.11259080766668,30.404816968,492.5559997558594 104.11259080766668,30.404816968,492.5559997558594 104.11259325049998,30.404814648833334,492.5881042480469 104.11259325049998,30.404814648833334,492.5881042480469 104.11259630183335,30.404811650166668,492.6241149902344 104.11259630183335,30.404811650166668,492.6241149902344 104.11259991016665,30.404808047000003,492.6564025878906 104.11259991016665,30.404808047000003,492.6564025878906 104.11260404616667,30.404803885666666,492.68951416015625 104.11260872700002,30.404799110333336,492.72589111328125 104.11260872700002,30.404799110333336,492.72589111328125 104.11260872700002,30.404799110333336,492.72589111328125 104.11261395483335,30.404793686166666,492.75799560546875 104.11261395483335,30.404793686166666,492.75799560546875 104.11261968633335,30.404787750500002,492.7701110839844 104.11261968633335,30.404787750500002,492.7701110839844 104.11263215033334,30.404775133666668,492.8201904296875 104.11263215033334,30.404775133666668,492.8201904296875 104.11263215033334,30.404775133666668,492.8201904296875 104.11263835866667,30.40476883516667,492.85418701171875 104.11263835866667,30.40476883516667,492.85418701171875 104.11264452433333,30.404762566666665,492.8887023925781 104.11264452433333,30.404762566666665,492.8887023925781 104.11265067933334,30.40475627766667,492.92449951171875 104.11265067933334,30.40475627766667,492.92449951171875 104.11266307733334,30.404743574666668,492.9812927246094 104.11266307733334,30.404743574666668,492.9812927246094 104.11266307733334,30.404743574666668,492.9812927246094 104.11266933433333,30.4047371575,493.0154113769531 104.11266933433333,30.4047371575,493.0154113769531 104.11267557683335,30.404730698166667,493.0455017089844 104.11267557683335,30.404730698166667,493.0455017089844 104.11268184849999,30.404724182166667,493.0801086425781 104.11268184849999,30.404724182166667,493.0801086425781 104.11269447516668,30.404711022833332,493.1435852050781 104.11269447516668,30.404711022833332,493.1435852050781 104.11269447516668,30.404711022833332,493.1435852050781 104.11270081383334,30.40470441,493.1769104003906 104.11270081383334,30.40470441,493.1769104003906 104.11270721666666,30.404697762666668,493.2218933105469 104.11270721666666,30.404697762666668,493.2218933105469 104.11271365966668,30.404691088666667,493.2597961425781 104.11271365966668,30.404691088666667,493.2597961425781 104.11272660700001,30.404677688166668,493.314697265625 104.11272660700001,30.404677688166668,493.314697265625 104.11272660700001,30.404677688166668,493.314697265625 104.11273973833336,30.404664248666673,493.3388977050781 104.11274631466667,30.404657534833337,493.38128662109375 104.11274631466667,30.404657534833337,493.38128662109375 104.11274631466667,30.404657534833337,493.38128662109375 104.11275285716667,30.40465079616667,493.4103088378906 104.11275285716667,30.40465079616667,493.4103088378906 104.11275943350003,30.40464401166667,493.4328918457031 104.11275943350003,30.40464401166667,493.4328918457031 104.11276604366667,30.404637166833332,493.4612121582031 104.11277935600002,30.404623428333338,493.44879150390625 104.11278606566667,30.404616477333335,493.4527893066406 104.11279277733333,30.4046095075,493.4648132324219 104.112799496,30.404602526500007,493.4778137207031 104.11280621366669,30.404595557333334,493.4927062988281 104.1128129045,30.404588584333336,493.5101013183594 104.11281959366667,30.404581568333338,493.52850341796875 104.1128263115,30.404574530666668,493.5508117675781 104.1128263115,30.404574530666668,493.5508117675781 104.1128263115,30.404574530666668,493.5508117675781 104.11283974066667,30.40456039233333,493.5889892578125 104.11284639166668,30.404553320166663,493.6033020019531 104.11284639166668,30.404553320166663,493.6033020019531 104.11284639166668,30.404553320166663,493.6033020019531 104.11285300583334,30.404546280333335,493.6304016113281 104.11285300583334,30.404546280333335,493.6304016113281 104.11285945166667,30.404539409166667,493.6785888671875 104.11286559633334,30.404532924500003,493.7251892089844 104.11287134300001,30.404526942500006,493.75250244140625 104.11287669849999,30.404521359500006,493.79290771484375 104.11288175050001,30.404516155000003,493.8324890136719 104.11288651033335,30.404511312666667,493.8395080566406 104.11289094333333,30.404506791166668,493.84698486328125 104.11289502700002,30.404502574833334,493.85791015625 104.11289877183333,30.404498675000003,493.8678894042969 104.11290224349999,30.404495054166667,493.8768005371094 104.11290539933334,30.404491757833327,493.8854064941406 104.11290822433334,30.404488793666662,493.9009094238281 104.11291070783334,30.404486093833334,493.9153137207031 104.1129128385,30.404483694833335,493.9172058105469 104.11291469133333,30.4044815405,493.9137878417969 104.1129163651667,30.404479618666667,493.9027099609375 104.11291784533331,30.404478004166673,493.9006042480469 104.11291912816667,30.404476606499998,493.89581298828125 104.112920267,30.404475376333338,493.88958740234375 104.11292129416667,30.404474343500006,493.8844909667969 104.11292216666668,30.404473465500004,493.87860107421875 104.11292288000003,30.404472720166673,493.8522033691406 104.11292342699998,30.404472038499996,493.8280944824219 104.11292390133335,30.4044714585,493.802490234375 104.11292431683333,30.404470983333336,493.7535095214844 104.11292466300002,30.404470598166668,493.71728515625 104.11292494783333,30.404470303000004,493.68060302734375 104.11292518633333,30.404470057166673,493.6308898925781 104.11292532633334,30.404469941666672,493.5939025878906 104.11292529566667,30.404469996666663,493.5589904785156 104.11292519466667,30.40447010683333,493.5188903808594 104.11292509366666,30.404470190333335,493.4794006347656 104.11292500416668,30.404470230666664,493.4374084472656 104.11292491983336,30.404470249666666,493.3929138183594 104.112924847,30.404470253500005,493.3298034667969 104.11292476550001,30.404470216666663,493.2673034667969 104.1129246795,30.404470169166668,493.20941162109375 104.11292462866668,30.4044701645,493.1615905761719 104.1129245455,30.404470146166666,493.1238098144531 104.11292438400001,30.404470131500005,493.093505859375 104.11292420466667,30.40447013433333,493.0602111816406 104.11292396116666,30.404470125333336,493.02178955078125 104.1129237055,30.404470153666665,492.9928894042969 104.11292343416666,30.404470247833338,492.97918701171875 104.1129232085,30.404470419333336,492.9715881347656 104.11292302700002,30.404470681,492.97100830078125 104.11292284833335,30.404470984000003,492.9789123535156 104.11292261916668,30.404471285000003,492.98809814453125 104.11292235616665,30.40447157366667,492.9997863769531 104.1129220955,30.404471860166673,493.01190185546875 104.1129218265,30.404472130166667,493.01690673828125 104.11292167666667,30.404472515666665,493.0274963378906 104.11292212533331,30.404473267166672,493.0793151855469 104.11292348600001,30.404474464833335,493.12811279296875 104.11292578383333,30.404476045833338,493.1418151855469 104.11292884666666,30.404477906000007,493.1477966308594 104.11292884666666,30.404477906000007,493.1477966308594 104.11293264016668,30.404480045166665,493.1578063964844 104.11293264016668,30.404480045166665,493.1578063964844 104.11293264016668,30.404480045166665,493.1578063964844 104.11293720083334,30.40448246183333,493.1630859375 104.11293720083334,30.40448246183333,493.1630859375 104.11294248633334,30.404485215999994,493.1510009765625 104.11294248633334,30.404485215999994,493.1510009765625 104.11294843433333,30.4044882315,493.1434020996094 104.11294843433333,30.4044882315,493.1434020996094 104.112955068,30.404491531166666,493.13531494140625 104.11296242566665,30.404495194,493.1247863769531 104.11296242566665,30.404495194,493.1247863769531 104.11296242566665,30.404495194,493.1247863769531 104.11297030899999,30.40449916616667,493.1003112792969 104.11297030899999,30.40449916616667,493.1003112792969 104.11297850566667,30.404503387999995,493.0823974609375 104.11298669933335,30.404507704333337,493.0740966796875 104.11298669933335,30.404507704333337,493.0740966796875 104.11298669933335,30.404507704333337,493.0740966796875 104.11299479916669,30.40451199683334,493.06298828125 104.11300289416667,30.404516284166665,493.05938720703125 104.11300289416667,30.404516284166665,493.05938720703125 104.11300289416667,30.404516284166665,493.05938720703125 104.11301101083333,30.40452061183333,493.05621337890625 104.11301101083333,30.40452061183333,493.05621337890625 104.11302741933332,30.404529297166665,493.05718994140625 104.11303572033334,30.40453366383333,493.05450439453125 104.11304408466667,30.404538067500003,493.0559997558594 104.11305255399999,30.40454249066667,493.0631103515625 104.11306108383333,30.404546920166666,493.0672912597656 104.11306965683335,30.40455136466667,493.069091796875 104.1130782895,30.404555822666666,493.0776062011719 104.1130782895,30.404555822666666,493.0776062011719 104.1130782895,30.404555822666666,493.0776062011719 104.11308700883336,30.404560264,493.08660888671875 104.11308700883336,30.404560264,493.08660888671875 104.1130957725,30.4045647295,493.0971984863281 104.1130957725,30.4045647295,493.0971984863281 104.11310456566669,30.40456919733333,493.1182861328125 104.11310456566669,30.40456919733333,493.1182861328125 104.11311342083334,30.404573699833335,493.1444091796875 104.11311342083334,30.404573699833335,493.1444091796875 104.11312228166669,30.40457824116667,493.1675109863281 104.11313117066666,30.40458278166667,493.1925048828125 104.11313117066666,30.40458278166667,493.1925048828125 104.11313117066666,30.40458278166667,493.1925048828125 104.11314008816669,30.404587397,493.2203063964844 104.11314008816669,30.404587397,493.2203063964844 104.11314899133335,30.404592034333337,493.2475891113281 104.11314899133335,30.404592034333337,493.2475891113281 104.11316680216666,30.404601357666667,493.30621337890625 104.11316680216666,30.404601357666667,493.30621337890625 104.11316680216666,30.404601357666667,493.30621337890625 104.11317575466667,30.404605997333338,493.32769775390625 104.11317575466667,30.404605997333338,493.32769775390625 104.11318473333336,30.404610633000004,493.3539123535156 104.11318473333336,30.404610633000004,493.3539123535156 104.11319372666667,30.40461527966667,493.38409423828125 104.11320275783333,30.404619916166666,493.41009521484375 104.11321179816666,30.40462457816667,493.43359375 104.11322084616668,30.404629257499998,493.4547119140625 104.11322991183334,30.404633967833334,493.47589111328125 104.11323895466667,30.40463868433334,493.5 104.11324799200001,30.404643404166666,493.5224914550781 104.11325699100001,30.404648158,493.55059814453125 104.11325699100001,30.404648158,493.55059814453125 104.11325699100001,30.404648158,493.55059814453125 104.113266011,30.40465289666667,493.581787109375 104.11327502683334,30.40465763633333,493.6050109863281 104.11328402433335,30.404662388,493.6311950683594 104.11329298366665,30.404667185,493.66351318359375 104.11330186600001,30.404671925499997,493.69268798828125 104.11330186600001,30.404671925499997,493.69268798828125 104.11330186600001,30.404671925499997,493.69268798828125 104.113318276,30.40468085583333,493.74359130859375 104.11332563716667,30.4046848945,493.76800537109375 104.11333254366666,30.404688652833336,493.775390625 104.11333893133333,30.404692163833335,493.7947082519531 104.11334482383333,30.404695410833334,493.8182067871094 104.11335020866667,30.404698358000005,493.840087890625 104.11335513366667,30.404701033500004,493.8623046875 104.11335966616667,30.4047034375,493.8841857910156 104.1133638245,30.404705553500005,493.9111022949219 104.11336754033334,30.404707415666667,493.9424133300781 104.11337081450002,30.404709034333337,493.96990966796875 104.11337348699999,30.404710284166672,493.9928894042969 104.11337544966668,30.404711099500002,494.01568603515625 104.11337654516669,30.4047115245,494.0342102050781 104.11337704583333,30.40471157633334,494.0548095703125 104.11337728400001,30.404711407333338,494.08050537109375 104.11337765600001,30.4047112465,494.10931396484375 104.11337825500003,30.404711246833333,494.135498046875 104.11337891616667,30.40471141366667,494.1369934082031 104.11337951866665,30.404711657000004,494.1117858886719 104.1133799685,30.404711895166663,494.0887145996094 104.11338034783333,30.40471210333334,494.06988525390625 104.11338062583334,30.404712291499997,494.0549011230469 104.11338085400001,30.4047124595,494.04010009765625 104.11338102266667,30.404712579833337,494.0237121582031 104.11338114450001,30.404712547166667,493.97698974609375 104.11338117400001,30.404712365999995,493.9320983886719 104.11338139349999,30.40471204866667,493.9103088378906 104.11338161866668,30.404711723000002,493.8835144042969 104.11338172883335,30.40471151116667,493.8583068847656 104.11338181349998,30.404711421333335,493.85211181640625 104.11338186566665,30.404711387333336,493.8385925292969 104.11338176433334,30.4047113805,493.80950927734375 104.11338153316669,30.404711432166664,493.7770080566406 104.11338116416667,30.40471151366667,493.7392883300781 104.11338059183333,30.404711750500006,493.6910095214844 104.113379561,30.404712309833332,493.676513671875 104.11337798916666,30.404713422833336,493.6630859375 104.11337599883333,30.404715195833337,493.62139892578125 104.11337355133335,30.4047176025,493.587890625 104.11337069166667,30.40472054766667,493.5544128417969 104.11336739183335,30.404723988000004,493.49560546875 104.11336366183332,30.404728047166667,493.44140625 104.11335928649999,30.404732804666665,493.40240478515625 104.1133544141667,30.404738166500003,493.3739013671875 104.11334905983335,30.404744110000006,493.32379150390625 104.11334313249999,30.404750541,493.2644958496094 104.11333078283333,30.4047637595,493.1820068359375 104.11333078283333,30.4047637595,493.1820068359375 104.11333078283333,30.4047637595,493.1820068359375 104.11332462333333,30.404770168333332,493.14739990234375 104.11331843566668,30.40477661616667,493.1256103515625 104.11331843566668,30.40477661616667,493.1256103515625 104.11331843566668,30.40477661616667,493.1256103515625 104.11331222733335,30.404783086333335,493.10211181640625 104.1133059635,30.40478957133334,493.0574035644531 104.113299579,30.404796041833333,493.0130920410156 104.113299579,30.404796041833333,493.0130920410156 104.113299579,30.404796041833333,493.0130920410156 104.11328678350002,30.404808994333337,492.9291076660156 104.11328032649999,30.404815471166664,492.89111328125 104.11327384316668,30.404822052333333,492.8414001464844 104.11326736499998,30.404828635666668,492.79791259765625 104.11326088033333,30.404835268333333,492.7669982910156 104.11325438133333,30.40484194,492.7333984375 104.11324787616668,30.404848655833334,492.7098083496094 104.11324133233333,30.40485539116667,492.681884765625 104.11323470316665,30.40486215683333,492.65460205078125 104.11322804033334,30.40486891133333,492.6268005371094 104.11322134716667,30.40487566216667,492.5992126464844 104.11321466583335,30.404882416833335,492.5509948730469 104.11320796933333,30.40488921666667,492.5046081542969 104.11320123833333,30.404895989,492.4690856933594 104.11319441366669,30.404902762,492.43701171875 104.11318754650001,30.404909588333336,492.4053039550781 104.11318057966666,30.404916406333335,492.360107421875 104.11317335399998,30.4049232765,492.2619934082031 104.11316544283335,30.40493020266667,492.0513916015625 104.11315714533335,30.40493743,491.5675048828125 104.11314902800002,30.404944409333332,490.8049011230469 104.11314152516668,30.404951515666667,490.1971130371094 104.11313462150002,30.404960061333338,489.243896484375 104.11312849650001,30.404967596666665,487.8981018066406 104.1131204081667,30.404977018999997,486.7417907714844 104.11310581699999,30.404984439166665,485.8219909667969 104.11309993233333,30.404991755,484.1549987792969 104.11309311199999,30.40499920316667,481.84600830078125 104.11308911933331,30.40500530266667,479.2923889160156</coordinates>
            </LineString>
        </Placemark>
        <Placemark id="35">
            <name>Takeoff Point</name>
            <description>Takeoff UTC: 2026-08-22T06:04:29.720964+00:00</description>
            <styleUrl>#36</styleUrl>
            <Point id="34">
                <coordinates>0.0,0.0,0.0</coordinates>
            </Point>
        </Placemark>
        <Placemark id="40">
            <name>Landing / Incident Termination</name>
            <description>Termination UTC: 2026-08-22T06:13:22.199999+00:00</description>
            <styleUrl>#41</styleUrl>
            <Point id="39">
                <coordinates>104.11308911933331,30.40500530266667,479.2923889160156</coordinates>
            </Point>
        </Placemark>
        <Placemark id="45">
            <name>ANOMALY: GPS_SIGNAL_DEGRADATION</name>
            <description>Severity: MEDIUM
Timestamp UTC: 2026-08-22T06:04:29.720964+00:00
Details: GPS lock compromised: only 0 satellites visible</description>
            <styleUrl>#46</styleUrl>
            <Point id="44">
                <coordinates>0.0,0.0,0.0</coordinates>
            </Point>
        </Placemark>
        <Placemark id="50">
            <name>ANOMALY: GPS_SIGNAL_DEGRADATION</name>
            <description>Severity: MEDIUM
Timestamp UTC: 2026-08-22T06:04:29.720964+00:00
Details: GPS lock compromised: only 0 satellites visible</description>
            <styleUrl>#51</styleUrl>
            <Point id="49">
                <coordinates>0.0,0.0,0.0</coordinates>
            </Point>
        </Placemark>
        <Placemark id="55">
            <name>ANOMALY: GPS_SPOOFING_OR_TELEPORTATION</name>
            <description>Severity: HIGH
Timestamp UTC: 2026-08-22T06:04:33.400000+00:00
Details: Impossible kinematic displacement: calculated velocity 3087081.3 m/s exceeds airframe limit (45.0 m/s) over 3.68s</description>
            <styleUrl>#56</styleUrl>
            <Point id="54">
                <coordinates>104.11336599999997,30.4047145,476.0</coordinates>
            </Point>
        </Placemark>
        <Placemark id="60">
            <name>ANOMALY: GPS_SPOOFING_OR_TELEPORTATION</name>
            <description>Severity: HIGH
Timestamp UTC: 2026-08-22T06:04:33.495694+00:00
Details: Impossible kinematic displacement: calculated velocity 118685426.9 m/s exceeds airframe limit (45.0 m/s) over 0.10s</description>
            <styleUrl>#61</styleUrl>
            <Point id="59">
                <coordinates>0.0,0.0,0.0</coordinates>
            </Point>
        </Placemark>
        <Placemark id="65">
            <name>ANOMALY: GPS_SIGNAL_DEGRADATION</name>
            <description>Severity: MEDIUM
Timestamp UTC: 2026-08-22T06:04:33.495694+00:00
Details: Severe GPS geometry degradation: HDOP reached 99.90</description>
            <styleUrl>#66</styleUrl>
            <Point id="64">
                <coordinates>0.0,0.0,0.0</coordinates>
            </Point>
        </Placemark>
        <Placemark id="70">
            <name>ANOMALY: GPS_SPOOFING_OR_TELEPORTATION</name>
            <description>Severity: HIGH
Timestamp UTC: 2026-08-22T06:04:33.599999+00:00
Details: Impossible kinematic displacement: calculated velocity 108887242.0 m/s exceeds airframe limit (45.0 m/s) over 0.10s</description>
            <styleUrl>#71</styleUrl>
            <Point id="69">
                <coordinates>104.11337133333332,30.40471266666667,474.5</coordinates>
            </Point>
        </Placemark>
        <Placemark id="75">
            <name>ANOMALY: GPS_SIGNAL_DEGRADATION</name>
            <description>Severity: MEDIUM
Timestamp UTC: 2026-08-22T06:04:34.140094+00:00
Details: Severe GPS geometry degradation: HDOP reached 99.90</description>
            <styleUrl>#76</styleUrl>
            <Point id="74">
                <coordinates>0.0,0.0,0.0</coordinates>
            </Point>
        </Placemark>
        <Placemark id="80">
            <name>ANOMALY: GPS_SPOOFING_OR_TELEPORTATION</name>
            <description>Severity: HIGH
Timestamp UTC: 2026-08-22T06:04:34.300000+00:00
Details: Impossible kinematic displacement: calculated velocity 71026011.4 m/s exceeds airframe limit (45.0 m/s) over 0.16s</description>
            <styleUrl>#81</styleUrl>
            <Point id="79">
                <coordinates>104.1133886666667,30.404716499999996,470.0</coordinates>
            </Point>
        </Placemark>
        <Placemark id="85">
            <name>ANOMALY: GPS_SIGNAL_DEGRADATION</name>
            <description>Severity: MEDIUM
Timestamp UTC: 2026-08-22T06:04:35.141024+00:00
Details: Severe GPS geometry degradation: HDOP reached 99.90</description>
            <styleUrl>#86</styleUrl>
            <Point id="84">
                <coordinates>0.0,0.0,0.0</coordinates>
            </Point>
        </Placemark>
        <Placemark id="90">
            <name>ANOMALY: GPS_SPOOFING_OR_TELEPORTATION</name>
            <description>Severity: HIGH
Timestamp UTC: 2026-08-22T06:04:35.300000+00:00
Details: Impossible kinematic displacement: calculated velocity 71441513.3 m/s exceeds airframe limit (45.0 m/s) over 0.16s</description>
            <styleUrl>#91</styleUrl>
            <Point id="89">
                <coordinates>104.113396,30.404720166666667,466.0</coordinates>
            </Point>
        </Placemark>
        <Placemark id="95">
            <name>ANOMALY: GPS_SPOOFING_OR_TELEPORTATION</name>
            <description>Severity: HIGH
Timestamp UTC: 2026-08-22T06:04:36.139092+00:00
Details: Impossible kinematic displacement: calculated velocity 81654488.5 m/s exceeds airframe limit (45.0 m/s) over 0.14s</description>
            <styleUrl>#96</styleUrl>
            <Point id="94">
                <coordinates>0.0,0.0,0.0</coordinates>
            </Point>
        </Placemark>
        <Placemark id="100">
            <name>ANOMALY: GPS_SIGNAL_DEGRADATION</name>
            <description>Severity: MEDIUM
Timestamp UTC: 2026-08-22T06:04:36.139092+00:00
Details: Severe GPS geometry degradation: HDOP reached 99.90</description>
            <styleUrl>#101</styleUrl>
            <Point id="99">
                <coordinates>0.0,0.0,0.0</coordinates>
            </Point>
        </Placemark>
        <Placemark id="105">
            <name>ANOMALY: GPS_SPOOFING_OR_TELEPORTATION</name>
            <description>Severity: HIGH
Timestamp UTC: 2026-08-22T06:04:36.199999+00:00
Details: Impossible kinematic displacement: calculated velocity 186472591.1 m/s exceeds airframe limit (45.0 m/s) over 0.06s</description>
            <styleUrl>#106</styleUrl>
            <Point id="104">
                <coordinates>104.11339733333334,30.404723,463.6000061035156</coordinates>
            </Point>
        </Placemark>
        <Placemark id="110">
            <name>ANOMALY: GPS_SPOOFING_OR_TELEPORTATION</name>
            <description>Severity: HIGH
Timestamp UTC: 2026-08-22T06:04:37.142042+00:00
Details: Impossible kinematic displacement: calculated velocity 79958646.7 m/s exceeds airframe limit (45.0 m/s) over 0.14s</description>
            <styleUrl>#111</styleUrl>
            <Point id="109">
                <coordinates>0.0,0.0,0.0</coordinates>
            </Point>
        </Placemark>
        <Placemark id="115">
            <name>ANOMALY: GPS_SIGNAL_DEGRADATION</name>
            <description>Severity: MEDIUM
Timestamp UTC: 2026-08-22T06:04:37.142042+00:00
Details: Severe GPS geometry degradation: HDOP reached 99.90</description>
            <styleUrl>#116</styleUrl>
            <Point id="114">
                <coordinates>0.0,0.0,0.0</coordinates>
            </Point>
        </Placemark>
        <Placemark id="120">
            <name>ANOMALY: GPS_SPOOFING_OR_TELEPORTATION</name>
            <description>Severity: HIGH
Timestamp UTC: 2026-08-22T06:04:37.199999+00:00
Details: Impossible kinematic displacement: calculated velocity 195964009.4 m/s exceeds airframe limit (45.0 m/s) over 0.06s</description>
            <styleUrl>#121</styleUrl>
            <Point id="119">
                <coordinates>104.11339733333334,30.404723999999995,463.20001220703125</coordinates>
            </Point>
        </Placemark>
        <Placemark id="125">
            <name>ANOMALY: GPS_SPOOFING_OR_TELEPORTATION</name>
            <description>Severity: HIGH
Timestamp UTC: 2026-08-22T06:04:38.143082+00:00
Details: Impossible kinematic displacement: calculated velocity 79377462.4 m/s exceeds airframe limit (45.0 m/s) over 0.14s</description>
            <styleUrl>#126</styleUrl>
            <Point id="124">
                <coordinates>0.0,0.0,0.0</coordinates>
            </Point>
        </Placemark>
        <Placemark id="130">
            <name>ANOMALY: GPS_SIGNAL_DEGRADATION</name>
            <description>Severity: MEDIUM
Timestamp UTC: 2026-08-22T06:04:38.143082+00:00
Details: Severe GPS geometry degradation: HDOP reached 99.90</description>
            <styleUrl>#131</styleUrl>
            <Point id="129">
                <coordinates>0.0,0.0,0.0</coordinates>
            </Point>
        </Placemark>
        <Placemark id="135">
            <name>ANOMALY: GPS_SPOOFING_OR_TELEPORTATION</name>
            <description>Severity: HIGH
Timestamp UTC: 2026-08-22T06:04:38.300000+00:00
Details: Impossible kinematic displacement: calculated velocity 72378478.4 m/s exceeds airframe limit (45.0 m/s) over 0.16s</description>
            <styleUrl>#136</styleUrl>
            <Point id="134">
                <coordinates>104.11339733333334,30.404725,462.8999938964844</coordinates>
            </Point>
        </Placemark>
        <Placemark id="140">
            <name>ANOMALY: GPS_SPOOFING_OR_TELEPORTATION</name>
            <description>Severity: HIGH
Timestamp UTC: 2026-08-22T06:04:39.144045+00:00
Details: Impossible kinematic displacement: calculated velocity 78846791.7 m/s exceeds airframe limit (45.0 m/s) over 0.14s</description>
            <styleUrl>#141</styleUrl>
            <Point id="139">
                <coordinates>0.0,0.0,0.0</coordinates>
            </Point>
        </Placemark>
        <Placemark id="145">
            <name>ANOMALY: GPS_SIGNAL_DEGRADATION</name>
            <description>Severity: MEDIUM
Timestamp UTC: 2026-08-22T06:04:39.144045+00:00
Details: Severe GPS geometry degradation: HDOP reached 99.90</description>
            <styleUrl>#146</styleUrl>
            <Point id="144">
                <coordinates>0.0,0.0,0.0</coordinates>
            </Point>
        </Placemark>
        <Placemark id="150">
            <name>ANOMALY: GPS_SPOOFING_OR_TELEPORTATION</name>
            <description>Severity: HIGH
Timestamp UTC: 2026-08-22T06:04:39.199999+00:00
Details: Impossible kinematic displacement: calculated velocity 202978984.6 m/s exceeds airframe limit (45.0 m/s) over 0.06s</description>
            <styleUrl>#151</styleUrl>
            <Point id="149">
                <coordinates>104.11339766666669,30.404725166666672,462.70001220703125</coordinates>
            </Point>
        </Placemark>
        <Placemark id="155">
            <name>ANOMALY: GPS_SPOOFING_OR_TELEPORTATION</name>
            <description>Severity: HIGH
Timestamp UTC: 2026-08-22T06:04:40.140007+00:00
Details: Impossible kinematic displacement: calculated velocity 81120844.8 m/s exceeds airframe limit (45.0 m/s) over 0.14s</description>
            <styleUrl>#156</styleUrl>
            <Point id="154">
                <coordinates>0.0,0.0,0.0</coordinates>
            </Point>
        </Placemark>
        <Placemark id="160">
            <name>ANOMALY: GPS_SIGNAL_DEGRADATION</name>
            <description>Severity: MEDIUM
Timestamp UTC: 2026-08-22T06:04:40.140007+00:00
Details: Severe GPS geometry degradation: HDOP reached 99.90</description>
            <styleUrl>#161</styleUrl>
            <Point id="159">
                <coordinates>0.0,0.0,0.0</coordinates>
            </Point>
        </Placemark>
        <Placemark id="165">
            <name>ANOMALY: GPS_SPOOFING_OR_TELEPORTATION</name>
            <description>Severity: HIGH
Timestamp UTC: 2026-08-22T06:04:40.199999+00:00
Details: Impossible kinematic displacement: calculated velocity 189316677.1 m/s exceeds airframe limit (45.0 m/s) over 0.06s</description>
            <styleUrl>#166</styleUrl>
            <Point id="164">
                <coordinates>104.11339766666669,30.404726000000004,462.79998779296875</coordinates>
            </Point>
        </Placemark>
        <Placemark id="170">
            <name>ANOMALY: GPS_SPOOFING_OR_TELEPORTATION</name>
            <description>Severity: HIGH
Timestamp UTC: 2026-08-22T06:04:41.141008+00:00
Details: Impossible kinematic displacement: calculated velocity 80544976.6 m/s exceeds airframe limit (45.0 m/s) over 0.14s</description>
            <styleUrl>#171</styleUrl>
            <Point id="169">
                <coordinates>0.0,0.0,0.0</coordinates>
            </Point>
        </Placemark>
        <Placemark id="175">
            <name>ANOMALY: GPS_SIGNAL_DEGRADATION</name>
            <description>Severity: MEDIUM
Timestamp UTC: 2026-08-22T06:04:41.141008+00:00
Details: Severe GPS geometry degradation: HDOP reached 99.90</description>
            <styleUrl>#176</styleUrl>
            <Point id="174">
                <coordinates>0.0,0.0,0.0</coordinates>
            </Point>
        </Placemark>
        <Placemark id="180">
            <name>ANOMALY: GPS_SPOOFING_OR_TELEPORTATION</name>
            <description>Severity: HIGH
Timestamp UTC: 2026-08-22T06:04:41.300000+00:00
Details: Impossible kinematic displacement: calculated velocity 71434324.1 m/s exceeds airframe limit (45.0 m/s) over 0.16s</description>
            <styleUrl>#181</styleUrl>
            <Point id="179">
                <coordinates>104.11339733333334,30.404726166666666,463.0</coordinates>
            </Point>
        </Placemark>
        <Placemark id="185">
            <name>ANOMALY: GPS_SPOOFING_OR_TELEPORTATION</name>
            <description>Severity: HIGH
Timestamp UTC: 2026-08-22T06:04:42.142993+00:00
Details: Impossible kinematic displacement: calculated velocity 79426867.2 m/s exceeds airframe limit (45.0 m/s) over 0.14s</description>
            <styleUrl>#186</styleUrl>
            <Point id="184">
                <coordinates>0.0,0.0,0.0</coordinates>
            </Point>
        </Placemark>
        <Placemark id="190">
            <name>ANOMALY: GPS_SIGNAL_DEGRADATION</name>
            <description>Severity: MEDIUM
Timestamp UTC: 2026-08-22T06:04:42.142993+00:00
Details: Severe GPS geometry degradation: HDOP reached 99.90</description>
            <styleUrl>#191</styleUrl>
            <Point id="189">
                <coordinates>0.0,0.0,0.0</coordinates>
            </Point>
        </Placemark>
        <Placemark id="195">
            <name>ANOMALY: GPS_SPOOFING_OR_TELEPORTATION</name>
            <description>Severity: HIGH
Timestamp UTC: 2026-08-22T06:04:42.300000+00:00
Details: Impossible kinematic displacement: calculated velocity 72337450.1 m/s exceeds airframe limit (45.0 m/s) over 0.16s</description>
            <styleUrl>#196</styleUrl>
            <Point id="194">
                <coordinates>104.11339700000003,30.4047265,463.1000061035156</coordinates>
            </Point>
        </Placemark>
        <Placemark id="200">
            <name>ANOMALY: GPS_SIGNAL_DEGRADATION</name>
            <description>Severity: MEDIUM
Timestamp UTC: 2026-08-22T06:04:43.141392+00:00
Details: Severe GPS geometry degradation: HDOP reached 99.90</description>
            <styleUrl>#201</styleUrl>
            <Point id="199">
                <coordinates>0.0,0.0,0.0</coordinates>
            </Point>
        </Placemark>
        <Placemark id="205">
            <name>ANOMALY: GPS_SPOOFING_OR_TELEPORTATION</name>
            <description>Severity: HIGH
Timestamp UTC: 2026-08-22T06:04:43.400000+00:00
Details: Impossible kinematic displacement: calculated velocity 43917767.3 m/s exceeds airframe limit (45.0 m/s) over 0.26s</description>
            <styleUrl>#206</styleUrl>
            <Point id="204">
                <coordinates>104.11339633333333,30.4047265,463.29998779296875</coordinates>
            </Point>
        </Placemark>
    </Document>
</kml>
