<gpx creator="Mission Planner" xmlns="http://www.topografix.com/GPX/1/1"><trk><trkseg><trkpt lat="39.9587147" lon="-106.2170006"><ele>2489.67</ele><time>2018-06-21T10:09:48-06:00</time><course>300.49</course><roll>-2.19</roll><pitch>-0.27</pitch><mode /></trkpt><trkpt lat="39.9587145" lon="-106.2169979"><ele>2489.74</ele><time>2018-06-21T10:09:48-06:00</time><course>300.53</course><roll>-2.24</roll><pitch>-0.28</pitch><mode /></trkpt><trkpt lat="39.9587152" lon="-106.2169973"><ele>2489.86</ele><time>2018-06-21T10:09:50-06:00</time><course>300.53</course><roll>-2.89</roll><pitch>-0.29</pitch><mode /></trkpt><trkpt lat="39.9587158" lon="-106.2169965"><ele>2489.94</ele><time>2018-06-21T10:09:50-06:00</time><course>300.53</course><roll>-2.91</roll><pitch>-0.27</pitch><mode /></trkpt><trkpt lat="39.9587173" lon="-106.2169949"><ele>2489.94</ele><time>2018-06-21T10:09:50-06:00</time><course>300.53</course><roll>-2.92</roll><pitch>-0.28</pitch><mode /></trkpt><trkpt lat="39.9587176" lon="-106.2169944"><ele>2489.92</ele><time>2018-06-21T10:09:51-06:00</time><course>300.53</course><roll>-3.02</roll><pitch>-0.32</pitch><mode /></trkpt><trkpt lat="39.9587177" lon="-106.216994"><ele>2489.9</ele><time>2018-06-21T10:09:51-06:00</time><course>300.54</course><roll>-3</roll><pitch>-0.31</pitch><mode /></trkpt><trkpt lat="39.9587166" lon="-106.2169944"><ele>2489.83</ele><time>2018-06-21T10:09:51-06:00</time><course>300.55</course><roll>-2.89</roll><pitch>-0.28</pitch><mode /></trkpt><trkpt lat="39.9587154" lon="-106.2169948"><ele>2489.81</ele><time>2018-06-21T10:09:51-06:00</time><course>300.56</course><roll>-2.8</roll><pitch>-0.26</pitch><mode /></trkpt><trkpt lat="39.9587138" lon="-106.216995"><ele>2489.74</ele><time>2018-06-21T10:09:52-06:00</time><course>300.37</course><roll>-2.75</roll><pitch>-0.1</pitch><mode /></trkpt><trkpt lat="39.9587144" lon="-106.2169946"><ele>2489.69</ele><time>2018-06-21T10:09:52-06:00</time><course>300.07</course><roll>-2.27</roll><pitch>-0.18</pitch><mode /></trkpt><trkpt lat="39.9587121" lon="-106.2169967"><ele>2489.69</ele><time>2018-06-21T10:09:52-06:00</time><course>299.79</course><roll>-2.72</roll><pitch>-0.2</pitch><mode /></trkpt><trkpt lat="39.9587117" lon="-106.2169971"><ele>2489.69</ele><time>2018-06-21T10:09:53-06:00</time><course>299.67</course><roll>-2.73</roll><pitch>0</pitch><mode /></trkpt><trkpt lat="39.9587123" lon="-106.2169969"><ele>2489.66</ele><time>2018-06-21T10:09:53-06:00</time><course>299.54</course><roll>-2.43</roll><pitch>0.08</pitch><mode /></trkpt><trkpt lat="39.9587119" lon="-106.2169975"><ele>2489.63</ele><time>2018-06-21T10:09:53-06:00</time><course>299.16</course><roll>-2.5</roll><pitch>0.11</pitch><mode /></trkpt><trkpt lat="39.9587116" lon="-106.2169979"><ele>2489.6</ele><time>2018-06-21T10:09:53-06:00</time><course>298.85</course><roll>-2.57</roll><pitch>0.16</pitch><mode /></trkpt><trkpt lat="39.9587111" lon="-106.2169985"><ele>2489.64</ele><time>2018-06-21T10:09:54-06:00</time><course>298.74</course><roll>-2.69</roll><pitch>0.04</pitch><mode /></trkpt><trkpt lat="39.9587091" lon="-106.2170003"><ele>2489.64</ele><time>2018-06-21T10:09:54-06:00</time><course>298.62</course><roll>-2.55</roll><pitch>0.17</pitch><mode /></trkpt><trkpt lat="39.9587087" lon="-106.2170007"><ele>2489.59</ele><time>2018-06-21T10:09:54-06:00</time><course>298.58</course><roll>-2.28</roll><pitch>0.29</pitch><mode /></trkpt><trkpt lat="39.9587062" lon="-106.2170014"><ele>2489.55</ele><time>2018-06-21T10:09:54-06:00</time><course>298.75</course><roll>-2.36</roll><pitch>0.26</pitch><mode /></trkpt><trkpt lat="39.9587043" lon="-106.2170007"><ele>2489.34</ele><time>2018-06-21T10:09:54-06:00</time><course>298.7</course><roll>-2.17</roll><pitch>0.08</pitch><mode /></trkpt><trkpt lat="39.9587013" lon="-106.2170008"><ele>2489.22</ele><time>2018-06-21T10:09:55-06:00</time><course>299.12</course><roll>-2.6</roll><pitch>-0.17</pitch><mode /></trkpt><trkpt lat="39.9587006" lon="-106.2170009"><ele>2489.2</ele><time>2018-06-21T10:09:55-06:00</time><course>299.31</course><roll>-2.52</roll><pitch>-0.02</pitch><mode /></trkpt><trkpt lat="39.9586992" lon="-106.2170014"><ele>2489.15</ele><time>2018-06-21T10:09:55-06:00</time><course>299.6</course><roll>-2.53</roll><pitch>0.03</pitch><mode /></trkpt><trkpt lat="39.9586987" lon="-106.2170013"><ele>2489.14</ele><time>2018-06-21T10:09:55-06:00</time><course>300.11</course><roll>-2.53</roll><pitch>0.05</pitch><mode /></trkpt><trkpt lat="39.9586991" lon="-106.2170007"><ele>2489.14</ele><time>2018-06-21T10:09:56-06:00</time><course>300.52</course><roll>-2.54</roll><pitch>0.06</pitch><mode /></trkpt><trkpt lat="39.958699" lon="-106.2170003"><ele>2489.1</ele><time>2018-06-21T10:09:56-06:00</time><course>301.09</course><roll>-2.6</roll><pitch>0.13</pitch><mode /></trkpt><trkpt lat="39.9586973" lon="-106.2170009"><ele>2489.03</ele><time>2018-06-21T10:09:56-06:00</time><course>301.67</course><roll>-2.61</roll><pitch>0.14</pitch><mode /></trkpt><trkpt lat="39.9586963" lon="-106.2170016"><ele>2488.87</ele><time>2018-06-21T10:09:57-06:00</time><course>304.26</course><roll>-2.6</roll><pitch>0.25</pitch><mode /></trkpt><trkpt lat="39.9586948" lon="-106.2170023"><ele>2488.78</ele><time>2018-06-21T10:09:57-06:00</time><course>304.95</course><roll>-2.54</roll><pitch>0.24</pitch><mode /></trkpt><trkpt lat="39.9586945" lon="-106.2170026"><ele>2488.78</ele><time>2018-06-21T10:09:57-06:00</time><course>305.64</course><roll>-2.48</roll><pitch>0.21</pitch><mode /></trkpt><trkpt lat="39.9586937" lon="-106.2170033"><ele>2488.69</ele><time>2018-06-21T10:09:57-06:00</time><course>306.34</course><roll>-2.45</roll><pitch>0.27</pitch><mode /></trkpt><trkpt lat="39.9586922" lon="-106.2170042"><ele>2488.59</ele><time>2018-06-21T10:09:58-06:00</time><course>307.04</course><roll>-2.43</roll><pitch>0.29</pitch><mode /></trkpt><trkpt lat="39.9586912" lon="-106.2170049"><ele>2488.55</ele><time>2018-06-21T10:09:58-06:00</time><course>307.75</course><roll>-2.37</roll><pitch>0.26</pitch><mode /></trkpt><trkpt lat="39.9586915" lon="-106.2170045"><ele>2488.52</ele><time>2018-06-21T10:09:58-06:00</time><course>308.48</course><roll>-2.35</roll><pitch>0.28</pitch><mode /></trkpt><trkpt lat="39.9586922" lon="-106.2170041"><ele>2488.59</ele><time>2018-06-21T10:09:58-06:00</time><course>309.2</course><roll>-2.42</roll><pitch>0.32</pitch><mode /></trkpt><trkpt lat="39.9586915" lon="-106.2170046"><ele>2488.59</ele><time>2018-06-21T10:09:58-06:00</time><course>309.93</course><roll>-2.46</roll><pitch>0.37</pitch><mode /></trkpt><trkpt lat="39.9586918" lon="-106.2170042"><ele>2488.57</ele><time>2018-06-21T10:09:59-06:00</time><course>310.67</course><roll>-2.42</roll><pitch>0.36</pitch><mode /></trkpt><trkpt lat="39.9586907" lon="-106.2170049"><ele>2488.56</ele><time>2018-06-21T10:09:59-06:00</time><course>311.41</course><roll>-2.46</roll><pitch>0.36</pitch><mode /></trkpt><trkpt lat="39.958691" lon="-106.2170048"><ele>2488.54</ele><time>2018-06-21T10:09:59-06:00</time><course>312.16</course><roll>-2.39</roll><pitch>0.36</pitch><mode /></trkpt><trkpt lat="39.95869" lon="-106.2170054"><ele>2488.55</ele><time>2018-06-21T10:09:59-06:00</time><course>312.91</course><roll>-2.41</roll><pitch>0.4</pitch><mode /></trkpt><trkpt lat="39.9586889" lon="-106.2170063"><ele>2488.51</ele><time>2018-06-21T10:09:59-06:00</time><course>313.67</course><roll>-2.34</roll><pitch>0.39</pitch><mode /></trkpt><trkpt lat="39.9586886" lon="-106.2170066"><ele>2488.53</ele><time>2018-06-21T10:10:00-06:00</time><course>314.44</course><roll>-2.3</roll><pitch>0.4</pitch><mode /></trkpt><trkpt lat="39.9586884" lon="-106.2170071"><ele>2488.5</ele><time>2018-06-21T10:10:00-06:00</time><course>315.21</course><roll>-2.3</roll><pitch>0.43</pitch><mode /></trkpt><trkpt lat="39.9586869" lon="-106.2170084"><ele>2488.43</ele><time>2018-06-21T10:10:00-06:00</time><course>315.98</course><roll>-2.29</roll><pitch>0.47</pitch><mode /></trkpt><trkpt lat="39.9586875" lon="-106.2170078"><ele>2488.48</ele><time>2018-06-21T10:10:00-06:00</time><course>316.77</course><roll>-2.24</roll><pitch>0.45</pitch><mode /></trkpt><trkpt lat="39.9586882" lon="-106.2170076"><ele>2488.47</ele><time>2018-06-21T10:10:00-06:00</time><course>317.56</course><roll>-2.31</roll><pitch>0.46</pitch><mode /></trkpt><trkpt lat="39.9586876" lon="-106.217008"><ele>2488.46</ele><time>2018-06-21T10:10:01-06:00</time><course>318.35</course><roll>-2.35</roll><pitch>0.51</pitch><mode /></trkpt><trkpt lat="39.9586868" lon="-106.2170085"><ele>2488.44</ele><time>2018-06-21T10:10:01-06:00</time><course>319.15</course><roll>-2.32</roll><pitch>0.49</pitch><mode /></trkpt><trkpt lat="39.9586863" lon="-106.2170088"><ele>2488.41</ele><time>2018-06-21T10:10:01-06:00</time><course>319.97</course><roll>-2.29</roll><pitch>0.47</pitch><mode /></trkpt><trkpt lat="39.9586856" lon="-106.2170091"><ele>2488.42</ele><time>2018-06-21T10:10:01-06:00</time><course>320.78</course><roll>-2.29</roll><pitch>0.47</pitch><mode /></trkpt><trkpt lat="39.9586845" lon="-106.21701"><ele>2488.49</ele><time>2018-06-21T10:10:01-06:00</time><course>321.6</course><roll>-2.25</roll><pitch>0.47</pitch><mode /></trkpt><trkpt lat="39.9586846" lon="-106.2170099"><ele>2488.54</ele><time>2018-06-21T10:10:02-06:00</time><course>322.36</course><roll>-2.16</roll><pitch>0.46</pitch><mode /></trkpt><trkpt lat="39.958685" lon="-106.2170095"><ele>2488.62</ele><time>2018-06-21T10:10:02-06:00</time><course>322.82</course><roll>-2.29</roll><pitch>0.41</pitch><mode /></trkpt><trkpt lat="39.9586841" lon="-106.21701"><ele>2488.62</ele><time>2018-06-21T10:10:02-06:00</time><course>323.22</course><roll>-2.19</roll><pitch>0.57</pitch><mode /></trkpt><trkpt lat="39.9586838" lon="-106.2170102"><ele>2488.71</ele><time>2018-06-21T10:10:02-06:00</time><course>323.5</course><roll>-2.15</roll><pitch>0.6</pitch><mode /></trkpt><trkpt lat="39.9586843" lon="-106.2170099"><ele>2488.74</ele><time>2018-06-21T10:10:02-06:00</time><course>323.67</course><roll>-2.3</roll><pitch>0.48</pitch><mode /></trkpt><trkpt lat="39.9586846" lon="-106.2170096"><ele>2488.79</ele><time>2018-06-21T10:10:03-06:00</time><course>323.91</course><roll>-2.4</roll><pitch>0.47</pitch><mode /></trkpt><trkpt lat="39.9586836" lon="-106.2170101"><ele>2488.8</ele><time>2018-06-21T10:10:03-06:00</time><course>324.03</course><roll>-2.43</roll><pitch>0.45</pitch><mode /></trkpt><trkpt lat="39.9586835" lon="-106.2170099"><ele>2488.77</ele><time>2018-06-21T10:10:03-06:00</time><course>324.14</course><roll>-2.28</roll><pitch>0.56</pitch><mode /></trkpt><trkpt lat="39.958683" lon="-106.2170101"><ele>2488.74</ele><time>2018-06-21T10:10:03-06:00</time><course>324.42</course><roll>-2.28</roll><pitch>0.55</pitch><mode /></trkpt><trkpt lat="39.9586821" lon="-106.2170107"><ele>2488.75</ele><time>2018-06-21T10:10:04-06:00</time><course>324.98</course><roll>-2.5</roll><pitch>0.6</pitch><mode /></trkpt><trkpt lat="39.9586806" lon="-106.2170118"><ele>2488.75</ele><time>2018-06-21T10:10:04-06:00</time><course>325.27</course><roll>-2.47</roll><pitch>0.55</pitch><mode /></trkpt><trkpt lat="39.9586805" lon="-106.2170117"><ele>2488.75</ele><time>2018-06-21T10:10:04-06:00</time><course>325.44</course><roll>-2.18</roll><pitch>0.81</pitch><mode /></trkpt><trkpt lat="39.958681" lon="-106.2170111"><ele>2488.76</ele><time>2018-06-21T10:10:04-06:00</time><course>325.53</course><roll>-2.46</roll><pitch>0.63</pitch><mode /></trkpt><trkpt lat="39.9586816" lon="-106.2170098"><ele>2488.71</ele><time>2018-06-21T10:10:05-06:00</time><course>325.93</course><roll>-2.5</roll><pitch>0.81</pitch><mode /></trkpt><trkpt lat="39.9586814" lon="-106.2170094"><ele>2488.69</ele><time>2018-06-21T10:10:05-06:00</time><course>326.4</course><roll>-2.58</roll><pitch>0.69</pitch><mode /></trkpt><trkpt lat="39.9586804" lon="-106.2170102"><ele>2488.68</ele><time>2018-06-21T10:10:05-06:00</time><course>326.76</course><roll>-2.65</roll><pitch>0.93</pitch><mode /></trkpt><trkpt lat="39.9586788" lon="-106.2170111"><ele>2488.76</ele><time>2018-06-21T10:10:05-06:00</time><course>327.15</course><roll>-2.36</roll><pitch>1.03</pitch><mode /></trkpt><trkpt lat="39.9586774" lon="-106.2170115"><ele>2488.79</ele><time>2018-06-21T10:10:06-06:00</time><course>327.59</course><roll>-2.5</roll><pitch>0.81</pitch><mode /></trkpt><trkpt lat="39.958677" lon="-106.2170114"><ele>2488.82</ele><time>2018-06-21T10:10:06-06:00</time><course>327.98</course><roll>-2.29</roll><pitch>0.81</pitch><mode /></trkpt><trkpt lat="39.9586757" lon="-106.2170124"><ele>2488.83</ele><time>2018-06-21T10:10:06-06:00</time><course>328.17</course><roll>-2.47</roll><pitch>0.84</pitch><mode /></trkpt><trkpt lat="39.958675" lon="-106.2170127"><ele>2488.77</ele><time>2018-06-21T10:10:06-06:00</time><course>328.81</course><roll>-2.61</roll><pitch>0.76</pitch><mode /></trkpt><trkpt lat="39.9586744" lon="-106.2170132"><ele>2488.81</ele><time>2018-06-21T10:10:07-06:00</time><course>329</course><roll>-2.54</roll><pitch>0.8</pitch><mode /></trkpt><trkpt lat="39.9586735" lon="-106.2170136"><ele>2488.8</ele><time>2018-06-21T10:10:07-06:00</time><course>329.42</course><roll>-2.42</roll><pitch>0.93</pitch><mode /></trkpt><trkpt lat="39.958673" lon="-106.2170139"><ele>2488.87</ele><time>2018-06-21T10:10:07-06:00</time><course>329.59</course><roll>-2.54</roll><pitch>0.71</pitch><mode /></trkpt><trkpt lat="39.9586714" lon="-106.217015"><ele>2488.81</ele><time>2018-06-21T10:10:07-06:00</time><course>329.93</course><roll>-2.57</roll><pitch>0.66</pitch><mode /></trkpt><trkpt lat="39.958669" lon="-106.2170165"><ele>2488.76</ele><time>2018-06-21T10:10:07-06:00</time><course>330.12</course><roll>-2.37</roll><pitch>0.92</pitch><mode /></trkpt><trkpt lat="39.9586689" lon="-106.2170166"><ele>2488.84</ele><time>2018-06-21T10:10:08-06:00</time><course>330.41</course><roll>-2.32</roll><pitch>0.85</pitch><mode /></trkpt><trkpt lat="39.9586681" lon="-106.2170172"><ele>2488.8</ele><time>2018-06-21T10:10:08-06:00</time><course>330.93</course><roll>-2.58</roll><pitch>0.59</pitch><mode /></trkpt><trkpt lat="39.9586687" lon="-106.2170168"><ele>2488.77</ele><time>2018-06-21T10:10:08-06:00</time><course>331.35</course><roll>-2.63</roll><pitch>0.71</pitch><mode /></trkpt><trkpt lat="39.9586675" lon="-106.2170174"><ele>2488.63</ele><time>2018-06-21T10:10:08-06:00</time><course>331.93</course><roll>-2.68</roll><pitch>0.81</pitch><mode /></trkpt><trkpt lat="39.9586673" lon="-106.2170171"><ele>2488.61</ele><time>2018-06-21T10:10:08-06:00</time><course>332.29</course><roll>-2.78</roll><pitch>0.76</pitch><mode /></trkpt><trkpt lat="39.9586648" lon="-106.217018"><ele>2488.61</ele><time>2018-06-21T10:10:09-06:00</time><course>333.97</course><roll>-2.88</roll><pitch>0.83</pitch><mode /></trkpt><trkpt lat="39.9586641" lon="-106.2170184"><ele>2488.61</ele><time>2018-06-21T10:10:09-06:00</time><course>334.41</course><roll>-2.82</roll><pitch>0.75</pitch><mode /></trkpt><trkpt lat="39.9586637" lon="-106.2170187"><ele>2488.66</ele><time>2018-06-21T10:10:10-06:00</time><course>334.83</course><roll>-2.74</roll><pitch>0.75</pitch><mode /></trkpt><trkpt lat="39.9586631" lon="-106.2170191"><ele>2488.69</ele><time>2018-06-21T10:10:10-06:00</time><course>335.03</course><roll>-2.62</roll><pitch>0.84</pitch><mode /></trkpt><trkpt lat="39.9586632" lon="-106.2170189"><ele>2488.67</ele><time>2018-06-21T10:10:10-06:00</time><course>335.68</course><roll>-2.69</roll><pitch>0.9</pitch><mode /></trkpt><trkpt lat="39.958662" lon="-106.217019"><ele>2488.74</ele><time>2018-06-21T10:10:10-06:00</time><course>336.23</course><roll>-2.98</roll><pitch>0.98</pitch><mode /></trkpt><trkpt lat="39.9586615" lon="-106.2170191"><ele>2488.71</ele><time>2018-06-21T10:10:11-06:00</time><course>336.68</course><roll>-3.17</roll><pitch>1.2</pitch><mode /></trkpt><trkpt lat="39.9586619" lon="-106.2170186"><ele>2488.78</ele><time>2018-06-21T10:10:11-06:00</time><course>336.97</course><roll>-3.07</roll><pitch>1.17</pitch><mode /></trkpt><trkpt lat="39.9586615" lon="-106.2170187"><ele>2488.74</ele><time>2018-06-21T10:10:11-06:00</time><course>337.08</course><roll>-3.05</roll><pitch>1.29</pitch><mode /></trkpt><trkpt lat="39.9586613" lon="-106.2170182"><ele>2488.65</ele><time>2018-06-21T10:10:11-06:00</time><course>337.39</course><roll>-3.1</roll><pitch>1.03</pitch><mode /></trkpt><trkpt lat="39.958661" lon="-106.2170183"><ele>2488.62</ele><time>2018-06-21T10:10:12-06:00</time><course>337.58</course><roll>-3</roll><pitch>1.16</pitch><mode /></trkpt><trkpt lat="39.95866" lon="-106.2170187"><ele>2488.52</ele><time>2018-06-21T10:10:12-06:00</time><course>337.9</course><roll>-3.12</roll><pitch>0.95</pitch><mode /></trkpt><trkpt lat="39.9586596" lon="-106.2170189"><ele>2488.41</ele><time>2018-06-21T10:10:12-06:00</time><course>338.18</course><roll>-3.03</roll><pitch>1.09</pitch><mode /></trkpt><trkpt lat="39.9586602" lon="-106.2170182"><ele>2488.32</ele><time>2018-06-21T10:10:12-06:00</time><course>338.35</course><roll>-3.05</roll><pitch>0.99</pitch><mode /></trkpt><trkpt lat="39.9586614" lon="-106.2170171"><ele>2488.32</ele><time>2018-06-21T10:10:12-06:00</time><course>338.69</course><roll>-3.19</roll><pitch>0.89</pitch><mode /></trkpt><trkpt lat="39.9586619" lon="-106.2170165"><ele>2488.34</ele><time>2018-06-21T10:10:13-06:00</time><course>339.05</course><roll>-3.18</roll><pitch>0.94</pitch><mode /></trkpt><trkpt lat="39.9586627" lon="-106.2170157"><ele>2488.32</ele><time>2018-06-21T10:10:13-06:00</time><course>339.39</course><roll>-3.12</roll><pitch>1.05</pitch><mode /></trkpt><trkpt lat="39.9586637" lon="-106.2170147"><ele>2488.3</ele><time>2018-06-21T10:10:13-06:00</time><course>339.81</course><roll>-2.99</roll><pitch>1.15</pitch><mode /></trkpt><trkpt lat="39.9586631" lon="-106.2170151"><ele>2488.26</ele><time>2018-06-21T10:10:13-06:00</time><course>340.17</course><roll>-3</roll><pitch>1.24</pitch><mode /></trkpt><trkpt lat="39.9586633" lon="-106.217015"><ele>2488.33</ele><time>2018-06-21T10:10:13-06:00</time><course>340.39</course><roll>-2.85</roll><pitch>1.27</pitch><mode /></trkpt><trkpt lat="39.9586617" lon="-106.2170165"><ele>2488.3</ele><time>2018-06-21T10:10:14-06:00</time><course>340.63</course><roll>-2.92</roll><pitch>1.09</pitch><mode /></trkpt><trkpt lat="39.9586585" lon="-106.2170196"><ele>2488.35</ele><time>2018-06-21T10:10:14-06:00</time><course>340.9</course><roll>-2.78</roll><pitch>0.92</pitch><mode /></trkpt><trkpt lat="39.9586541" lon="-106.2170233"><ele>2488.29</ele><time>2018-06-21T10:10:14-06:00</time><course>341.16</course><roll>-2.5</roll><pitch>0.94</pitch><mode /></trkpt><trkpt lat="39.9586512" lon="-106.2170263"><ele>2488.44</ele><time>2018-06-21T10:10:14-06:00</time><course>341.51</course><roll>-2.42</roll><pitch>0.74</pitch><mode /></trkpt><trkpt lat="39.9586498" lon="-106.217027"><ele>2488.39</ele><time>2018-06-21T10:10:14-06:00</time><course>341.87</course><roll>-2.37</roll><pitch>0.5</pitch><mode /></trkpt><trkpt lat="39.9586484" lon="-106.2170284"><ele>2488.48</ele><time>2018-06-21T10:10:15-06:00</time><course>342.2</course><roll>-2.47</roll><pitch>0.56</pitch><mode /></trkpt><trkpt lat="39.9586476" lon="-106.2170292"><ele>2488.55</ele><time>2018-06-21T10:10:15-06:00</time><course>342.5</course><roll>-2.72</roll><pitch>0.36</pitch><mode /></trkpt><trkpt lat="39.9586506" lon="-106.2170262"><ele>2488.45</ele><time>2018-06-21T10:10:15-06:00</time><course>342.96</course><roll>-2.69</roll><pitch>0.51</pitch><mode /></trkpt><trkpt lat="39.9586538" lon="-106.2170227"><ele>2488.4</ele><time>2018-06-21T10:10:15-06:00</time><course>343.42</course><roll>-3.14</roll><pitch>0.61</pitch><mode /></trkpt><trkpt lat="39.9586528" lon="-106.2170234"><ele>2488.37</ele><time>2018-06-21T10:10:15-06:00</time><course>343.82</course><roll>-3.44</roll><pitch>0.67</pitch><mode /></trkpt><trkpt lat="39.9586516" lon="-106.2170242"><ele>2488.45</ele><time>2018-06-21T10:10:16-06:00</time><course>344.26</course><roll>-3.33</roll><pitch>0.69</pitch><mode /></trkpt><trkpt lat="39.9586485" lon="-106.2170263"><ele>2488.39</ele><time>2018-06-21T10:10:16-06:00</time><course>344.88</course><roll>-3.18</roll><pitch>0.64</pitch><mode /></trkpt><trkpt lat="39.9586475" lon="-106.2170267"><ele>2488.38</ele><time>2018-06-21T10:10:16-06:00</time><course>345.62</course><roll>-3.1</roll><pitch>0.48</pitch><mode /></trkpt><trkpt lat="39.9586482" lon="-106.2170262"><ele>2488.38</ele><time>2018-06-21T10:10:16-06:00</time><course>346.42</course><roll>-3.07</roll><pitch>0.53</pitch><mode /></trkpt><trkpt lat="39.9586476" lon="-106.2170268"><ele>2488.36</ele><time>2018-06-21T10:10:16-06:00</time><course>347.23</course><roll>-3.09</roll><pitch>0.61</pitch><mode /></trkpt><trkpt lat="39.9586456" lon="-106.2170286"><ele>2488.33</ele><time>2018-06-21T10:10:17-06:00</time><course>348.12</course><roll>-3.04</roll><pitch>0.64</pitch><mode /></trkpt><trkpt lat="39.9586464" lon="-106.2170281"><ele>2488.33</ele><time>2018-06-21T10:10:17-06:00</time><course>349.01</course><roll>-2.94</roll><pitch>0.66</pitch><mode /></trkpt><trkpt lat="39.958648" lon="-106.2170269"><ele>2488.35</ele><time>2018-06-21T10:10:17-06:00</time><course>349.88</course><roll>-2.99</roll><pitch>0.74</pitch><mode /></trkpt><trkpt lat="39.9586492" lon="-106.2170263"><ele>2488.33</ele><time>2018-06-21T10:10:17-06:00</time><course>350.78</course><roll>-3.05</roll><pitch>0.82</pitch><mode /></trkpt><trkpt lat="39.9586496" lon="-106.217026"><ele>2488.39</ele><time>2018-06-21T10:10:17-06:00</time><course>351.68</course><roll>-3.06</roll><pitch>0.88</pitch><mode /></trkpt><trkpt lat="39.9586489" lon="-106.2170265"><ele>2488.43</ele><time>2018-06-21T10:10:18-06:00</time><course>352.57</course><roll>-3.07</roll><pitch>0.83</pitch><mode /></trkpt><trkpt lat="39.9586483" lon="-106.217027"><ele>2488.41</ele><time>2018-06-21T10:10:18-06:00</time><course>353.35</course><roll>-3.04</roll><pitch>0.78</pitch><mode /></trkpt><trkpt lat="39.9586481" lon="-106.2170271"><ele>2488.39</ele><time>2018-06-21T10:10:18-06:00</time><course>354.08</course><roll>-2.99</roll><pitch>0.74</pitch><mode /></trkpt><trkpt lat="39.9586474" lon="-106.2170276"><ele>2488.37</ele><time>2018-06-21T10:10:18-06:00</time><course>354.5</course><roll>-2.94</roll><pitch>0.85</pitch><mode /></trkpt><trkpt lat="39.9586483" lon="-106.217027"><ele>2488.35</ele><time>2018-06-21T10:10:18-06:00</time><course>355.06</course><roll>-2.98</roll><pitch>0.65</pitch><mode /></trkpt><trkpt lat="39.958648" lon="-106.2170272"><ele>2488.32</ele><time>2018-06-21T10:10:19-06:00</time><course>355.54</course><roll>-3.03</roll><pitch>0.63</pitch><mode /></trkpt><trkpt lat="39.958647" lon="-106.2170277"><ele>2488.34</ele><time>2018-06-21T10:10:19-06:00</time><course>356.17</course><roll>-2.99</roll><pitch>0.61</pitch><mode /></trkpt><trkpt lat="39.9586466" lon="-106.2170278"><ele>2488.27</ele><time>2018-06-21T10:10:19-06:00</time><course>356.87</course><roll>-2.95</roll><pitch>0.54</pitch><mode /></trkpt><trkpt lat="39.9586474" lon="-106.2170271"><ele>2488.27</ele><time>2018-06-21T10:10:19-06:00</time><course>357.66</course><roll>-2.95</roll><pitch>0.58</pitch><mode /></trkpt><trkpt lat="39.958648" lon="-106.2170264"><ele>2488.29</ele><time>2018-06-21T10:10:19-06:00</time><course>358.51</course><roll>-2.93</roll><pitch>0.66</pitch><mode /></trkpt><trkpt lat="39.9586469" lon="-106.2170269"><ele>2488.24</ele><time>2018-06-21T10:10:20-06:00</time><course>0.12</course><roll>-2.88</roll><pitch>0.69</pitch><mode /></trkpt><trkpt lat="39.9586459" lon="-106.2170275"><ele>2488.25</ele><time>2018-06-21T10:10:20-06:00</time><course>0.99</course><roll>-2.87</roll><pitch>0.61</pitch><mode /></trkpt><trkpt lat="39.958645" lon="-106.217028"><ele>2488.21</ele><time>2018-06-21T10:10:20-06:00</time><course>1.89</course><roll>-2.8</roll><pitch>0.59</pitch><mode /></trkpt><trkpt lat="39.9586447" lon="-106.217028"><ele>2488.2</ele><time>2018-06-21T10:10:21-06:00</time><course>3.64</course><roll>-2.79</roll><pitch>0.59</pitch><mode /></trkpt><trkpt lat="39.9586438" lon="-106.2170286"><ele>2488.19</ele><time>2018-06-21T10:10:21-06:00</time><course>4.51</course><roll>-2.75</roll><pitch>0.6</pitch><mode /></trkpt><trkpt lat="39.9586443" lon="-106.2170281"><ele>2488.21</ele><time>2018-06-21T10:10:21-06:00</time><course>5.38</course><roll>-2.75</roll><pitch>0.55</pitch><mode /></trkpt><trkpt lat="39.9586454" lon="-106.2170272"><ele>2488.15</ele><time>2018-06-21T10:10:21-06:00</time><course>6.24</course><roll>-2.74</roll><pitch>0.63</pitch><mode /></trkpt><trkpt lat="39.9586466" lon="-106.2170262"><ele>2488.15</ele><time>2018-06-21T10:10:21-06:00</time><course>7.09</course><roll>-2.78</roll><pitch>0.71</pitch><mode /></trkpt><trkpt lat="39.9586461" lon="-106.2170266"><ele>2488.07</ele><time>2018-06-21T10:10:22-06:00</time><course>7.93</course><roll>-2.79</roll><pitch>0.76</pitch><mode /></trkpt><trkpt lat="39.9586443" lon="-106.2170274"><ele>2488.03</ele><time>2018-06-21T10:10:22-06:00</time><course>8.78</course><roll>-2.76</roll><pitch>0.72</pitch><mode /></trkpt><trkpt lat="39.9586435" lon="-106.2170281"><ele>2488.07</ele><time>2018-06-21T10:10:22-06:00</time><course>9.62</course><roll>-2.75</roll><pitch>0.61</pitch><mode /></trkpt><trkpt lat="39.9586424" lon="-106.2170288"><ele>2488.04</ele><time>2018-06-21T10:10:22-06:00</time><course>10.45</course><roll>-2.75</roll><pitch>0.56</pitch><mode /></trkpt><trkpt lat="39.9586434" lon="-106.2170284"><ele>2488.05</ele><time>2018-06-21T10:10:23-06:00</time><course>11.75</course><roll>-2.74</roll><pitch>0.6</pitch><mode /></trkpt><trkpt lat="39.9586443" lon="-106.2170279"><ele>2488.06</ele><time>2018-06-21T10:10:23-06:00</time><course>12.37</course><roll>-2.72</roll><pitch>0.64</pitch><mode /></trkpt><trkpt lat="39.9586449" lon="-106.2170276"><ele>2488.1</ele><time>2018-06-21T10:10:23-06:00</time><course>13.09</course><roll>-2.72</roll><pitch>0.66</pitch><mode /></trkpt><trkpt lat="39.9586448" lon="-106.2170277"><ele>2488.06</ele><time>2018-06-21T10:10:23-06:00</time><course>13.77</course><roll>-2.75</roll><pitch>0.66</pitch><mode /></trkpt><trkpt lat="39.9586451" lon="-106.2170274"><ele>2488.04</ele><time>2018-06-21T10:10:23-06:00</time><course>14.46</course><roll>-2.72</roll><pitch>0.64</pitch><mode /></trkpt><trkpt lat="39.9586446" lon="-106.2170277"><ele>2488.02</ele><time>2018-06-21T10:10:24-06:00</time><course>15.14</course><roll>-2.75</roll><pitch>0.62</pitch><mode /></trkpt><trkpt lat="39.9586448" lon="-106.2170277"><ele>2488.14</ele><time>2018-06-21T10:10:24-06:00</time><course>16.65</course><roll>-2.68</roll><pitch>0.67</pitch><mode /></trkpt><trkpt lat="39.958644" lon="-106.2170281"><ele>2488.15</ele><time>2018-06-21T10:10:24-06:00</time><course>17.44</course><roll>-2.68</roll><pitch>0.63</pitch><mode /></trkpt><trkpt lat="39.9586426" lon="-106.217029"><ele>2488.11</ele><time>2018-06-21T10:10:24-06:00</time><course>18.23</course><roll>-2.67</roll><pitch>0.58</pitch><mode /></trkpt><trkpt lat="39.9586418" lon="-106.2170294"><ele>2488.1</ele><time>2018-06-21T10:10:25-06:00</time><course>19</course><roll>-2.67</roll><pitch>0.52</pitch><mode /></trkpt><trkpt lat="39.9586409" lon="-106.2170299"><ele>2488.06</ele><time>2018-06-21T10:10:25-06:00</time><course>19.76</course><roll>-2.69</roll><pitch>0.47</pitch><mode /></trkpt><trkpt lat="39.958641" lon="-106.2170296"><ele>2488.02</ele><time>2018-06-21T10:10:25-06:00</time><course>21.28</course><roll>-2.67</roll><pitch>0.52</pitch><mode /></trkpt><trkpt lat="39.9586423" lon="-106.2170285"><ele>2488</ele><time>2018-06-21T10:10:25-06:00</time><course>22.03</course><roll>-2.66</roll><pitch>0.57</pitch><mode /></trkpt><trkpt lat="39.9586432" lon="-106.2170274"><ele>2488.02</ele><time>2018-06-21T10:10:26-06:00</time><course>22.77</course><roll>-2.67</roll><pitch>0.64</pitch><mode /></trkpt><trkpt lat="39.958643" lon="-106.2170272"><ele>2488.04</ele><time>2018-06-21T10:10:26-06:00</time><course>23.5</course><roll>-2.7</roll><pitch>0.62</pitch><mode /></trkpt><trkpt lat="39.9586428" lon="-106.217027"><ele>2488.07</ele><time>2018-06-21T10:10:26-06:00</time><course>24.23</course><roll>-2.68</roll><pitch>0.54</pitch><mode /></trkpt><trkpt lat="39.9586426" lon="-106.2170268"><ele>2488.07</ele><time>2018-06-21T10:10:26-06:00</time><course>24.96</course><roll>-2.66</roll><pitch>0.45</pitch><mode /></trkpt><trkpt lat="39.9586434" lon="-106.2170262"><ele>2488.03</ele><time>2018-06-21T10:10:26-06:00</time><course>25.67</course><roll>-2.64</roll><pitch>0.4</pitch><mode /></trkpt><trkpt lat="39.9586447" lon="-106.2170252"><ele>2488.11</ele><time>2018-06-21T10:10:27-06:00</time><course>26.39</course><roll>-2.61</roll><pitch>0.45</pitch><mode /></trkpt><trkpt lat="39.9586461" lon="-106.2170241"><ele>2488.11</ele><time>2018-06-21T10:10:27-06:00</time><course>27.09</course><roll>-2.59</roll><pitch>0.49</pitch><mode /></trkpt><trkpt lat="39.9586466" lon="-106.2170234"><ele>2488.08</ele><time>2018-06-21T10:10:27-06:00</time><course>27.78</course><roll>-2.59</roll><pitch>0.51</pitch><mode /></trkpt><trkpt lat="39.9586452" lon="-106.2170239"><ele>2488.08</ele><time>2018-06-21T10:10:27-06:00</time><course>28.47</course><roll>-2.62</roll><pitch>0.48</pitch><mode /></trkpt><trkpt lat="39.9586448" lon="-106.2170237"><ele>2488.09</ele><time>2018-06-21T10:10:27-06:00</time><course>29.16</course><roll>-2.69</roll><pitch>0.32</pitch><mode /></trkpt><trkpt lat="39.9586443" lon="-106.2170243"><ele>2488.05</ele><time>2018-06-21T10:10:28-06:00</time><course>29.78</course><roll>-2.67</roll><pitch>0.28</pitch><mode /></trkpt><trkpt lat="39.9586421" lon="-106.2170251"><ele>2488.02</ele><time>2018-06-21T10:10:28-06:00</time><course>30.95</course><roll>-2.64</roll><pitch>0.1</pitch><mode /></trkpt><trkpt lat="39.958643" lon="-106.2170245"><ele>2487.97</ele><time>2018-06-21T10:10:28-06:00</time><course>31.55</course><roll>-2.64</roll><pitch>0.01</pitch><mode /></trkpt><trkpt lat="39.9586441" lon="-106.2170237"><ele>2488.09</ele><time>2018-06-21T10:10:28-06:00</time><course>32.14</course><roll>-2.63</roll><pitch>0.05</pitch><mode /></trkpt><trkpt lat="39.9586451" lon="-106.217023"><ele>2488.07</ele><time>2018-06-21T10:10:29-06:00</time><course>32.71</course><roll>-2.61</roll><pitch>0.07</pitch><mode /></trkpt><trkpt lat="39.9586445" lon="-106.2170235"><ele>2487.95</ele><time>2018-06-21T10:10:29-06:00</time><course>33.32</course><roll>-2.62</roll><pitch>0.1</pitch><mode /></trkpt><trkpt lat="39.9586437" lon="-106.2170243"><ele>2487.88</ele><time>2018-06-21T10:10:29-06:00</time><course>33.93</course><roll>-2.61</roll><pitch>0.06</pitch><mode /></trkpt><trkpt lat="39.9586406" lon="-106.2170265"><ele>2487.88</ele><time>2018-06-21T10:10:29-06:00</time><course>34.55</course><roll>-2.58</roll><pitch>-0.03</pitch><mode /></trkpt><trkpt lat="39.9586407" lon="-106.2170268"><ele>2487.93</ele><time>2018-06-21T10:10:29-06:00</time><course>35.16</course><roll>-2.6</roll><pitch>-0.24</pitch><mode /></trkpt><trkpt lat="39.958641" lon="-106.2170266"><ele>2487.91</ele><time>2018-06-21T10:10:30-06:00</time><course>35.77</course><roll>-2.56</roll><pitch>-0.21</pitch><mode /></trkpt><trkpt lat="39.9586417" lon="-106.2170262"><ele>2487.91</ele><time>2018-06-21T10:10:30-06:00</time><course>36.38</course><roll>-2.59</roll><pitch>-0.19</pitch><mode /></trkpt><trkpt lat="39.9586428" lon="-106.2170255"><ele>2487.9</ele><time>2018-06-21T10:10:30-06:00</time><course>36.98</course><roll>-2.58</roll><pitch>-0.12</pitch><mode /></trkpt><trkpt lat="39.9586434" lon="-106.2170249"><ele>2487.9</ele><time>2018-06-21T10:10:30-06:00</time><course>37.57</course><roll>-2.57</roll><pitch>-0.05</pitch><mode /></trkpt><trkpt lat="39.9586443" lon="-106.2170242"><ele>2487.94</ele><time>2018-06-21T10:10:30-06:00</time><course>38.16</course><roll>-2.6</roll><pitch>-0.01</pitch><mode /></trkpt><trkpt lat="39.9586448" lon="-106.2170239"><ele>2487.93</ele><time>2018-06-21T10:10:31-06:00</time><course>38.74</course><roll>-2.6</roll><pitch>0.02</pitch><mode /></trkpt><trkpt lat="39.9586449" lon="-106.2170238"><ele>2487.92</ele><time>2018-06-21T10:10:31-06:00</time><course>39.32</course><roll>-2.6</roll><pitch>0.02</pitch><mode /></trkpt><trkpt lat="39.9586432" lon="-106.2170249"><ele>2487.89</ele><time>2018-06-21T10:10:31-06:00</time><course>39.88</course><roll>-2.61</roll><pitch>0</pitch><mode /></trkpt><trkpt lat="39.9586424" lon="-106.2170257"><ele>2487.84</ele><time>2018-06-21T10:10:31-06:00</time><course>40.44</course><roll>-2.65</roll><pitch>-0.09</pitch><mode /></trkpt><trkpt lat="39.9586426" lon="-106.2170255"><ele>2487.82</ele><time>2018-06-21T10:10:31-06:00</time><course>40.99</course><roll>-2.64</roll><pitch>-0.12</pitch><mode /></trkpt><trkpt lat="39.9586401" lon="-106.2170273"><ele>2487.8</ele><time>2018-06-21T10:10:32-06:00</time><course>41.54</course><roll>-2.66</roll><pitch>-0.13</pitch><mode /></trkpt><trkpt lat="39.9586407" lon="-106.2170268"><ele>2487.8</ele><time>2018-06-21T10:10:32-06:00</time><course>42.08</course><roll>-2.68</roll><pitch>-0.25</pitch><mode /></trkpt><trkpt lat="39.9586409" lon="-106.2170264"><ele>2487.79</ele><time>2018-06-21T10:10:32-06:00</time><course>42.6</course><roll>-2.68</roll><pitch>-0.19</pitch><mode /></trkpt><trkpt lat="39.9586406" lon="-106.2170267"><ele>2487.74</ele><time>2018-06-21T10:10:32-06:00</time><course>43.13</course><roll>-2.69</roll><pitch>-0.17</pitch><mode /></trkpt><trkpt lat="39.9586405" lon="-106.2170268"><ele>2487.73</ele><time>2018-06-21T10:10:32-06:00</time><course>43.64</course><roll>-2.71</roll><pitch>-0.22</pitch><mode /></trkpt><trkpt lat="39.9586414" lon="-106.2170262"><ele>2487.73</ele><time>2018-06-21T10:10:33-06:00</time><course>44.15</course><roll>-2.71</roll><pitch>-0.26</pitch><mode /></trkpt><trkpt lat="39.9586419" lon="-106.2170258"><ele>2487.71</ele><time>2018-06-21T10:10:33-06:00</time><course>44.66</course><roll>-2.69</roll><pitch>-0.24</pitch><mode /></trkpt><trkpt lat="39.9586436" lon="-106.2170246"><ele>2487.72</ele><time>2018-06-21T10:10:33-06:00</time><course>45.16</course><roll>-2.7</roll><pitch>-0.21</pitch><mode /></trkpt><trkpt lat="39.9586448" lon="-106.2170236"><ele>2487.68</ele><time>2018-06-21T10:10:33-06:00</time><course>45.65</course><roll>-2.69</roll><pitch>-0.11</pitch><mode /></trkpt><trkpt lat="39.9586484" lon="-106.2170208"><ele>2487.53</ele><time>2018-06-21T10:10:33-06:00</time><course>46.15</course><roll>-2.69</roll><pitch>-0.02</pitch><mode /></trkpt><trkpt lat="39.9586486" lon="-106.2170209"><ele>2487.49</ele><time>2018-06-21T10:10:34-06:00</time><course>46.64</course><roll>-2.65</roll><pitch>0.13</pitch><mode /></trkpt><trkpt lat="39.9586493" lon="-106.2170206"><ele>2487.44</ele><time>2018-06-21T10:10:34-06:00</time><course>47.12</course><roll>-2.63</roll><pitch>0.04</pitch><mode /></trkpt><trkpt lat="39.9586512" lon="-106.2170201"><ele>2487.28</ele><time>2018-06-21T10:10:34-06:00</time><course>48.51</course><roll>-2.69</roll><pitch>-0.22</pitch><mode /></trkpt><trkpt lat="39.9586525" lon="-106.2170195"><ele>2487.23</ele><time>2018-06-21T10:10:35-06:00</time><course>48.96</course><roll>-2.69</roll><pitch>-0.23</pitch><mode /></trkpt><trkpt lat="39.9586547" lon="-106.2170181"><ele>2487.2</ele><time>2018-06-21T10:10:35-06:00</time><course>49.4</course><roll>-2.68</roll><pitch>-0.23</pitch><mode /></trkpt><trkpt lat="39.9586558" lon="-106.2170173"><ele>2487.18</ele><time>2018-06-21T10:10:35-06:00</time><course>49.84</course><roll>-2.66</roll><pitch>-0.17</pitch><mode /></trkpt><trkpt lat="39.9586564" lon="-106.2170169"><ele>2487.19</ele><time>2018-06-21T10:10:35-06:00</time><course>50.27</course><roll>-2.69</roll><pitch>-0.2</pitch><mode /></trkpt><trkpt lat="39.9586594" lon="-106.2170149"><ele>2487.27</ele><time>2018-06-21T10:10:35-06:00</time><course>50.69</course><roll>-2.71</roll><pitch>-0.26</pitch><mode /></trkpt><trkpt lat="39.9586625" lon="-106.2170126"><ele>2487.34</ele><time>2018-06-21T10:10:36-06:00</time><course>51.11</course><roll>-2.67</roll><pitch>-0.22</pitch><mode /></trkpt><trkpt lat="39.9586637" lon="-106.2170117"><ele>2487.34</ele><time>2018-06-21T10:10:36-06:00</time><course>51.52</course><roll>-2.66</roll><pitch>-0.17</pitch><mode /></trkpt><trkpt lat="39.9586663" lon="-106.2170095"><ele>2487.35</ele><time>2018-06-21T10:10:36-06:00</time><course>51.93</course><roll>-2.7</roll><pitch>-0.19</pitch><mode /></trkpt><trkpt lat="39.9586672" lon="-106.2170087"><ele>2487.32</ele><time>2018-06-21T10:10:36-06:00</time><course>52.33</course><roll>-2.73</roll><pitch>-0.13</pitch><mode /></trkpt><trkpt lat="39.9586656" lon="-106.2170103"><ele>2487.37</ele><time>2018-06-21T10:10:36-06:00</time><course>52.73</course><roll>-2.74</roll><pitch>-0.19</pitch><mode /></trkpt><trkpt lat="39.9586653" lon="-106.2170108"><ele>2487.38</ele><time>2018-06-21T10:10:37-06:00</time><course>53.12</course><roll>-2.77</roll><pitch>-0.42</pitch><mode /></trkpt><trkpt lat="39.9586672" lon="-106.2170091"><ele>2487.47</ele><time>2018-06-21T10:10:37-06:00</time><course>53.5</course><roll>-2.81</roll><pitch>-0.55</pitch><mode /></trkpt><trkpt lat="39.9586674" lon="-106.217009"><ele>2487.42</ele><time>2018-06-21T10:10:37-06:00</time><course>53.87</course><roll>-2.82</roll><pitch>-0.51</pitch><mode /></trkpt><trkpt lat="39.9586673" lon="-106.2170093"><ele>2487.49</ele><time>2018-06-21T10:10:37-06:00</time><course>54.23</course><roll>-2.82</roll><pitch>-0.57</pitch><mode /></trkpt><trkpt lat="39.9586692" lon="-106.2170078"><ele>2487.53</ele><time>2018-06-21T10:10:37-06:00</time><course>54.59</course><roll>-2.8</roll><pitch>-0.63</pitch><mode /></trkpt><trkpt lat="39.9586704" lon="-106.2170067"><ele>2487.54</ele><time>2018-06-21T10:10:38-06:00</time><course>54.95</course><roll>-2.77</roll><pitch>-0.51</pitch><mode /></trkpt><trkpt lat="39.9586707" lon="-106.2170066"><ele>2487.5</ele><time>2018-06-21T10:10:38-06:00</time><course>55.3</course><roll>-2.76</roll><pitch>-0.46</pitch><mode /></trkpt><trkpt lat="39.9586721" lon="-106.217006"><ele>2487.54</ele><time>2018-06-21T10:10:38-06:00</time><course>55.65</course><roll>-2.75</roll><pitch>-0.48</pitch><mode /></trkpt><trkpt lat="39.9586712" lon="-106.2170069"><ele>2487.54</ele><time>2018-06-21T10:10:38-06:00</time><course>56</course><roll>-2.67</roll><pitch>-0.46</pitch><mode /></trkpt><trkpt lat="39.9586698" lon="-106.2170081"><ele>2487.54</ele><time>2018-06-21T10:10:38-06:00</time><course>56.35</course><roll>-2.73</roll><pitch>-0.55</pitch><mode /></trkpt><trkpt lat="39.9586681" lon="-106.2170096"><ele>2487.53</ele><time>2018-06-21T10:10:39-06:00</time><course>56.68</course><roll>-2.81</roll><pitch>-0.64</pitch><mode /></trkpt><trkpt lat="39.958668" lon="-106.2170099"><ele>2487.48</ele><time>2018-06-21T10:10:39-06:00</time><course>57.01</course><roll>-2.88</roll><pitch>-0.74</pitch><mode /></trkpt><trkpt lat="39.9586698" lon="-106.2170091"><ele>2487.5</ele><time>2018-06-21T10:10:39-06:00</time><course>57.65</course><roll>-2.81</roll><pitch>-0.67</pitch><mode /></trkpt><trkpt lat="39.9586699" lon="-106.2170089"><ele>2487.4</ele><time>2018-06-21T10:10:39-06:00</time><course>57.97</course><roll>-2.75</roll><pitch>-0.56</pitch><mode /></trkpt><trkpt lat="39.9586673" lon="-106.2170109"><ele>2487.38</ele><time>2018-06-21T10:10:40-06:00</time><course>58.29</course><roll>-2.8</roll><pitch>-0.5</pitch><mode /></trkpt><trkpt lat="39.9586651" lon="-106.2170129"><ele>2487.37</ele><time>2018-06-21T10:10:40-06:00</time><course>58.6</course><roll>-2.87</roll><pitch>-0.67</pitch><mode /></trkpt><trkpt lat="39.9586659" lon="-106.2170123"><ele>2487.37</ele><time>2018-06-21T10:10:40-06:00</time><course>58.9</course><roll>-2.92</roll><pitch>-0.79</pitch><mode /></trkpt><trkpt lat="39.9586658" lon="-106.2170122"><ele>2487.32</ele><time>2018-06-21T10:10:40-06:00</time><course>59.2</course><roll>-2.88</roll><pitch>-0.7</pitch><mode /></trkpt><trkpt lat="39.9586668" lon="-106.2170111"><ele>2487.32</ele><time>2018-06-21T10:10:40-06:00</time><course>59.49</course><roll>-2.89</roll><pitch>-0.66</pitch><mode /></trkpt><trkpt lat="39.9586659" lon="-106.2170122"><ele>2487.39</ele><time>2018-06-21T10:10:41-06:00</time><course>59.77</course><roll>-2.87</roll><pitch>-0.58</pitch><mode /></trkpt><trkpt lat="39.9586664" lon="-106.2170118"><ele>2487.46</ele><time>2018-06-21T10:10:41-06:00</time><course>60.06</course><roll>-2.88</roll><pitch>-0.68</pitch><mode /></trkpt><trkpt lat="39.9586682" lon="-106.2170103"><ele>2487.52</ele><time>2018-06-21T10:10:41-06:00</time><course>60.35</course><roll>-2.87</roll><pitch>-0.64</pitch><mode /></trkpt><trkpt lat="39.9586706" lon="-106.2170085"><ele>2487.43</ele><time>2018-06-21T10:10:41-06:00</time><course>60.62</course><roll>-2.81</roll><pitch>-0.53</pitch><mode /></trkpt><trkpt lat="39.9586698" lon="-106.2170093"><ele>2487.47</ele><time>2018-06-21T10:10:41-06:00</time><course>60.89</course><roll>-2.72</roll><pitch>-0.42</pitch><mode /></trkpt><trkpt lat="39.9586722" lon="-106.2170074"><ele>2487.53</ele><time>2018-06-21T10:10:42-06:00</time><course>61.44</course><roll>-2.77</roll><pitch>-0.58</pitch><mode /></trkpt><trkpt lat="39.9586734" lon="-106.2170063"><ele>2487.43</ele><time>2018-06-21T10:10:42-06:00</time><course>61.69</course><roll>-2.71</roll><pitch>-0.44</pitch><mode /></trkpt><trkpt lat="39.9586737" lon="-106.2170061"><ele>2487.47</ele><time>2018-06-21T10:10:42-06:00</time><course>61.95</course><roll>-2.7</roll><pitch>-0.39</pitch><mode /></trkpt><trkpt lat="39.9586749" lon="-106.217005"><ele>2487.43</ele><time>2018-06-21T10:10:42-06:00</time><course>62.2</course><roll>-2.68</roll><pitch>-0.46</pitch><mode /></trkpt><trkpt lat="39.9586763" lon="-106.2170037"><ele>2487.44</ele><time>2018-06-21T10:10:43-06:00</time><course>62.46</course><roll>-2.69</roll><pitch>-0.43</pitch><mode /></trkpt><trkpt lat="39.9585832" lon="-106.217109"><ele>2484.16</ele><time>2018-06-21T10:12:23-06:00</time><course>71.37</course><roll>-5.85</roll><pitch>-0.02</pitch><mode /></trkpt><trkpt lat="39.9585827" lon="-106.2171084"><ele>2484.18</ele><time>2018-06-21T10:12:23-06:00</time><course>71.43</course><roll>-5.87</roll><pitch>-0.03</pitch><mode /></trkpt><trkpt lat="39.9585824" lon="-106.2171082"><ele>2484.15</ele><time>2018-06-21T10:12:23-06:00</time><course>71.49</course><roll>-5.95</roll><pitch>-0.02</pitch><mode /></trkpt><trkpt lat="39.9585819" lon="-106.2171078"><ele>2484.04</ele><time>2018-06-21T10:12:23-06:00</time><course>71.5</course><roll>-5.94</roll><pitch>-0.05</pitch><mode /></trkpt><trkpt lat="39.9585815" lon="-106.2171077"><ele>2483.98</ele><time>2018-06-21T10:12:24-06:00</time><course>71.55</course><roll>-5.98</roll><pitch>-0.05</pitch><mode /></trkpt><trkpt lat="39.958581" lon="-106.2171074"><ele>2483.91</ele><time>2018-06-21T10:12:24-06:00</time><course>71.62</course><roll>-5.98</roll><pitch>-0.08</pitch><mode /></trkpt><trkpt lat="39.9585805" lon="-106.2171068"><ele>2483.8</ele><time>2018-06-21T10:12:24-06:00</time><course>71.66</course><roll>-5.99</roll><pitch>-0.09</pitch><mode /></trkpt><trkpt lat="39.9585797" lon="-106.2171058"><ele>2483.68</ele><time>2018-06-21T10:12:24-06:00</time><course>71.69</course><roll>-6.02</roll><pitch>-0.07</pitch><mode /></trkpt><trkpt lat="39.9585794" lon="-106.2171056"><ele>2483.65</ele><time>2018-06-21T10:12:24-06:00</time><course>71.74</course><roll>-6.07</roll><pitch>-0.05</pitch><mode /></trkpt><trkpt lat="39.958579" lon="-106.2171049"><ele>2483.45</ele><time>2018-06-21T10:12:25-06:00</time><course>71.78</course><roll>-6.12</roll><pitch>-0.24</pitch><mode /></trkpt><trkpt lat="39.9585787" lon="-106.2171054"><ele>2483.52</ele><time>2018-06-21T10:12:25-06:00</time><course>71.78</course><roll>-6.07</roll><pitch>-0.21</pitch><mode /></trkpt><trkpt lat="39.9585785" lon="-106.2171061"><ele>2483.59</ele><time>2018-06-21T10:12:25-06:00</time><course>71.81</course><roll>-6.12</roll><pitch>-0.36</pitch><mode /></trkpt><trkpt lat="39.9585784" lon="-106.2171066"><ele>2483.74</ele><time>2018-06-21T10:12:25-06:00</time><course>71.75</course><roll>-6.01</roll><pitch>-0.32</pitch><mode /></trkpt><trkpt lat="39.9585783" lon="-106.2171071"><ele>2483.86</ele><time>2018-06-21T10:12:26-06:00</time><course>71.76</course><roll>-6.29</roll><pitch>-0.55</pitch><mode /></trkpt><trkpt lat="39.9585782" lon="-106.2171075"><ele>2483.89</ele><time>2018-06-21T10:12:26-06:00</time><course>71.63</course><roll>-6.53</roll><pitch>-0.49</pitch><mode /></trkpt><trkpt lat="39.9585781" lon="-106.2171082"><ele>2483.98</ele><time>2018-06-21T10:12:26-06:00</time><course>71.73</course><roll>-6.38</roll><pitch>-0.5</pitch><mode /></trkpt><trkpt lat="39.9585779" lon="-106.2171093"><ele>2484</ele><time>2018-06-21T10:12:26-06:00</time><course>71.62</course><roll>-6.39</roll><pitch>-0.5</pitch><mode /></trkpt><trkpt lat="39.9585778" lon="-106.2171104"><ele>2483.9</ele><time>2018-06-21T10:12:26-06:00</time><course>71.55</course><roll>-6.11</roll><pitch>-0.4</pitch><mode /></trkpt><trkpt lat="39.9585777" lon="-106.2171111"><ele>2483.87</ele><time>2018-06-21T10:12:27-06:00</time><course>71.59</course><roll>-6.18</roll><pitch>-0.61</pitch><mode /></trkpt><trkpt lat="39.9585773" lon="-106.217112"><ele>2483.89</ele><time>2018-06-21T10:12:27-06:00</time><course>71.59</course><roll>-6.3</roll><pitch>-0.54</pitch><mode /></trkpt><trkpt lat="39.9585771" lon="-106.2171123"><ele>2483.88</ele><time>2018-06-21T10:12:27-06:00</time><course>71.66</course><roll>-6.12</roll><pitch>-0.48</pitch><mode /></trkpt><trkpt lat="39.9585768" lon="-106.217113"><ele>2483.89</ele><time>2018-06-21T10:12:27-06:00</time><course>71.62</course><roll>-6.16</roll><pitch>-0.58</pitch><mode /></trkpt><trkpt lat="39.9585764" lon="-106.2171135"><ele>2483.91</ele><time>2018-06-21T10:12:27-06:00</time><course>71.65</course><roll>-6.13</roll><pitch>-0.59</pitch><mode /></trkpt><trkpt lat="39.9585761" lon="-106.2171147"><ele>2484.03</ele><time>2018-06-21T10:12:28-06:00</time><course>71.73</course><roll>-6.15</roll><pitch>-0.5</pitch><mode /></trkpt><trkpt lat="39.958576" lon="-106.2171159"><ele>2484.11</ele><time>2018-06-21T10:12:28-06:00</time><course>71.76</course><roll>-5.97</roll><pitch>-0.39</pitch><mode /></trkpt><trkpt lat="39.9585757" lon="-106.2171172"><ele>2484.21</ele><time>2018-06-21T10:12:28-06:00</time><course>71.89</course><roll>-5.98</roll><pitch>-0.43</pitch><mode /></trkpt><trkpt lat="39.9585756" lon="-106.2171184"><ele>2484.39</ele><time>2018-06-21T10:12:29-06:00</time><course>72.02</course><roll>-6.08</roll><pitch>-0.28</pitch><mode /></trkpt><trkpt lat="39.9585758" lon="-106.21712"><ele>2484.54</ele><time>2018-06-21T10:12:29-06:00</time><course>72.14</course><roll>-6.08</roll><pitch>-0.26</pitch><mode /></trkpt><trkpt lat="39.9585755" lon="-106.2171213"><ele>2484.72</ele><time>2018-06-21T10:12:29-06:00</time><course>72.17</course><roll>-6.09</roll><pitch>-0.32</pitch><mode /></trkpt><trkpt lat="39.9585752" lon="-106.2171217"><ele>2484.84</ele><time>2018-06-21T10:12:30-06:00</time><course>72.18</course><roll>-6.11</roll><pitch>-0.29</pitch><mode /></trkpt><trkpt lat="39.958575" lon="-106.217122"><ele>2484.94</ele><time>2018-06-21T10:12:30-06:00</time><course>72.24</course><roll>-6.14</roll><pitch>-0.26</pitch><mode /></trkpt><trkpt lat="39.9585751" lon="-106.217123"><ele>2484.99</ele><time>2018-06-21T10:12:30-06:00</time><course>72.27</course><roll>-6.14</roll><pitch>-0.29</pitch><mode /></trkpt><trkpt lat="39.958575" lon="-106.217125"><ele>2485.07</ele><time>2018-06-21T10:12:30-06:00</time><course>72.3</course><roll>-6.11</roll><pitch>-0.37</pitch><mode /></trkpt><trkpt lat="39.9585747" lon="-106.2171262"><ele>2485.21</ele><time>2018-06-21T10:12:31-06:00</time><course>72.36</course><roll>-6.14</roll><pitch>-0.4</pitch><mode /></trkpt><trkpt lat="39.9585746" lon="-106.2171276"><ele>2485.3</ele><time>2018-06-21T10:12:31-06:00</time><course>72.38</course><roll>-6.12</roll><pitch>-0.42</pitch><mode /></trkpt><trkpt lat="39.9585745" lon="-106.2171281"><ele>2485.22</ele><time>2018-06-21T10:12:31-06:00</time><course>72.46</course><roll>-6.11</roll><pitch>-0.4</pitch><mode /></trkpt><trkpt lat="39.9585744" lon="-106.2171286"><ele>2485.2</ele><time>2018-06-21T10:12:31-06:00</time><course>72.48</course><roll>-6.12</roll><pitch>-0.37</pitch><mode /></trkpt><trkpt lat="39.9585736" lon="-106.2171289"><ele>2485.15</ele><time>2018-06-21T10:12:32-06:00</time><course>72.5</course><roll>-6.12</roll><pitch>-0.38</pitch><mode /></trkpt><trkpt lat="39.9585733" lon="-106.2171287"><ele>2485.17</ele><time>2018-06-21T10:12:32-06:00</time><course>72.54</course><roll>-6.2</roll><pitch>-0.41</pitch><mode /></trkpt><trkpt lat="39.958573" lon="-106.2171295"><ele>2485.24</ele><time>2018-06-21T10:12:32-06:00</time><course>72.57</course><roll>-6.29</roll><pitch>-0.43</pitch><mode /></trkpt><trkpt lat="39.9585729" lon="-106.2171299"><ele>2485.22</ele><time>2018-06-21T10:12:32-06:00</time><course>72.56</course><roll>-6.34</roll><pitch>-0.6</pitch><mode /></trkpt><trkpt lat="39.9585727" lon="-106.2171298"><ele>2485.13</ele><time>2018-06-21T10:12:33-06:00</time><course>72.58</course><roll>-6.3</roll><pitch>-0.59</pitch><mode /></trkpt><trkpt lat="39.9585724" lon="-106.2171299"><ele>2485.07</ele><time>2018-06-21T10:12:33-06:00</time><course>72.6</course><roll>-6.28</roll><pitch>-0.55</pitch><mode /></trkpt><trkpt lat="39.958572" lon="-106.2171294"><ele>2485.03</ele><time>2018-06-21T10:12:33-06:00</time><course>72.65</course><roll>-6.27</roll><pitch>-0.54</pitch><mode /></trkpt><trkpt lat="39.9585717" lon="-106.217129"><ele>2484.95</ele><time>2018-06-21T10:12:33-06:00</time><course>72.65</course><roll>-6.35</roll><pitch>-0.58</pitch><mode /></trkpt><trkpt lat="39.9585713" lon="-106.2171284"><ele>2484.92</ele><time>2018-06-21T10:12:34-06:00</time><course>72.69</course><roll>-6.36</roll><pitch>-0.54</pitch><mode /></trkpt><trkpt lat="39.9585704" lon="-106.2171273"><ele>2484.76</ele><time>2018-06-21T10:12:34-06:00</time><course>72.71</course><roll>-6.38</roll><pitch>-0.53</pitch><mode /></trkpt><trkpt lat="39.9585699" lon="-106.2171268"><ele>2484.69</ele><time>2018-06-21T10:12:34-06:00</time><course>72.72</course><roll>-6.45</roll><pitch>-0.51</pitch><mode /></trkpt><trkpt lat="39.9585694" lon="-106.2171265"><ele>2484.59</ele><time>2018-06-21T10:12:34-06:00</time><course>72.73</course><roll>-6.43</roll><pitch>-0.53</pitch><mode /></trkpt><trkpt lat="39.958569" lon="-106.217126"><ele>2484.6</ele><time>2018-06-21T10:12:34-06:00</time><course>72.75</course><roll>-6.4</roll><pitch>-0.56</pitch><mode /></trkpt><trkpt lat="39.9585686" lon="-106.2171256"><ele>2484.58</ele><time>2018-06-21T10:12:35-06:00</time><course>72.78</course><roll>-6.39</roll><pitch>-0.58</pitch><mode /></trkpt><trkpt lat="39.9585685" lon="-106.2171252"><ele>2484.58</ele><time>2018-06-21T10:12:35-06:00</time><course>72.79</course><roll>-6.36</roll><pitch>-0.51</pitch><mode /></trkpt><trkpt lat="39.9585681" lon="-106.2171244"><ele>2484.48</ele><time>2018-06-21T10:12:35-06:00</time><course>72.77</course><roll>-6.33</roll><pitch>-0.59</pitch><mode /></trkpt><trkpt lat="39.9585679" lon="-106.2171236"><ele>2484.4</ele><time>2018-06-21T10:12:35-06:00</time><course>72.79</course><roll>-6.35</roll><pitch>-0.47</pitch><mode /></trkpt><trkpt lat="39.9585677" lon="-106.2171231"><ele>2484.36</ele><time>2018-06-21T10:12:35-06:00</time><course>72.77</course><roll>-6.29</roll><pitch>-0.52</pitch><mode /></trkpt><trkpt lat="39.9585675" lon="-106.2171228"><ele>2484.39</ele><time>2018-06-21T10:12:36-06:00</time><course>72.79</course><roll>-6.28</roll><pitch>-0.58</pitch><mode /></trkpt><trkpt lat="39.9585676" lon="-106.217123"><ele>2484.45</ele><time>2018-06-21T10:12:36-06:00</time><course>72.79</course><roll>-6.36</roll><pitch>-0.52</pitch><mode /></trkpt><trkpt lat="39.9585675" lon="-106.2171229"><ele>2484.43</ele><time>2018-06-21T10:12:36-06:00</time><course>72.83</course><roll>-6.34</roll><pitch>-0.74</pitch><mode /></trkpt><trkpt lat="39.9585672" lon="-106.2171224"><ele>2484.33</ele><time>2018-06-21T10:12:36-06:00</time><course>72.87</course><roll>-6.16</roll><pitch>-0.51</pitch><mode /></trkpt><trkpt lat="39.958567" lon="-106.2171221"><ele>2484.28</ele><time>2018-06-21T10:12:36-06:00</time><course>72.85</course><roll>-6.42</roll><pitch>-0.58</pitch><mode /></trkpt><trkpt lat="39.9585671" lon="-106.2171224"><ele>2484.27</ele><time>2018-06-21T10:12:37-06:00</time><course>72.89</course><roll>-6.4</roll><pitch>-0.62</pitch><mode /></trkpt><trkpt lat="39.9585667" lon="-106.217122"><ele>2484.23</ele><time>2018-06-21T10:12:37-06:00</time><course>72.93</course><roll>-6.36</roll><pitch>-0.61</pitch><mode /></trkpt><trkpt lat="39.9585663" lon="-106.2171217"><ele>2484.15</ele><time>2018-06-21T10:12:37-06:00</time><course>72.88</course><roll>-6.4</roll><pitch>-0.52</pitch><mode /></trkpt><trkpt lat="39.9585662" lon="-106.2171212"><ele>2484.11</ele><time>2018-06-21T10:12:37-06:00</time><course>72.86</course><roll>-6.38</roll><pitch>-0.51</pitch><mode /></trkpt><trkpt lat="39.9585658" lon="-106.2171206"><ele>2484.08</ele><time>2018-06-21T10:12:38-06:00</time><course>72.79</course><roll>-6.15</roll><pitch>-0.4</pitch><mode /></trkpt><trkpt lat="39.9585656" lon="-106.21712"><ele>2483.94</ele><time>2018-06-21T10:12:38-06:00</time><course>72.72</course><roll>-6</roll><pitch>-0.18</pitch><mode /></trkpt><trkpt lat="39.9585654" lon="-106.2171193"><ele>2483.85</ele><time>2018-06-21T10:12:38-06:00</time><course>72.73</course><roll>-5.93</roll><pitch>-0.1</pitch><mode /></trkpt><trkpt lat="39.9585652" lon="-106.2171187"><ele>2483.75</ele><time>2018-06-21T10:12:38-06:00</time><course>72.76</course><roll>-5.82</roll><pitch>-0.02</pitch><mode /></trkpt><trkpt lat="39.9585649" lon="-106.2171181"><ele>2483.7</ele><time>2018-06-21T10:12:39-06:00</time><course>72.74</course><roll>-5.78</roll><pitch>0.07</pitch><mode /></trkpt><trkpt lat="39.958565" lon="-106.2171182"><ele>2483.66</ele><time>2018-06-21T10:12:39-06:00</time><course>72.69</course><roll>-5.87</roll><pitch>0.02</pitch><mode /></trkpt><trkpt lat="39.9585648" lon="-106.217118"><ele>2483.63</ele><time>2018-06-21T10:12:39-06:00</time><course>72.78</course><roll>-5.87</roll><pitch>-0.11</pitch><mode /></trkpt><trkpt lat="39.9585649" lon="-106.2171178"><ele>2483.73</ele><time>2018-06-21T10:12:39-06:00</time><course>72.91</course><roll>-6.28</roll><pitch>-0.45</pitch><mode /></trkpt><trkpt lat="39.9585648" lon="-106.2171174"><ele>2483.77</ele><time>2018-06-21T10:12:39-06:00</time><course>72.94</course><roll>-6.31</roll><pitch>-0.44</pitch><mode /></trkpt><trkpt lat="39.9585646" lon="-106.2171166"><ele>2483.68</ele><time>2018-06-21T10:12:40-06:00</time><course>72.95</course><roll>-6.34</roll><pitch>-0.49</pitch><mode /></trkpt><trkpt lat="39.9585645" lon="-106.2171158"><ele>2483.79</ele><time>2018-06-21T10:12:40-06:00</time><course>72.85</course><roll>-6.5</roll><pitch>-0.48</pitch><mode /></trkpt><trkpt lat="39.9585642" lon="-106.217115"><ele>2483.72</ele><time>2018-06-21T10:12:40-06:00</time><course>72.86</course><roll>-6.01</roll><pitch>0</pitch><mode /></trkpt><trkpt lat="39.9585638" lon="-106.2171139"><ele>2483.6</ele><time>2018-06-21T10:12:40-06:00</time><course>72.77</course><roll>-5.91</roll><pitch>0.14</pitch><mode /></trkpt><trkpt lat="39.9585645" lon="-106.2171146"><ele>2483.77</ele><time>2018-06-21T10:12:41-06:00</time><course>72.72</course><roll>-5.88</roll><pitch>0.07</pitch><mode /></trkpt><trkpt lat="39.9585646" lon="-106.2171145"><ele>2483.79</ele><time>2018-06-21T10:12:41-06:00</time><course>72.77</course><roll>-5.75</roll><pitch>-0.12</pitch><mode /></trkpt><trkpt lat="39.9585647" lon="-106.2171144"><ele>2483.79</ele><time>2018-06-21T10:12:41-06:00</time><course>72.96</course><roll>-6.05</roll><pitch>-0.5</pitch><mode /></trkpt><trkpt lat="39.9585646" lon="-106.2171137"><ele>2483.65</ele><time>2018-06-21T10:12:41-06:00</time><course>72.85</course><roll>-5.76</roll><pitch>-0.07</pitch><mode /></trkpt><trkpt lat="39.9585648" lon="-106.217114"><ele>2483.64</ele><time>2018-06-21T10:12:42-06:00</time><course>72.95</course><roll>-5.91</roll><pitch>-0.37</pitch><mode /></trkpt><trkpt lat="39.958565" lon="-106.2171142"><ele>2483.72</ele><time>2018-06-21T10:12:42-06:00</time><course>73.03</course><roll>-5.91</roll><pitch>-0.23</pitch><mode /></trkpt><trkpt lat="39.9585648" lon="-106.217113"><ele>2483.72</ele><time>2018-06-21T10:12:42-06:00</time><course>73.05</course><roll>-6.06</roll><pitch>-0.29</pitch><mode /></trkpt><trkpt lat="39.9585649" lon="-106.2171128"><ele>2483.76</ele><time>2018-06-21T10:12:42-06:00</time><course>73.02</course><roll>-6.2</roll><pitch>-0.26</pitch><mode /></trkpt><trkpt lat="39.9585647" lon="-106.2171124"><ele>2483.83</ele><time>2018-06-21T10:12:43-06:00</time><course>73.06</course><roll>-6.14</roll><pitch>-0.23</pitch><mode /></trkpt><trkpt lat="39.9585648" lon="-106.217112"><ele>2483.83</ele><time>2018-06-21T10:12:43-06:00</time><course>73.07</course><roll>-6.2</roll><pitch>-0.22</pitch><mode /></trkpt><trkpt lat="39.9585646" lon="-106.2171111"><ele>2483.86</ele><time>2018-06-21T10:12:43-06:00</time><course>73.07</course><roll>-6.17</roll><pitch>-0.3</pitch><mode /></trkpt><trkpt lat="39.9585643" lon="-106.2171103"><ele>2483.77</ele><time>2018-06-21T10:12:44-06:00</time><course>73.03</course><roll>-6.2</roll><pitch>-0.31</pitch><mode /></trkpt><trkpt lat="39.958564" lon="-106.2171093"><ele>2483.8</ele><time>2018-06-21T10:12:44-06:00</time><course>72.81</course><roll>-6.19</roll><pitch>-0.32</pitch><mode /></trkpt><trkpt lat="39.9585639" lon="-106.2171089"><ele>2483.77</ele><time>2018-06-21T10:12:44-06:00</time><course>72.69</course><roll>-6.2</roll><pitch>-0.33</pitch><mode /></trkpt><trkpt lat="39.9585635" lon="-106.2171083"><ele>2483.78</ele><time>2018-06-21T10:12:44-06:00</time><course>72.59</course><roll>-6.15</roll><pitch>-0.36</pitch><mode /></trkpt><trkpt lat="39.9585634" lon="-106.2171077"><ele>2483.71</ele><time>2018-06-21T10:12:45-06:00</time><course>72.47</course><roll>-6.17</roll><pitch>-0.37</pitch><mode /></trkpt><trkpt lat="39.958563" lon="-106.2171069"><ele>2483.66</ele><time>2018-06-21T10:12:45-06:00</time><course>72.31</course><roll>-6.15</roll><pitch>-0.37</pitch><mode /></trkpt><trkpt lat="39.9585625" lon="-106.2171062"><ele>2483.56</ele><time>2018-06-21T10:12:45-06:00</time><course>72.25</course><roll>-6.16</roll><pitch>-0.37</pitch><mode /></trkpt><trkpt lat="39.9585618" lon="-106.2171053"><ele>2483.44</ele><time>2018-06-21T10:12:45-06:00</time><course>72.09</course><roll>-6.19</roll><pitch>-0.39</pitch><mode /></trkpt><trkpt lat="39.9585613" lon="-106.2171045"><ele>2483.34</ele><time>2018-06-21T10:12:45-06:00</time><course>72.04</course><roll>-6.19</roll><pitch>-0.39</pitch><mode /></trkpt><trkpt lat="39.9585612" lon="-106.2171038"><ele>2483.34</ele><time>2018-06-21T10:12:46-06:00</time><course>71.77</course><roll>-6.12</roll><pitch>-0.45</pitch><mode /></trkpt><trkpt lat="39.9585607" lon="-106.2171031"><ele>2483.3</ele><time>2018-06-21T10:12:46-06:00</time><course>71.68</course><roll>-6.11</roll><pitch>-0.47</pitch><mode /></trkpt><trkpt lat="39.9585601" lon="-106.2171025"><ele>2483.21</ele><time>2018-06-21T10:12:46-06:00</time><course>71.58</course><roll>-6.14</roll><pitch>-0.48</pitch><mode /></trkpt><trkpt lat="39.9585599" lon="-106.2171022"><ele>2483.14</ele><time>2018-06-21T10:12:46-06:00</time><course>71.49</course><roll>-6.13</roll><pitch>-0.5</pitch><mode /></trkpt><trkpt lat="39.95856" lon="-106.2171024"><ele>2483.13</ele><time>2018-06-21T10:12:47-06:00</time><course>71.4</course><roll>-6.08</roll><pitch>-0.53</pitch><mode /></trkpt><trkpt lat="39.9585597" lon="-106.2171021"><ele>2483.05</ele><time>2018-06-21T10:12:47-06:00</time><course>71.3</course><roll>-6.03</roll><pitch>-0.56</pitch><mode /></trkpt><trkpt lat="39.9585596" lon="-106.217102"><ele>2483.06</ele><time>2018-06-21T10:12:47-06:00</time><course>71.21</course><roll>-6.02</roll><pitch>-0.57</pitch><mode /></trkpt><trkpt lat="39.9585597" lon="-106.2171022"><ele>2483.08</ele><time>2018-06-21T10:12:47-06:00</time><course>71.12</course><roll>-5.99</roll><pitch>-0.59</pitch><mode /></trkpt><trkpt lat="39.9585593" lon="-106.2171016"><ele>2483.03</ele><time>2018-06-21T10:12:47-06:00</time><course>71.03</course><roll>-5.97</roll><pitch>-0.61</pitch><mode /></trkpt><trkpt lat="39.9585591" lon="-106.2171011"><ele>2483.03</ele><time>2018-06-21T10:12:48-06:00</time><course>70.92</course><roll>-6</roll><pitch>-0.6</pitch><mode /></trkpt><trkpt lat="39.9585592" lon="-106.2171012"><ele>2483.01</ele><time>2018-06-21T10:12:48-06:00</time><course>70.84</course><roll>-6</roll><pitch>-0.61</pitch><mode /></trkpt><trkpt lat="39.958559" lon="-106.2171007"><ele>2483.02</ele><time>2018-06-21T10:12:48-06:00</time><course>70.74</course><roll>-5.99</roll><pitch>-0.62</pitch><mode /></trkpt><trkpt lat="39.9585589" lon="-106.2171006"><ele>2483.03</ele><time>2018-06-21T10:12:48-06:00</time><course>70.67</course><roll>-6</roll><pitch>-0.62</pitch><mode /></trkpt><trkpt lat="39.9585587" lon="-106.2171002"><ele>2483</ele><time>2018-06-21T10:12:48-06:00</time><course>70.58</course><roll>-5.99</roll><pitch>-0.64</pitch><mode /></trkpt><trkpt lat="39.9585588" lon="-106.2171001"><ele>2482.98</ele><time>2018-06-21T10:12:49-06:00</time><course>70.5</course><roll>-5.99</roll><pitch>-0.64</pitch><mode /></trkpt><trkpt lat="39.9585587" lon="-106.2170993"><ele>2482.99</ele><time>2018-06-21T10:12:49-06:00</time><course>70.33</course><roll>-5.96</roll><pitch>-0.61</pitch><mode /></trkpt><trkpt lat="39.9585581" lon="-106.2170983"><ele>2482.93</ele><time>2018-06-21T10:12:49-06:00</time><course>70.16</course><roll>-5.96</roll><pitch>-0.64</pitch><mode /></trkpt><trkpt lat="39.9585579" lon="-106.2170979"><ele>2482.89</ele><time>2018-06-21T10:12:50-06:00</time><course>70.07</course><roll>-6</roll><pitch>-0.62</pitch><mode /></trkpt><trkpt lat="39.9585581" lon="-106.2170981"><ele>2482.93</ele><time>2018-06-21T10:12:50-06:00</time><course>69.91</course><roll>-5.94</roll><pitch>-0.67</pitch><mode /></trkpt><trkpt lat="39.9585584" lon="-106.2170986"><ele>2482.95</ele><time>2018-06-21T10:12:50-06:00</time><course>69.82</course><roll>-5.88</roll><pitch>-0.71</pitch><mode /></trkpt><trkpt lat="39.9585587" lon="-106.2170988"><ele>2482.99</ele><time>2018-06-21T10:12:50-06:00</time><course>69.74</course><roll>-5.83</roll><pitch>-0.72</pitch><mode /></trkpt><trkpt lat="39.9585592" lon="-106.2170991"><ele>2483.04</ele><time>2018-06-21T10:12:51-06:00</time><course>69.65</course><roll>-5.81</roll><pitch>-0.74</pitch><mode /></trkpt><trkpt lat="39.9585591" lon="-106.2170987"><ele>2483.03</ele><time>2018-06-21T10:12:51-06:00</time><course>69.63</course><roll>-5.79</roll><pitch>-0.74</pitch><mode /></trkpt><trkpt lat="39.9585589" lon="-106.2170984"><ele>2482.97</ele><time>2018-06-21T10:12:51-06:00</time><course>69.4</course><roll>-5.9</roll><pitch>-0.72</pitch><mode /></trkpt><trkpt lat="39.9585588" lon="-106.217098"><ele>2482.88</ele><time>2018-06-21T10:12:51-06:00</time><course>69.32</course><roll>-5.91</roll><pitch>-0.67</pitch><mode /></trkpt><trkpt lat="39.9585587" lon="-106.2170974"><ele>2482.98</ele><time>2018-06-21T10:12:52-06:00</time><course>69.09</course><roll>-5.9</roll><pitch>-0.71</pitch><mode /></trkpt><trkpt lat="39.9585582" lon="-106.2170973"><ele>2483.05</ele><time>2018-06-21T10:12:52-06:00</time><course>69.04</course><roll>-5.93</roll><pitch>-0.7</pitch><mode /></trkpt><trkpt lat="39.958558" lon="-106.2170972"><ele>2483.01</ele><time>2018-06-21T10:12:52-06:00</time><course>68.97</course><roll>-5.97</roll><pitch>-0.73</pitch><mode /></trkpt><trkpt lat="39.9585579" lon="-106.2170971"><ele>2483.11</ele><time>2018-06-21T10:12:53-06:00</time><course>68.82</course><roll>-5.9</roll><pitch>-0.73</pitch><mode /></trkpt><trkpt lat="39.9585576" lon="-106.2170967"><ele>2483.05</ele><time>2018-06-21T10:12:53-06:00</time><course>68.76</course><roll>-5.9</roll><pitch>-0.7</pitch><mode /></trkpt><trkpt lat="39.958557" lon="-106.2170969"><ele>2483.1</ele><time>2018-06-21T10:12:53-06:00</time><course>68.68</course><roll>-5.92</roll><pitch>-0.75</pitch><mode /></trkpt><trkpt lat="39.9585566" lon="-106.2170967"><ele>2483.09</ele><time>2018-06-21T10:12:54-06:00</time><course>68.65</course><roll>-5.89</roll><pitch>-0.73</pitch><mode /></trkpt><trkpt lat="39.9585563" lon="-106.2170981"><ele>2483.15</ele><time>2018-06-21T10:12:54-06:00</time><course>68.49</course><roll>-5.77</roll><pitch>-0.8</pitch><mode /></trkpt><trkpt lat="39.9585562" lon="-106.2170983"><ele>2483.16</ele><time>2018-06-21T10:12:54-06:00</time><course>68.55</course><roll>-5.61</roll><pitch>-0.7</pitch><mode /></trkpt><trkpt lat="39.9585558" lon="-106.2170982"><ele>2483.18</ele><time>2018-06-21T10:12:55-06:00</time><course>68.5</course><roll>-5.67</roll><pitch>-0.63</pitch><mode /></trkpt><trkpt lat="39.9585551" lon="-106.2170974"><ele>2483.08</ele><time>2018-06-21T10:12:55-06:00</time><course>68.45</course><roll>-5.9</roll><pitch>-0.73</pitch><mode /></trkpt><trkpt lat="39.9585546" lon="-106.2170969"><ele>2483.11</ele><time>2018-06-21T10:12:55-06:00</time><course>68.45</course><roll>-5.87</roll><pitch>-0.52</pitch><mode /></trkpt><trkpt lat="39.958554" lon="-106.2170963"><ele>2483.04</ele><time>2018-06-21T10:12:55-06:00</time><course>68.41</course><roll>-5.92</roll><pitch>-0.54</pitch><mode /></trkpt><trkpt lat="39.9585533" lon="-106.2170956"><ele>2482.96</ele><time>2018-06-21T10:12:55-06:00</time><course>68.38</course><roll>-6.03</roll><pitch>-0.49</pitch><mode /></trkpt><trkpt lat="39.9585531" lon="-106.2170953"><ele>2482.94</ele><time>2018-06-21T10:12:56-06:00</time><course>68.34</course><roll>-5.96</roll><pitch>-0.48</pitch><mode /></trkpt><trkpt lat="39.958553" lon="-106.217094"><ele>2482.94</ele><time>2018-06-21T10:12:56-06:00</time><course>68.2</course><roll>-5.81</roll><pitch>-0.53</pitch><mode /></trkpt><trkpt lat="39.9585527" lon="-106.2170933"><ele>2482.86</ele><time>2018-06-21T10:12:57-06:00</time><course>68.19</course><roll>-5.82</roll><pitch>-0.53</pitch><mode /></trkpt><trkpt lat="39.9585528" lon="-106.2170931"><ele>2482.77</ele><time>2018-06-21T10:12:57-06:00</time><course>68.14</course><roll>-5.94</roll><pitch>-0.55</pitch><mode /></trkpt><trkpt lat="39.958553" lon="-106.2170929"><ele>2482.76</ele><time>2018-06-21T10:12:57-06:00</time><course>68.14</course><roll>-5.81</roll><pitch>-0.54</pitch><mode /></trkpt><trkpt lat="39.9585533" lon="-106.2170932"><ele>2482.83</ele><time>2018-06-21T10:12:57-06:00</time><course>68.15</course><roll>-5.84</roll><pitch>-0.51</pitch><mode /></trkpt><trkpt lat="39.9585533" lon="-106.2170926"><ele>2482.73</ele><time>2018-06-21T10:12:58-06:00</time><course>68.22</course><roll>-5.87</roll><pitch>-0.62</pitch><mode /></trkpt><trkpt lat="39.958553" lon="-106.2170916"><ele>2482.67</ele><time>2018-06-21T10:12:58-06:00</time><course>68.18</course><roll>-5.86</roll><pitch>-0.48</pitch><mode /></trkpt><trkpt lat="39.9585528" lon="-106.2170915"><ele>2482.62</ele><time>2018-06-21T10:12:58-06:00</time><course>68.1</course><roll>-5.91</roll><pitch>-0.54</pitch><mode /></trkpt><trkpt lat="39.9585529" lon="-106.2170912"><ele>2482.58</ele><time>2018-06-21T10:12:58-06:00</time><course>68</course><roll>-5.87</roll><pitch>-0.59</pitch><mode /></trkpt><trkpt lat="39.9585527" lon="-106.2170908"><ele>2482.47</ele><time>2018-06-21T10:12:59-06:00</time><course>67.84</course><roll>-5.81</roll><pitch>-0.61</pitch><mode /></trkpt><trkpt lat="39.9585526" lon="-106.2170904"><ele>2482.33</ele><time>2018-06-21T10:12:59-06:00</time><course>67.59</course><roll>-5.79</roll><pitch>-0.61</pitch><mode /></trkpt><trkpt lat="39.9585525" lon="-106.2170898"><ele>2482.34</ele><time>2018-06-21T10:13:00-06:00</time><course>67.21</course><roll>-5.77</roll><pitch>-0.6</pitch><mode /></trkpt><trkpt lat="39.9585523" lon="-106.2170892"><ele>2482.38</ele><time>2018-06-21T10:13:00-06:00</time><course>67.03</course><roll>-5.77</roll><pitch>-0.6</pitch><mode /></trkpt><trkpt lat="39.9585522" lon="-106.2170887"><ele>2482.52</ele><time>2018-06-21T10:13:01-06:00</time><course>66.85</course><roll>-5.76</roll><pitch>-0.61</pitch><mode /></trkpt><trkpt lat="39.958552" lon="-106.2170885"><ele>2482.48</ele><time>2018-06-21T10:13:01-06:00</time><course>66.76</course><roll>-5.77</roll><pitch>-0.58</pitch><mode /></trkpt><trkpt lat="39.9585521" lon="-106.2170887"><ele>2482.51</ele><time>2018-06-21T10:13:01-06:00</time><course>66.67</course><roll>-5.76</roll><pitch>-0.61</pitch><mode /></trkpt><trkpt lat="39.958552" lon="-106.2170885"><ele>2482.5</ele><time>2018-06-21T10:13:01-06:00</time><course>66.58</course><roll>-5.74</roll><pitch>-0.63</pitch><mode /></trkpt><trkpt lat="39.958552" lon="-106.2170882"><ele>2482.62</ele><time>2018-06-21T10:13:02-06:00</time><course>66.42</course><roll>-5.72</roll><pitch>-0.6</pitch><mode /></trkpt><trkpt lat="39.9585511" lon="-106.2170884"><ele>2482.64</ele><time>2018-06-21T10:13:02-06:00</time><course>66.34</course><roll>-5.74</roll><pitch>-0.62</pitch><mode /></trkpt><trkpt lat="39.9585509" lon="-106.2170882"><ele>2482.59</ele><time>2018-06-21T10:13:02-06:00</time><course>66.26</course><roll>-5.78</roll><pitch>-0.65</pitch><mode /></trkpt><trkpt lat="39.9585507" lon="-106.2170879"><ele>2482.53</ele><time>2018-06-21T10:13:02-06:00</time><course>66.18</course><roll>-5.76</roll><pitch>-0.61</pitch><mode /></trkpt><trkpt lat="39.9585506" lon="-106.2170875"><ele>2482.55</ele><time>2018-06-21T10:13:03-06:00</time><course>66.02</course><roll>-5.72</roll><pitch>-0.6</pitch><mode /></trkpt><trkpt lat="39.9585509" lon="-106.2170878"><ele>2482.58</ele><time>2018-06-21T10:13:03-06:00</time><course>65.94</course><roll>-5.7</roll><pitch>-0.6</pitch><mode /></trkpt><trkpt lat="39.9585507" lon="-106.2170872"><ele>2482.56</ele><time>2018-06-21T10:13:03-06:00</time><course>65.8</course><roll>-5.65</roll><pitch>-0.59</pitch><mode /></trkpt><trkpt lat="39.9585503" lon="-106.2170865"><ele>2482.49</ele><time>2018-06-21T10:13:04-06:00</time><course>65.72</course><roll>-5.69</roll><pitch>-0.55</pitch><mode /></trkpt><trkpt lat="39.9585502" lon="-106.2170864"><ele>2482.49</ele><time>2018-06-21T10:13:04-06:00</time><course>65.65</course><roll>-5.71</roll><pitch>-0.54</pitch><mode /></trkpt><trkpt lat="39.95855" lon="-106.217086"><ele>2482.45</ele><time>2018-06-21T10:13:04-06:00</time><course>65.58</course><roll>-5.68</roll><pitch>-0.55</pitch><mode /></trkpt><trkpt lat="39.9585498" lon="-106.2170858"><ele>2482.43</ele><time>2018-06-21T10:13:04-06:00</time><course>65.51</course><roll>-5.67</roll><pitch>-0.55</pitch><mode /></trkpt><trkpt lat="39.9585495" lon="-106.2170847"><ele>2482.46</ele><time>2018-06-21T10:13:05-06:00</time><course>65.3</course><roll>-5.62</roll><pitch>-0.58</pitch><mode /></trkpt><trkpt lat="39.9585492" lon="-106.2170845"><ele>2482.49</ele><time>2018-06-21T10:13:05-06:00</time><course>65.22</course><roll>-5.65</roll><pitch>-0.54</pitch><mode /></trkpt><trkpt lat="39.9585489" lon="-106.2170843"><ele>2482.49</ele><time>2018-06-21T10:13:05-06:00</time><course>65.15</course><roll>-5.63</roll><pitch>-0.55</pitch><mode /></trkpt><trkpt lat="39.9585488" lon="-106.2170838"><ele>2482.51</ele><time>2018-06-21T10:13:05-06:00</time><course>65.08</course><roll>-5.62</roll><pitch>-0.55</pitch><mode /></trkpt><trkpt lat="39.9585484" lon="-106.2170831"><ele>2482.47</ele><time>2018-06-21T10:13:06-06:00</time><course>65.01</course><roll>-5.63</roll><pitch>-0.54</pitch><mode /></trkpt><trkpt lat="39.9585483" lon="-106.217082"><ele>2482.56</ele><time>2018-06-21T10:13:06-06:00</time><course>64.87</course><roll>-5.65</roll><pitch>-0.48</pitch><mode /></trkpt><trkpt lat="39.958548" lon="-106.2170821"><ele>2482.59</ele><time>2018-06-21T10:13:06-06:00</time><course>64.81</course><roll>-5.64</roll><pitch>-0.5</pitch><mode /></trkpt><trkpt lat="39.9585479" lon="-106.2170816"><ele>2482.57</ele><time>2018-06-21T10:13:06-06:00</time><course>64.75</course><roll>-5.63</roll><pitch>-0.52</pitch><mode /></trkpt><trkpt lat="39.9585476" lon="-106.2170817"><ele>2482.77</ele><time>2018-06-21T10:13:07-06:00</time><course>64.62</course><roll>-5.6</roll><pitch>-0.54</pitch><mode /></trkpt><trkpt lat="39.9585471" lon="-106.2170815"><ele>2482.9</ele><time>2018-06-21T10:13:08-06:00</time><course>64.37</course><roll>-5.59</roll><pitch>-0.53</pitch><mode /></trkpt><trkpt lat="39.9585462" lon="-106.2170817"><ele>2482.94</ele><time>2018-06-21T10:13:08-06:00</time><course>64.32</course><roll>-5.62</roll><pitch>-0.53</pitch><mode /></trkpt><trkpt lat="39.9585461" lon="-106.2170815"><ele>2482.91</ele><time>2018-06-21T10:13:08-06:00</time><course>64.26</course><roll>-5.66</roll><pitch>-0.55</pitch><mode /></trkpt><trkpt lat="39.958546" lon="-106.2170811"><ele>2482.91</ele><time>2018-06-21T10:13:08-06:00</time><course>64.2</course><roll>-5.65</roll><pitch>-0.5</pitch><mode /></trkpt><trkpt lat="39.9585459" lon="-106.217081"><ele>2482.88</ele><time>2018-06-21T10:13:08-06:00</time><course>64.15</course><roll>-5.65</roll><pitch>-0.47</pitch><mode /></trkpt><trkpt lat="39.9585458" lon="-106.2170811"><ele>2482.85</ele><time>2018-06-21T10:13:09-06:00</time><course>64.1</course><roll>-5.64</roll><pitch>-0.46</pitch><mode /></trkpt><trkpt lat="39.958546" lon="-106.2170814"><ele>2482.88</ele><time>2018-06-21T10:13:09-06:00</time><course>64.05</course><roll>-5.61</roll><pitch>-0.47</pitch><mode /></trkpt><trkpt lat="39.9585461" lon="-106.2170818"><ele>2482.94</ele><time>2018-06-21T10:13:09-06:00</time><course>64</course><roll>-5.58</roll><pitch>-0.48</pitch><mode /></trkpt><trkpt lat="39.9585464" lon="-106.2170822"><ele>2482.94</ele><time>2018-06-21T10:13:09-06:00</time><course>63.9</course><roll>-5.56</roll><pitch>-0.49</pitch><mode /></trkpt><trkpt lat="39.9585464" lon="-106.2170817"><ele>2482.82</ele><time>2018-06-21T10:13:10-06:00</time><course>64.01</course><roll>-5.56</roll><pitch>-0.43</pitch><mode /></trkpt><trkpt lat="39.9585465" lon="-106.2170812"><ele>2482.72</ele><time>2018-06-21T10:13:10-06:00</time><course>63.95</course><roll>-5.6</roll><pitch>-0.38</pitch><mode /></trkpt><trkpt lat="39.9585467" lon="-106.2170813"><ele>2482.69</ele><time>2018-06-21T10:13:11-06:00</time><course>63.89</course><roll>-5.6</roll><pitch>-0.39</pitch><mode /></trkpt><trkpt lat="39.9585468" lon="-106.217081"><ele>2482.62</ele><time>2018-06-21T10:13:11-06:00</time><course>63.83</course><roll>-5.59</roll><pitch>-0.4</pitch><mode /></trkpt><trkpt lat="39.9585471" lon="-106.217081"><ele>2482.58</ele><time>2018-06-21T10:13:11-06:00</time><course>63.72</course><roll>-5.59</roll><pitch>-0.38</pitch><mode /></trkpt><trkpt lat="39.9585472" lon="-106.2170813"><ele>2482.52</ele><time>2018-06-21T10:13:11-06:00</time><course>63.69</course><roll>-5.56</roll><pitch>-0.41</pitch><mode /></trkpt><trkpt lat="39.9585474" lon="-106.2170814"><ele>2482.46</ele><time>2018-06-21T10:13:12-06:00</time><course>63.64</course><roll>-5.54</roll><pitch>-0.42</pitch><mode /></trkpt><trkpt lat="39.9585473" lon="-106.2170812"><ele>2482.4</ele><time>2018-06-21T10:13:12-06:00</time><course>63.57</course><roll>-5.55</roll><pitch>-0.41</pitch><mode /></trkpt><trkpt lat="39.9585472" lon="-106.2170807"><ele>2482.31</ele><time>2018-06-21T10:13:12-06:00</time><course>63.52</course><roll>-5.57</roll><pitch>-0.39</pitch><mode /></trkpt><trkpt lat="39.9585475" lon="-106.2170809"><ele>2482.2</ele><time>2018-06-21T10:13:12-06:00</time><course>63.42</course><roll>-5.54</roll><pitch>-0.4</pitch><mode /></trkpt><trkpt lat="39.9585466" lon="-106.2170807"><ele>2482.14</ele><time>2018-06-21T10:13:13-06:00</time><course>63.38</course><roll>-5.57</roll><pitch>-0.42</pitch><mode /></trkpt><trkpt lat="39.9585465" lon="-106.2170808"><ele>2482.23</ele><time>2018-06-21T10:13:13-06:00</time><course>63.44</course><roll>-5.55</roll><pitch>-0.35</pitch><mode /></trkpt><trkpt lat="39.9585464" lon="-106.2170809"><ele>2482.19</ele><time>2018-06-21T10:13:13-06:00</time><course>63.41</course><roll>-5.57</roll><pitch>-0.37</pitch><mode /></trkpt><trkpt lat="39.9585463" lon="-106.217081"><ele>2482.22</ele><time>2018-06-21T10:13:14-06:00</time><course>63.38</course><roll>-5.56</roll><pitch>-0.36</pitch><mode /></trkpt><trkpt lat="39.9585459" lon="-106.2170809"><ele>2482.22</ele><time>2018-06-21T10:13:14-06:00</time><course>63.39</course><roll>-5.56</roll><pitch>-0.3</pitch><mode /></trkpt><trkpt lat="39.9585453" lon="-106.2170806"><ele>2482.24</ele><time>2018-06-21T10:13:14-06:00</time><course>63.36</course><roll>-5.61</roll><pitch>-0.34</pitch><mode /></trkpt><trkpt lat="39.9585449" lon="-106.2170804"><ele>2482.29</ele><time>2018-06-21T10:13:14-06:00</time><course>63.37</course><roll>-5.58</roll><pitch>-0.27</pitch><mode /></trkpt><trkpt lat="39.9585446" lon="-106.2170803"><ele>2482.4</ele><time>2018-06-21T10:13:15-06:00</time><course>63.35</course><roll>-5.63</roll><pitch>-0.36</pitch><mode /></trkpt><trkpt lat="39.9585443" lon="-106.2170801"><ele>2482.41</ele><time>2018-06-21T10:13:15-06:00</time><course>63.34</course><roll>-5.61</roll><pitch>-0.29</pitch><mode /></trkpt><trkpt lat="39.9585444" lon="-106.2170802"><ele>2482.38</ele><time>2018-06-21T10:13:15-06:00</time><course>63.32</course><roll>-5.59</roll><pitch>-0.29</pitch><mode /></trkpt><trkpt lat="39.9585447" lon="-106.2170803"><ele>2482.38</ele><time>2018-06-21T10:13:15-06:00</time><course>63.32</course><roll>-5.54</roll><pitch>-0.26</pitch><mode /></trkpt><trkpt lat="39.958545" lon="-106.2170804"><ele>2482.38</ele><time>2018-06-21T10:13:16-06:00</time><course>63.3</course><roll>-5.55</roll><pitch>-0.33</pitch><mode /></trkpt><trkpt lat="39.9585458" lon="-106.2170814"><ele>2482.4</ele><time>2018-06-21T10:13:16-06:00</time><course>63.31</course><roll>-5.55</roll><pitch>-0.36</pitch><mode /></trkpt><trkpt lat="39.9585456" lon="-106.217081"><ele>2482.36</ele><time>2018-06-21T10:13:16-06:00</time><course>63.33</course><roll>-5.46</roll><pitch>-0.37</pitch><mode /></trkpt><trkpt lat="39.9585454" lon="-106.2170808"><ele>2482.37</ele><time>2018-06-21T10:13:16-06:00</time><course>63.35</course><roll>-5.6</roll><pitch>-0.29</pitch><mode /></trkpt><trkpt lat="39.958545" lon="-106.2170806"><ele>2482.33</ele><time>2018-06-21T10:13:17-06:00</time><course>63.41</course><roll>-5.61</roll><pitch>-0.2</pitch><mode /></trkpt><trkpt lat="39.9585448" lon="-106.2170807"><ele>2482.29</ele><time>2018-06-21T10:13:17-06:00</time><course>63.44</course><roll>-5.62</roll><pitch>-0.26</pitch><mode /></trkpt><trkpt lat="39.9585447" lon="-106.2170806"><ele>2482.28</ele><time>2018-06-21T10:13:17-06:00</time><course>63.44</course><roll>-5.66</roll><pitch>-0.24</pitch><mode /></trkpt><trkpt lat="39.9585445" lon="-106.2170805"><ele>2482.16</ele><time>2018-06-21T10:13:17-06:00</time><course>63.43</course><roll>-5.64</roll><pitch>-0.22</pitch><mode /></trkpt><trkpt lat="39.9585443" lon="-106.2170801"><ele>2482.26</ele><time>2018-06-21T10:13:18-06:00</time><course>63.45</course><roll>-5.78</roll><pitch>-0.18</pitch><mode /></trkpt><trkpt lat="39.958544" lon="-106.21708"><ele>2482.33</ele><time>2018-06-21T10:13:18-06:00</time><course>63.49</course><roll>-5.86</roll><pitch>-0.23</pitch><mode /></trkpt><trkpt lat="39.9585437" lon="-106.2170798"><ele>2482.25</ele><time>2018-06-21T10:13:18-06:00</time><course>63.46</course><roll>-5.84</roll><pitch>-0.23</pitch><mode /></trkpt><trkpt lat="39.9585434" lon="-106.2170797"><ele>2482.2</ele><time>2018-06-21T10:13:18-06:00</time><course>63.5</course><roll>-5.89</roll><pitch>-0.17</pitch><mode /></trkpt><trkpt lat="39.9585431" lon="-106.2170796"><ele>2482.14</ele><time>2018-06-21T10:13:18-06:00</time><course>63.54</course><roll>-5.88</roll><pitch>-0.19</pitch><mode /></trkpt><trkpt lat="39.9585429" lon="-106.2170794"><ele>2482.14</ele><time>2018-06-21T10:13:19-06:00</time><course>63.5</course><roll>-5.93</roll><pitch>-0.2</pitch><mode /></trkpt><trkpt lat="39.9585426" lon="-106.2170793"><ele>2482.13</ele><time>2018-06-21T10:13:19-06:00</time><course>63.44</course><roll>-5.9</roll><pitch>-0.23</pitch><mode /></trkpt><trkpt lat="39.9585432" lon="-106.21708"><ele>2482.07</ele><time>2018-06-21T10:13:20-06:00</time><course>63.42</course><roll>-5.85</roll><pitch>-0.25</pitch><mode /></trkpt><trkpt lat="39.9585431" lon="-106.2170802"><ele>2482.19</ele><time>2018-06-21T10:13:20-06:00</time><course>63.42</course><roll>-5.79</roll><pitch>-0.29</pitch><mode /></trkpt><trkpt lat="39.9585429" lon="-106.2170798"><ele>2482.17</ele><time>2018-06-21T10:13:20-06:00</time><course>63.39</course><roll>-5.81</roll><pitch>-0.23</pitch><mode /></trkpt><trkpt lat="39.9585428" lon="-106.2170793"><ele>2482.22</ele><time>2018-06-21T10:13:20-06:00</time><course>63.39</course><roll>-5.83</roll><pitch>-0.22</pitch><mode /></trkpt><trkpt lat="39.9585429" lon="-106.2170795"><ele>2482.17</ele><time>2018-06-21T10:13:21-06:00</time><course>63.39</course><roll>-5.87</roll><pitch>-0.22</pitch><mode /></trkpt><trkpt lat="39.9585433" lon="-106.2170794"><ele>2482.18</ele><time>2018-06-21T10:13:21-06:00</time><course>63.35</course><roll>-5.81</roll><pitch>-0.25</pitch><mode /></trkpt><trkpt lat="39.958543" lon="-106.217078"><ele>2482.02</ele><time>2018-06-21T10:13:22-06:00</time><course>63.25</course><roll>-5.89</roll><pitch>-0.22</pitch><mode /></trkpt><trkpt lat="39.9585426" lon="-106.2170769"><ele>2482.04</ele><time>2018-06-21T10:13:22-06:00</time><course>63.21</course><roll>-5.94</roll><pitch>-0.19</pitch><mode /></trkpt><trkpt lat="39.9585428" lon="-106.2170771"><ele>2482.08</ele><time>2018-06-21T10:13:22-06:00</time><course>63.19</course><roll>-5.95</roll><pitch>-0.18</pitch><mode /></trkpt><trkpt lat="39.9585424" lon="-106.2170777"><ele>2482.27</ele><time>2018-06-21T10:13:22-06:00</time><course>63.15</course><roll>-5.91</roll><pitch>-0.28</pitch><mode /></trkpt><trkpt lat="39.9585425" lon="-106.2170786"><ele>2482.49</ele><time>2018-06-21T10:13:23-06:00</time><course>63.06</course><roll>-5.83</roll><pitch>-0.34</pitch><mode /></trkpt><trkpt lat="39.9585424" lon="-106.2170789"><ele>2482.47</ele><time>2018-06-21T10:13:23-06:00</time><course>63.03</course><roll>-5.8</roll><pitch>-0.3</pitch><mode /></trkpt><trkpt lat="39.9585422" lon="-106.2170787"><ele>2482.5</ele><time>2018-06-21T10:13:23-06:00</time><course>63</course><roll>-5.82</roll><pitch>-0.28</pitch><mode /></trkpt><trkpt lat="39.958542" lon="-106.2170785"><ele>2482.45</ele><time>2018-06-21T10:13:23-06:00</time><course>62.97</course><roll>-5.85</roll><pitch>-0.26</pitch><mode /></trkpt><trkpt lat="39.9585418" lon="-106.2170783"><ele>2482.41</ele><time>2018-06-21T10:13:24-06:00</time><course>62.94</course><roll>-5.86</roll><pitch>-0.24</pitch><mode /></trkpt><trkpt lat="39.9585417" lon="-106.2170787"><ele>2482.51</ele><time>2018-06-21T10:13:24-06:00</time><course>62.83</course><roll>-5.84</roll><pitch>-0.28</pitch><mode /></trkpt><trkpt lat="39.9585421" lon="-106.2170792"><ele>2482.48</ele><time>2018-06-21T10:13:25-06:00</time><course>62.8</course><roll>-5.81</roll><pitch>-0.3</pitch><mode /></trkpt><trkpt lat="39.958542" lon="-106.217079"><ele>2482.47</ele><time>2018-06-21T10:13:25-06:00</time><course>62.77</course><roll>-5.79</roll><pitch>-0.3</pitch><mode /></trkpt><trkpt lat="39.9585422" lon="-106.2170792"><ele>2482.5</ele><time>2018-06-21T10:13:25-06:00</time><course>62.73</course><roll>-5.82</roll><pitch>-0.28</pitch><mode /></trkpt><trkpt lat="39.9585425" lon="-106.2170789"><ele>2482.51</ele><time>2018-06-21T10:13:25-06:00</time><course>62.67</course><roll>-5.83</roll><pitch>-0.29</pitch><mode /></trkpt><trkpt lat="39.9585427" lon="-106.2170791"><ele>2482.52</ele><time>2018-06-21T10:13:26-06:00</time><course>62.63</course><roll>-5.84</roll><pitch>-0.28</pitch><mode /></trkpt><trkpt lat="39.9585433" lon="-106.2170797"><ele>2482.64</ele><time>2018-06-21T10:13:26-06:00</time><course>62.59</course><roll>-5.81</roll><pitch>-0.31</pitch><mode /></trkpt><trkpt lat="39.9585445" lon="-106.2170798"><ele>2482.69</ele><time>2018-06-21T10:13:26-06:00</time><course>62.51</course><roll>-5.79</roll><pitch>-0.29</pitch><mode /></trkpt><trkpt lat="39.958545" lon="-106.2170801"><ele>2482.79</ele><time>2018-06-21T10:13:27-06:00</time><course>62.48</course><roll>-5.78</roll><pitch>-0.29</pitch><mode /></trkpt><trkpt lat="39.9585455" lon="-106.2170802"><ele>2482.84</ele><time>2018-06-21T10:13:27-06:00</time><course>62.45</course><roll>-5.75</roll><pitch>-0.3</pitch><mode /></trkpt><trkpt lat="39.9585456" lon="-106.2170798"><ele>2482.78</ele><time>2018-06-21T10:13:27-06:00</time><course>62.39</course><roll>-5.8</roll><pitch>-0.29</pitch><mode /></trkpt><trkpt lat="39.9585458" lon="-106.2170797"><ele>2482.85</ele><time>2018-06-21T10:13:27-06:00</time><course>62.36</course><roll>-5.82</roll><pitch>-0.28</pitch><mode /></trkpt><trkpt lat="39.958546" lon="-106.2170798"><ele>2482.96</ele><time>2018-06-21T10:13:28-06:00</time><course>62.33</course><roll>-5.82</roll><pitch>-0.28</pitch><mode /></trkpt><trkpt lat="39.9585457" lon="-106.2170794"><ele>2482.94</ele><time>2018-06-21T10:13:28-06:00</time><course>62.27</course><roll>-5.84</roll><pitch>-0.31</pitch><mode /></trkpt><trkpt lat="39.9585454" lon="-106.2170791"><ele>2482.92</ele><time>2018-06-21T10:13:28-06:00</time><course>62.25</course><roll>-5.87</roll><pitch>-0.31</pitch><mode /></trkpt><trkpt lat="39.9585456" lon="-106.2170791"><ele>2482.93</ele><time>2018-06-21T10:13:29-06:00</time><course>62.2</course><roll>-5.87</roll><pitch>-0.31</pitch><mode /></trkpt><trkpt lat="39.9585458" lon="-106.2170789"><ele>2482.93</ele><time>2018-06-21T10:13:29-06:00</time><course>62.17</course><roll>-5.85</roll><pitch>-0.33</pitch><mode /></trkpt><trkpt lat="39.9585462" lon="-106.2170789"><ele>2482.91</ele><time>2018-06-21T10:13:29-06:00</time><course>62.13</course><roll>-5.83</roll><pitch>-0.33</pitch><mode /></trkpt><trkpt lat="39.9585464" lon="-106.2170787"><ele>2482.9</ele><time>2018-06-21T10:13:29-06:00</time><course>62.1</course><roll>-5.8</roll><pitch>-0.32</pitch><mode /></trkpt><trkpt lat="39.9585465" lon="-106.217078"><ele>2482.84</ele><time>2018-06-21T10:13:30-06:00</time><course>62.04</course><roll>-5.82</roll><pitch>-0.3</pitch><mode /></trkpt><trkpt lat="39.9585464" lon="-106.2170776"><ele>2482.85</ele><time>2018-06-21T10:13:30-06:00</time><course>62.01</course><roll>-5.82</roll><pitch>-0.31</pitch><mode /></trkpt><trkpt lat="39.9585471" lon="-106.2170778"><ele>2483.09</ele><time>2018-06-21T10:13:31-06:00</time><course>61.85</course><roll>-5.8</roll><pitch>-0.35</pitch><mode /></trkpt><trkpt lat="39.9585473" lon="-106.217078"><ele>2483.11</ele><time>2018-06-21T10:13:31-06:00</time><course>61.79</course><roll>-5.78</roll><pitch>-0.36</pitch><mode /></trkpt><trkpt lat="39.9585481" lon="-106.2170783"><ele>2483.31</ele><time>2018-06-21T10:13:32-06:00</time><course>61.69</course><roll>-5.77</roll><pitch>-0.35</pitch><mode /></trkpt><trkpt lat="39.958548" lon="-106.217078"><ele>2483.27</ele><time>2018-06-21T10:13:32-06:00</time><course>61.66</course><roll>-5.78</roll><pitch>-0.36</pitch><mode /></trkpt><trkpt lat="39.9585482" lon="-106.2170774"><ele>2483.27</ele><time>2018-06-21T10:13:33-06:00</time><course>61.62</course><roll>-5.82</roll><pitch>-0.33</pitch><mode /></trkpt><trkpt lat="39.9585481" lon="-106.2170771"><ele>2483.22</ele><time>2018-06-21T10:13:33-06:00</time><course>61.59</course><roll>-5.82</roll><pitch>-0.33</pitch><mode /></trkpt><trkpt lat="39.958548" lon="-106.2170768"><ele>2483.19</ele><time>2018-06-21T10:13:33-06:00</time><course>61.55</course><roll>-5.81</roll><pitch>-0.36</pitch><mode /></trkpt><trkpt lat="39.9585478" lon="-106.2170765"><ele>2483.17</ele><time>2018-06-21T10:13:34-06:00</time><course>61.53</course><roll>-5.85</roll><pitch>-0.36</pitch><mode /></trkpt><trkpt lat="39.9585477" lon="-106.2170761"><ele>2483.09</ele><time>2018-06-21T10:13:34-06:00</time><course>61.5</course><roll>-5.86</roll><pitch>-0.35</pitch><mode /></trkpt><trkpt lat="39.9585479" lon="-106.2170764"><ele>2483.13</ele><time>2018-06-21T10:13:34-06:00</time><course>61.47</course><roll>-5.84</roll><pitch>-0.36</pitch><mode /></trkpt><trkpt lat="39.9585478" lon="-106.2170762"><ele>2483.15</ele><time>2018-06-21T10:13:34-06:00</time><course>61.46</course><roll>-5.81</roll><pitch>-0.38</pitch><mode /></trkpt><trkpt lat="39.9585479" lon="-106.2170764"><ele>2483.15</ele><time>2018-06-21T10:13:35-06:00</time><course>61.43</course><roll>-5.81</roll><pitch>-0.37</pitch><mode /></trkpt><trkpt lat="39.9585481" lon="-106.2170765"><ele>2483.21</ele><time>2018-06-21T10:13:35-06:00</time><course>61.42</course><roll>-5.77</roll><pitch>-0.39</pitch><mode /></trkpt><trkpt lat="39.9585482" lon="-106.2170768"><ele>2483.23</ele><time>2018-06-21T10:13:35-06:00</time><course>61.42</course><roll>-5.75</roll><pitch>-0.38</pitch><mode /></trkpt><trkpt lat="39.9585481" lon="-106.2170769"><ele>2483.26</ele><time>2018-06-21T10:13:35-06:00</time><course>61.4</course><roll>-5.76</roll><pitch>-0.39</pitch><mode /></trkpt><trkpt lat="39.9585484" lon="-106.2170772"><ele>2483.27</ele><time>2018-06-21T10:13:35-06:00</time><course>61.38</course><roll>-5.76</roll><pitch>-0.39</pitch><mode /></trkpt><trkpt lat="39.9585483" lon="-106.2170773"><ele>2483.32</ele><time>2018-06-21T10:13:36-06:00</time><course>61.78</course><roll>-5.73</roll><pitch>-0.45</pitch><mode /></trkpt><trkpt lat="39.958551" lon="-106.2170871"><ele>2483.42</ele><time>2018-06-21T10:14:35-06:00</time><course>61.78</course><roll>-5.7</roll><pitch>-0.47</pitch><mode /></trkpt><trkpt lat="39.9585512" lon="-106.2170874"><ele>2483.46</ele><time>2018-06-21T10:14:36-06:00</time><course>61.76</course><roll>-5.69</roll><pitch>-0.44</pitch><mode /></trkpt><trkpt lat="39.9585506" lon="-106.2170872"><ele>2483.38</ele><time>2018-06-21T10:14:36-06:00</time><course>61.75</course><roll>-5.7</roll><pitch>-0.44</pitch><mode /></trkpt><trkpt lat="39.9585507" lon="-106.2170875"><ele>2483.37</ele><time>2018-06-21T10:14:36-06:00</time><course>61.75</course><roll>-5.73</roll><pitch>-0.44</pitch><mode /></trkpt><trkpt lat="39.9585504" lon="-106.2170874"><ele>2483.34</ele><time>2018-06-21T10:14:37-06:00</time><course>61.74</course><roll>-5.73</roll><pitch>-0.43</pitch><mode /></trkpt><trkpt lat="39.9585505" lon="-106.2170875"><ele>2483.35</ele><time>2018-06-21T10:14:37-06:00</time><course>61.8</course><roll>-5.76</roll><pitch>-0.43</pitch><mode /></trkpt><trkpt lat="39.958551" lon="-106.2170879"><ele>2483.45</ele><time>2018-06-21T10:14:37-06:00</time><course>61.89</course><roll>-5.69</roll><pitch>-0.35</pitch><mode /></trkpt><trkpt lat="39.9585512" lon="-106.2170876"><ele>2483.42</ele><time>2018-06-21T10:14:37-06:00</time><course>62</course><roll>-5.63</roll><pitch>-0.36</pitch><mode /></trkpt><trkpt lat="39.9585516" lon="-106.2170873"><ele>2483.57</ele><time>2018-06-21T10:14:38-06:00</time><course>62.07</course><roll>-5.7</roll><pitch>-0.32</pitch><mode /></trkpt><trkpt lat="39.9585515" lon="-106.2170869"><ele>2483.57</ele><time>2018-06-21T10:14:38-06:00</time><course>62.13</course><roll>-5.72</roll><pitch>-0.27</pitch><mode /></trkpt><trkpt lat="39.9585516" lon="-106.2170865"><ele>2483.52</ele><time>2018-06-21T10:14:38-06:00</time><course>62.17</course><roll>-5.76</roll><pitch>-0.29</pitch><mode /></trkpt><trkpt lat="39.9585519" lon="-106.217086"><ele>2483.55</ele><time>2018-06-21T10:14:39-06:00</time><course>62.31</course><roll>-5.64</roll><pitch>-0.24</pitch><mode /></trkpt><trkpt lat="39.9585523" lon="-106.2170858"><ele>2483.63</ele><time>2018-06-21T10:14:39-06:00</time><course>62.38</course><roll>-5.62</roll><pitch>-0.29</pitch><mode /></trkpt><trkpt lat="39.9585524" lon="-106.2170857"><ele>2483.61</ele><time>2018-06-21T10:14:39-06:00</time><course>62.41</course><roll>-5.64</roll><pitch>-0.17</pitch><mode /></trkpt><trkpt lat="39.9585527" lon="-106.2170854"><ele>2483.86</ele><time>2018-06-21T10:14:40-06:00</time><course>62.5</course><roll>-5.72</roll><pitch>-0.37</pitch><mode /></trkpt><trkpt lat="39.9585532" lon="-106.217085"><ele>2483.91</ele><time>2018-06-21T10:14:40-06:00</time><course>62.51</course><roll>-5.68</roll><pitch>-0.33</pitch><mode /></trkpt><trkpt lat="39.9585533" lon="-106.2170847"><ele>2483.93</ele><time>2018-06-21T10:14:40-06:00</time><course>62.51</course><roll>-5.67</roll><pitch>-0.29</pitch><mode /></trkpt><trkpt lat="39.9585531" lon="-106.2170848"><ele>2483.99</ele><time>2018-06-21T10:14:41-06:00</time><course>62.47</course><roll>-5.76</roll><pitch>-0.4</pitch><mode /></trkpt><trkpt lat="39.9585532" lon="-106.2170847"><ele>2483.96</ele><time>2018-06-21T10:14:41-06:00</time><course>62.45</course><roll>-5.78</roll><pitch>-0.41</pitch><mode /></trkpt><trkpt lat="39.9585544" lon="-106.2170841"><ele>2484.19</ele><time>2018-06-21T10:14:42-06:00</time><course>62.44</course><roll>-5.76</roll><pitch>-0.38</pitch><mode /></trkpt><trkpt lat="39.9585542" lon="-106.2170835"><ele>2484.23</ele><time>2018-06-21T10:14:42-06:00</time><course>62.42</course><roll>-5.72</roll><pitch>-0.31</pitch><mode /></trkpt><trkpt lat="39.9585543" lon="-106.2170838"><ele>2484.36</ele><time>2018-06-21T10:14:42-06:00</time><course>62.42</course><roll>-5.77</roll><pitch>-0.35</pitch><mode /></trkpt><trkpt lat="39.9585544" lon="-106.2170833"><ele>2484.39</ele><time>2018-06-21T10:14:42-06:00</time><course>62.41</course><roll>-5.76</roll><pitch>-0.39</pitch><mode /></trkpt><trkpt lat="39.9585542" lon="-106.2170822"><ele>2484.27</ele><time>2018-06-21T10:14:43-06:00</time><course>62.4</course><roll>-5.82</roll><pitch>-0.35</pitch><mode /></trkpt><trkpt lat="39.9585544" lon="-106.2170821"><ele>2484.32</ele><time>2018-06-21T10:14:43-06:00</time><course>62.39</course><roll>-5.84</roll><pitch>-0.34</pitch><mode /></trkpt><trkpt lat="39.958554" lon="-106.2170816"><ele>2484.31</ele><time>2018-06-21T10:14:43-06:00</time><course>62.39</course><roll>-5.85</roll><pitch>-0.37</pitch><mode /></trkpt><trkpt lat="39.9585541" lon="-106.2170813"><ele>2484.35</ele><time>2018-06-21T10:14:43-06:00</time><course>62.38</course><roll>-5.87</roll><pitch>-0.38</pitch><mode /></trkpt><trkpt lat="39.958554" lon="-106.2170807"><ele>2484.4</ele><time>2018-06-21T10:14:44-06:00</time><course>62.36</course><roll>-5.85</roll><pitch>-0.41</pitch><mode /></trkpt><trkpt lat="39.9585539" lon="-106.2170806"><ele>2484.39</ele><time>2018-06-21T10:14:44-06:00</time><course>62.35</course><roll>-5.84</roll><pitch>-0.43</pitch><mode /></trkpt><trkpt lat="39.9585538" lon="-106.2170804"><ele>2484.36</ele><time>2018-06-21T10:14:44-06:00</time><course>62.35</course><roll>-5.84</roll><pitch>-0.43</pitch><mode /></trkpt><trkpt lat="39.9585536" lon="-106.21708"><ele>2484.39</ele><time>2018-06-21T10:14:44-06:00</time><course>62.35</course><roll>-5.85</roll><pitch>-0.42</pitch><mode /></trkpt><trkpt lat="39.9585533" lon="-106.2170794"><ele>2484.33</ele><time>2018-06-21T10:14:44-06:00</time><course>62.34</course><roll>-5.89</roll><pitch>-0.41</pitch><mode /></trkpt><trkpt lat="39.958553" lon="-106.2170789"><ele>2484.34</ele><time>2018-06-21T10:14:45-06:00</time><course>62.33</course><roll>-5.92</roll><pitch>-0.38</pitch><mode /></trkpt><trkpt lat="39.9585529" lon="-106.2170783"><ele>2484.44</ele><time>2018-06-21T10:14:45-06:00</time><course>62.33</course><roll>-5.95</roll><pitch>-0.38</pitch><mode /></trkpt><trkpt lat="39.9585525" lon="-106.217078"><ele>2484.43</ele><time>2018-06-21T10:14:45-06:00</time><course>62.33</course><roll>-5.97</roll><pitch>-0.38</pitch><mode /></trkpt><trkpt lat="39.958552" lon="-106.2170775"><ele>2484.42</ele><time>2018-06-21T10:14:45-06:00</time><course>62.32</course><roll>-5.98</roll><pitch>-0.4</pitch><mode /></trkpt><trkpt lat="39.9585519" lon="-106.217077"><ele>2484.45</ele><time>2018-06-21T10:14:45-06:00</time><course>62.32</course><roll>-6</roll><pitch>-0.4</pitch><mode /></trkpt><trkpt lat="39.9585515" lon="-106.2170769"><ele>2484.5</ele><time>2018-06-21T10:14:46-06:00</time><course>62.31</course><roll>-5.98</roll><pitch>-0.4</pitch><mode /></trkpt><trkpt lat="39.9585517" lon="-106.2170773"><ele>2484.47</ele><time>2018-06-21T10:14:46-06:00</time><course>62.32</course><roll>-5.95</roll><pitch>-0.43</pitch><mode /></trkpt><trkpt lat="39.9585515" lon="-106.2170776"><ele>2484.5</ele><time>2018-06-21T10:14:46-06:00</time><course>62.32</course><roll>-5.88</roll><pitch>-0.48</pitch><mode /></trkpt><trkpt lat="39.9585511" lon="-106.2170769"><ele>2484.47</ele><time>2018-06-21T10:14:46-06:00</time><course>62.31</course><roll>-5.88</roll><pitch>-0.48</pitch><mode /></trkpt><trkpt lat="39.9585508" lon="-106.2170762"><ele>2484.44</ele><time>2018-06-21T10:14:46-06:00</time><course>62.3</course><roll>-5.92</roll><pitch>-0.42</pitch><mode /></trkpt><trkpt lat="39.9585513" lon="-106.217076"><ele>2484.58</ele><time>2018-06-21T10:14:47-06:00</time><course>62.29</course><roll>-5.91</roll><pitch>-0.4</pitch><mode /></trkpt><trkpt lat="39.9585514" lon="-106.2170753"><ele>2484.68</ele><time>2018-06-21T10:14:47-06:00</time><course>62.27</course><roll>-5.86</roll><pitch>-0.39</pitch><mode /></trkpt><trkpt lat="39.9585516" lon="-106.2170749"><ele>2484.7</ele><time>2018-06-21T10:14:47-06:00</time><course>62.27</course><roll>-5.87</roll><pitch>-0.36</pitch><mode /></trkpt><trkpt lat="39.9585519" lon="-106.2170747"><ele>2484.72</ele><time>2018-06-21T10:14:47-06:00</time><course>62.26</course><roll>-5.85</roll><pitch>-0.36</pitch><mode /></trkpt><trkpt lat="39.9585523" lon="-106.2170746"><ele>2484.8</ele><time>2018-06-21T10:14:48-06:00</time><course>62.26</course><roll>-5.82</roll><pitch>-0.36</pitch><mode /></trkpt><trkpt lat="39.958553" lon="-106.2170751"><ele>2484.84</ele><time>2018-06-21T10:14:48-06:00</time><course>62.25</course><roll>-5.77</roll><pitch>-0.38</pitch><mode /></trkpt><trkpt lat="39.958554" lon="-106.217074"><ele>2484.89</ele><time>2018-06-21T10:14:48-06:00</time><course>62.25</course><roll>-5.72</roll><pitch>-0.37</pitch><mode /></trkpt><trkpt lat="39.9585545" lon="-106.2170739"><ele>2484.93</ele><time>2018-06-21T10:14:48-06:00</time><course>62.24</course><roll>-5.74</roll><pitch>-0.29</pitch><mode /></trkpt><trkpt lat="39.9585568" lon="-106.217073"><ele>2484.96</ele><time>2018-06-21T10:14:48-06:00</time><course>62.19</course><roll>-5.35</roll><pitch>0.11</pitch><mode /></trkpt><trkpt lat="39.9585577" lon="-106.2170733"><ele>2484.98</ele><time>2018-06-21T10:14:49-06:00</time><course>62.21</course><roll>-5.38</roll><pitch>-0.11</pitch><mode /></trkpt><trkpt lat="39.9585586" lon="-106.2170742"><ele>2485.11</ele><time>2018-06-21T10:14:49-06:00</time><course>62.22</course><roll>-5.5</roll><pitch>-0.19</pitch><mode /></trkpt><trkpt lat="39.958558" lon="-106.2170747"><ele>2485.07</ele><time>2018-06-21T10:14:49-06:00</time><course>62.21</course><roll>-5.58</roll><pitch>-0.31</pitch><mode /></trkpt><trkpt lat="39.9585579" lon="-106.2170752"><ele>2485.09</ele><time>2018-06-21T10:14:49-06:00</time><course>62.2</course><roll>-5.67</roll><pitch>-0.36</pitch><mode /></trkpt><trkpt lat="39.9585574" lon="-106.2170755"><ele>2485.13</ele><time>2018-06-21T10:14:50-06:00</time><course>62.19</course><roll>-5.73</roll><pitch>-0.32</pitch><mode /></trkpt><trkpt lat="39.9585584" lon="-106.2170758"><ele>2485.19</ele><time>2018-06-21T10:14:50-06:00</time><course>62.19</course><roll>-5.74</roll><pitch>-0.34</pitch><mode /></trkpt><trkpt lat="39.9585592" lon="-106.2170762"><ele>2485.31</ele><time>2018-06-21T10:14:50-06:00</time><course>62.18</course><roll>-5.54</roll><pitch>-0.18</pitch><mode /></trkpt><trkpt lat="39.9585604" lon="-106.2170764"><ele>2485.4</ele><time>2018-06-21T10:14:50-06:00</time><course>62.17</course><roll>-5.62</roll><pitch>-0.3</pitch><mode /></trkpt><trkpt lat="39.9585613" lon="-106.2170763"><ele>2485.49</ele><time>2018-06-21T10:14:51-06:00</time><course>62.23</course><roll>-5.61</roll><pitch>-0.36</pitch><mode /></trkpt><trkpt lat="39.9585633" lon="-106.2170759"><ele>2485.55</ele><time>2018-06-21T10:14:51-06:00</time><course>62.06</course><roll>-5.03</roll><pitch>-0.37</pitch><mode /></trkpt><trkpt lat="39.9585649" lon="-106.2170765"><ele>2485.69</ele><time>2018-06-21T10:14:51-06:00</time><course>62.11</course><roll>-5.37</roll><pitch>-0.24</pitch><mode /></trkpt><trkpt lat="39.9585686" lon="-106.217076"><ele>2486</ele><time>2018-06-21T10:14:51-06:00</time><course>62.13</course><roll>-5.33</roll><pitch>-0.27</pitch><mode /></trkpt><trkpt lat="39.9585701" lon="-106.2170755"><ele>2486.12</ele><time>2018-06-21T10:14:52-06:00</time><course>62.11</course><roll>-5.22</roll><pitch>-0.08</pitch><mode /></trkpt><trkpt lat="39.9585691" lon="-106.2170757"><ele>2486.09</ele><time>2018-06-21T10:14:52-06:00</time><course>62.11</course><roll>-5.28</roll><pitch>-0.1</pitch><mode /></trkpt><trkpt lat="39.9585687" lon="-106.2170759"><ele>2486.11</ele><time>2018-06-21T10:14:52-06:00</time><course>62.1</course><roll>-5.38</roll><pitch>-0.17</pitch><mode /></trkpt><trkpt lat="39.9585689" lon="-106.2170755"><ele>2486.11</ele><time>2018-06-21T10:14:52-06:00</time><course>62.1</course><roll>-5.43</roll><pitch>-0.22</pitch><mode /></trkpt><trkpt lat="39.9585681" lon="-106.2170754"><ele>2486.1</ele><time>2018-06-21T10:14:52-06:00</time><course>62.1</course><roll>-5.48</roll><pitch>-0.23</pitch><mode /></trkpt><trkpt lat="39.958569" lon="-106.2170753"><ele>2486.16</ele><time>2018-06-21T10:14:53-06:00</time><course>62.09</course><roll>-5.51</roll><pitch>-0.25</pitch><mode /></trkpt><trkpt lat="39.9585694" lon="-106.2170754"><ele>2486.24</ele><time>2018-06-21T10:14:53-06:00</time><course>62.09</course><roll>-5.47</roll><pitch>-0.25</pitch><mode /></trkpt><trkpt lat="39.9585713" lon="-106.2170753"><ele>2486.41</ele><time>2018-06-21T10:14:53-06:00</time><course>62.08</course><roll>-5.44</roll><pitch>-0.25</pitch><mode /></trkpt><trkpt lat="39.9585725" lon="-106.217075"><ele>2486.6</ele><time>2018-06-21T10:14:53-06:00</time><course>62.07</course><roll>-5.37</roll><pitch>-0.22</pitch><mode /></trkpt><trkpt lat="39.958574" lon="-106.2170746"><ele>2486.77</ele><time>2018-06-21T10:14:53-06:00</time><course>62.06</course><roll>-5.36</roll><pitch>-0.18</pitch><mode /></trkpt><trkpt lat="39.9585769" lon="-106.217074"><ele>2486.96</ele><time>2018-06-21T10:14:54-06:00</time><course>62.06</course><roll>-5.31</roll><pitch>-0.13</pitch><mode /></trkpt><trkpt lat="39.9585777" lon="-106.2170738"><ele>2487.02</ele><time>2018-06-21T10:14:54-06:00</time><course>62.07</course><roll>-5.24</roll><pitch>-0.08</pitch><mode /></trkpt><trkpt lat="39.9585778" lon="-106.2170739"><ele>2487.04</ele><time>2018-06-21T10:14:54-06:00</time><course>62.07</course><roll>-5.29</roll><pitch>-0.11</pitch><mode /></trkpt><trkpt lat="39.9585782" lon="-106.2170746"><ele>2487.1</ele><time>2018-06-21T10:14:54-06:00</time><course>62.05</course><roll>-5.34</roll><pitch>-0.2</pitch><mode /></trkpt><trkpt lat="39.9585792" lon="-106.2170744"><ele>2487.24</ele><time>2018-06-21T10:14:54-06:00</time><course>62</course><roll>-5.34</roll><pitch>-0.23</pitch><mode /></trkpt><trkpt lat="39.9585801" lon="-106.2170736"><ele>2487.38</ele><time>2018-06-21T10:14:55-06:00</time><course>63</course><roll>-5.44</roll><pitch>-0.36</pitch><mode /></trkpt><trkpt lat="39.9585329" lon="-106.2170745"><ele>2485.74</ele><time>2018-06-21T10:17:58-06:00</time><course>63</course><roll>-5.44</roll><pitch>-0.36</pitch><mode /></trkpt><trkpt lat="39.9585333" lon="-106.2170753"><ele>2485.7</ele><time>2018-06-21T10:17:58-06:00</time><course>63</course><roll>-5.49</roll><pitch>-0.35</pitch><mode /></trkpt><trkpt lat="39.958534" lon="-106.2170761"><ele>2485.72</ele><time>2018-06-21T10:17:58-06:00</time><course>63</course><roll>-5.44</roll><pitch>-0.4</pitch><mode /></trkpt><trkpt lat="39.9585337" lon="-106.2170759"><ele>2485.57</ele><time>2018-06-21T10:17:59-06:00</time><course>62.99</course><roll>-5.48</roll><pitch>-0.42</pitch><mode /></trkpt><trkpt lat="39.9585339" lon="-106.2170763"><ele>2485.43</ele><time>2018-06-21T10:17:59-06:00</time><course>63.01</course><roll>-5.54</roll><pitch>-0.36</pitch><mode /></trkpt><trkpt lat="39.9585341" lon="-106.2170769"><ele>2485.43</ele><time>2018-06-21T10:17:59-06:00</time><course>62.94</course><roll>-5.21</roll><pitch>0.02</pitch><mode /></trkpt><trkpt lat="39.9585343" lon="-106.2170773"><ele>2485.42</ele><time>2018-06-21T10:17:59-06:00</time><course>62.84</course><roll>2.15</roll><pitch>0.58</pitch><mode /></trkpt><trkpt lat="39.9585347" lon="-106.2170786"><ele>2485.48</ele><time>2018-06-21T10:18:00-06:00</time><course>57.19</course><roll>17.96</roll><pitch>-5.61</pitch><mode /></trkpt><trkpt lat="39.9585349" lon="-106.2170804"><ele>2485.47</ele><time>2018-06-21T10:18:00-06:00</time><course>49.6</course><roll>-7.96</roll><pitch>18.69</pitch><mode /></trkpt><trkpt lat="39.9585341" lon="-106.2170834"><ele>2485.54</ele><time>2018-06-21T10:18:00-06:00</time><course>14.36</course><roll>-68.21</roll><pitch>37.53</pitch><mode /></trkpt><trkpt lat="39.9585363" lon="-106.2170849"><ele>2485.44</ele><time>2018-06-21T10:18:00-06:00</time><course>358.04</course><roll>-22.15</roll><pitch>17.9</pitch><mode /></trkpt><trkpt lat="39.9585398" lon="-106.2170821"><ele>2485.44</ele><time>2018-06-21T10:18:00-06:00</time><course>342.86</course><roll>11.34</roll><pitch>-7.79</pitch><mode /></trkpt><trkpt lat="39.9585405" lon="-106.2170778"><ele>2485.45</ele><time>2018-06-21T10:18:01-06:00</time><course>329.18</course><roll>-13.45</roll><pitch>3.62</pitch><mode /></trkpt><trkpt lat="39.9585423" lon="-106.2170761"><ele>2485.44</ele><time>2018-06-21T10:18:01-06:00</time><course>312.19</course><roll>17.38</roll><pitch>5.24</pitch><mode /></trkpt><trkpt lat="39.9585443" lon="-106.217075"><ele>2485.41</ele><time>2018-06-21T10:18:01-06:00</time><course>311.82</course><roll>-20.66</roll><pitch>1.84</pitch><mode /></trkpt><trkpt lat="39.9585467" lon="-106.2170747"><ele>2485.38</ele><time>2018-06-21T10:18:01-06:00</time><course>310.32</course><roll>0.15</roll><pitch>16.18</pitch><mode /></trkpt><trkpt lat="39.9585485" lon="-106.2170741"><ele>2485.28</ele><time>2018-06-21T10:18:01-06:00</time><course>310.84</course><roll>-2.11</roll><pitch>3.26</pitch><mode /></trkpt><trkpt lat="39.9585498" lon="-106.2170747"><ele>2485.2</ele><time>2018-06-21T10:18:02-06:00</time><course>319.73</course><roll>5.78</roll><pitch>5.32</pitch><mode /></trkpt><trkpt lat="39.9585505" lon="-106.2170744"><ele>2485.25</ele><time>2018-06-21T10:18:02-06:00</time><course>320.6</course><roll>30.87</roll><pitch>7.43</pitch><mode /></trkpt><trkpt lat="39.9585502" lon="-106.2170746"><ele>2485.45</ele><time>2018-06-21T10:18:02-06:00</time><course>321.08</course><roll>-25.86</roll><pitch>-6.05</pitch><mode /></trkpt><trkpt lat="39.9585476" lon="-106.2170744"><ele>2485.71</ele><time>2018-06-21T10:18:02-06:00</time><course>338.37</course><roll>-2.1</roll><pitch>1.54</pitch><mode /></trkpt><trkpt lat="39.9585484" lon="-106.2170743"><ele>2485.34</ele><time>2018-06-21T10:18:03-06:00</time><course>334.23</course><roll>-3.9</roll><pitch>-5.69</pitch><mode /></trkpt><trkpt lat="39.9585489" lon="-106.2170731"><ele>2484.77</ele><time>2018-06-21T10:18:03-06:00</time><course>329.49</course><roll>3.57</roll><pitch>-27.11</pitch><mode /></trkpt><trkpt lat="39.9585482" lon="-106.2170712"><ele>2484.28</ele><time>2018-06-21T10:18:03-06:00</time><course>320.26</course><roll>-11.34</roll><pitch>8.34</pitch><mode /></trkpt><trkpt lat="39.9585462" lon="-106.2170688"><ele>2483.99</ele><time>2018-06-21T10:18:03-06:00</time><course>264.56</course><roll>-98.06</roll><pitch>34.44</pitch><mode /></trkpt><trkpt lat="39.9585456" lon="-106.2170668"><ele>2483.77</ele><time>2018-06-21T10:18:03-06:00</time><course>229.27</course><roll>-179.68</roll><pitch>-13.88</pitch><mode /></trkpt><trkpt lat="39.9585468" lon="-106.2170676"><ele>2483.39</ele><time>2018-06-21T10:18:04-06:00</time><course>215.22</course><roll>179.88</roll><pitch>-0.05</pitch><mode /></trkpt><trkpt lat="39.9585474" lon="-106.217068"><ele>2483.19</ele><time>2018-06-21T10:18:04-06:00</time><course>213.71</course><roll>-178.01</roll><pitch>2.23</pitch><mode /></trkpt><trkpt lat="39.9585484" lon="-106.2170686"><ele>2483.25</ele><time>2018-06-21T10:18:04-06:00</time><course>213.92</course><roll>-178.35</roll><pitch>2.11</pitch><mode /></trkpt><trkpt lat="39.9585495" lon="-106.2170695"><ele>2483.3</ele><time>2018-06-21T10:18:04-06:00</time><course>214.16</course><roll>-178.59</roll><pitch>2.08</pitch><mode /></trkpt><trkpt lat="39.9585508" lon="-106.2170694"><ele>2483.26</ele><time>2018-06-21T10:18:05-06:00</time><course>214.64</course><roll>-178.85</roll><pitch>1.94</pitch><mode /></trkpt><trkpt lat="39.9585515" lon="-106.2170695"><ele>2483.21</ele><time>2018-06-21T10:18:05-06:00</time><course>214.86</course><roll>-178.93</roll><pitch>1.87</pitch><mode /></trkpt><trkpt lat="39.9585543" lon="-106.2170694"><ele>2483</ele><time>2018-06-21T10:18:05-06:00</time><course>215.55</course><roll>-179.18</roll><pitch>1.69</pitch><mode /></trkpt><trkpt lat="39.9585909" lon="-106.2171015"><ele>2491.29</ele><time>2018-06-21T10:19:42-06:00</time><course>60.49</course><roll>-0.07</roll><pitch>-0.08</pitch><mode /></trkpt><trkpt lat="39.9585906" lon="-106.2171014"><ele>2491.3</ele><time>2018-06-21T10:19:42-06:00</time><course>60.5</course><roll>0</roll><pitch>-0.07</pitch><mode /></trkpt><trkpt lat="39.9585903" lon="-106.2171019"><ele>2491.11</ele><time>2018-06-21T10:19:42-06:00</time><course>60.49</course><roll>-0.02</roll><pitch>-0.09</pitch><mode /></trkpt><trkpt lat="39.9585906" lon="-106.2171013"><ele>2490.95</ele><time>2018-06-21T10:19:42-06:00</time><course>60.48</course><roll>-0.04</roll><pitch>-0.18</pitch><mode /></trkpt><trkpt lat="39.958589" lon="-106.2170997"><ele>2490.97</ele><time>2018-06-21T10:19:42-06:00</time><course>60.48</course><roll>-0.05</roll><pitch>-0.1</pitch><mode /></trkpt><trkpt lat="39.9585887" lon="-106.2170987"><ele>2490.93</ele><time>2018-06-21T10:19:43-06:00</time><course>60.5</course><roll>-0.17</roll><pitch>0.07</pitch><mode /></trkpt><trkpt lat="39.9585876" lon="-106.2170988"><ele>2491.01</ele><time>2018-06-21T10:19:43-06:00</time><course>60.55</course><roll>0.09</roll><pitch>0.24</pitch><mode /></trkpt><trkpt lat="39.9585867" lon="-106.2170991"><ele>2491.08</ele><time>2018-06-21T10:19:43-06:00</time><course>60.38</course><roll>-0.1</roll><pitch>0.17</pitch><mode /></trkpt><trkpt lat="39.9585859" lon="-106.2170995"><ele>2491.14</ele><time>2018-06-21T10:19:43-06:00</time><course>60.56</course><roll>0.13</roll><pitch>0.36</pitch><mode /></trkpt><trkpt lat="39.9585846" lon="-106.2171001"><ele>2491.1</ele><time>2018-06-21T10:19:43-06:00</time><course>60.39</course><roll>0.1</roll><pitch>0.18</pitch><mode /></trkpt><trkpt lat="39.9585842" lon="-106.2171"><ele>2491.1</ele><time>2018-06-21T10:19:44-06:00</time><course>60.48</course><roll>0.13</roll><pitch>0.38</pitch><mode /></trkpt><trkpt lat="39.9585836" lon="-106.2171005"><ele>2491.11</ele><time>2018-06-21T10:19:44-06:00</time><course>60.3</course><roll>1.46</roll><pitch>0.43</pitch><mode /></trkpt><trkpt lat="39.9585835" lon="-106.2171015"><ele>2491.16</ele><time>2018-06-21T10:19:44-06:00</time><course>59.19</course><roll>5.38</roll><pitch>3.37</pitch><mode /></trkpt><trkpt lat="39.9585837" lon="-106.2171025"><ele>2491.45</ele><time>2018-06-21T10:19:44-06:00</time><course>57.15</course><roll>5.99</roll><pitch>2.73</pitch><mode /></trkpt><trkpt lat="39.9585847" lon="-106.2171041"><ele>2492.23</ele><time>2018-06-21T10:19:44-06:00</time><course>56.32</course><roll>6.24</roll><pitch>3.11</pitch><mode /></trkpt><trkpt lat="39.9585849" lon="-106.2171081"><ele>2493.6</ele><time>2018-06-21T10:19:45-06:00</time><course>55.59</course><roll>5.28</roll><pitch>2.35</pitch><mode /></trkpt><trkpt lat="39.9585857" lon="-106.2171115"><ele>2495.16</ele><time>2018-06-21T10:19:45-06:00</time><course>55.4</course><roll>5.75</roll><pitch>4.27</pitch><mode /></trkpt><trkpt lat="39.9585864" lon="-106.2171159"><ele>2496.61</ele><time>2018-06-21T10:19:45-06:00</time><course>55.96</course><roll>5.39</roll><pitch>4.53</pitch><mode /></trkpt><trkpt lat="39.9585884" lon="-106.2171232"><ele>2498.26</ele><time>2018-06-21T10:19:45-06:00</time><course>54.96</course><roll>2.55</roll><pitch>1.74</pitch><mode /></trkpt><trkpt lat="39.958591" lon="-106.2171318"><ele>2499.97</ele><time>2018-06-21T10:19:45-06:00</time><course>53.45</course><roll>0.48</roll><pitch>-0.96</pitch><mode /></trkpt><trkpt lat="39.958594" lon="-106.2171414"><ele>2501.66</ele><time>2018-06-21T10:19:46-06:00</time><course>52.66</course><roll>-0.74</roll><pitch>-1.5</pitch><mode /></trkpt><trkpt lat="39.9585966" lon="-106.2171506"><ele>2503.42</ele><time>2018-06-21T10:19:46-06:00</time><course>52.26</course><roll>-0.25</roll><pitch>-1.87</pitch><mode /></trkpt><trkpt lat="39.9585984" lon="-106.2171609"><ele>2505.49</ele><time>2018-06-21T10:19:46-06:00</time><course>52.28</course><roll>-0.07</roll><pitch>-1.8</pitch><mode /></trkpt><trkpt lat="39.958601" lon="-106.2171694"><ele>2506.94</ele><time>2018-06-21T10:19:46-06:00</time><course>52.4</course><roll>-0.83</roll><pitch>-1.59</pitch><mode /></trkpt><trkpt lat="39.9586016" lon="-106.2171772"><ele>2508.89</ele><time>2018-06-21T10:19:46-06:00</time><course>52.86</course><roll>0.14</roll><pitch>2.36</pitch><mode /></trkpt><trkpt lat="39.9586026" lon="-106.2171845"><ele>2510.46</ele><time>2018-06-21T10:19:47-06:00</time><course>53.57</course><roll>-3.4</roll><pitch>11.23</pitch><mode /></trkpt><trkpt lat="39.9586041" lon="-106.2171894"><ele>2511.53</ele><time>2018-06-21T10:19:47-06:00</time><course>53.95</course><roll>-2.72</roll><pitch>-0.12</pitch><mode /></trkpt><trkpt lat="39.9586053" lon="-106.2171933"><ele>2512.4</ele><time>2018-06-21T10:19:47-06:00</time><course>55.07</course><roll>-0.61</roll><pitch>1.93</pitch><mode /></trkpt><trkpt lat="39.9586066" lon="-106.2171971"><ele>2513.18</ele><time>2018-06-21T10:19:47-06:00</time><course>58.98</course><roll>5.4</roll><pitch>7.24</pitch><mode /></trkpt><trkpt lat="39.9586081" lon="-106.2172013"><ele>2513.89</ele><time>2018-06-21T10:19:47-06:00</time><course>58.27</course><roll>0.12</roll><pitch>0.65</pitch><mode /></trkpt><trkpt lat="39.9586105" lon="-106.2172053"><ele>2514.45</ele><time>2018-06-21T10:19:48-06:00</time><course>55.89</course><roll>-2.24</roll><pitch>-1.57</pitch><mode /></trkpt><trkpt lat="39.9586129" lon="-106.2172094"><ele>2514.92</ele><time>2018-06-21T10:19:48-06:00</time><course>54.4</course><roll>-2.89</roll><pitch>-3.81</pitch><mode /></trkpt><trkpt lat="39.9586135" lon="-106.2172123"><ele>2515.36</ele><time>2018-06-21T10:19:48-06:00</time><course>53.71</course><roll>-0.77</roll><pitch>-3.57</pitch><mode /></trkpt><trkpt lat="39.9586147" lon="-106.217215"><ele>2515.77</ele><time>2018-06-21T10:19:48-06:00</time><course>53.97</course><roll>-2.16</roll><pitch>-2.38</pitch><mode /></trkpt><trkpt lat="39.9586153" lon="-106.2172176"><ele>2515.98</ele><time>2018-06-21T10:19:48-06:00</time><course>54.55</course><roll>-1.92</roll><pitch>-12.04</pitch><mode /></trkpt><trkpt lat="39.9586159" lon="-106.2172193"><ele>2516.24</ele><time>2018-06-21T10:19:49-06:00</time><course>67.19</course><roll>-26.04</roll><pitch>-44.77</pitch><mode /></trkpt><trkpt lat="39.9586158" lon="-106.2172213"><ele>2516.53</ele><time>2018-06-21T10:19:49-06:00</time><course>73.05</course><roll>-24.48</roll><pitch>-37.42</pitch><mode /></trkpt><trkpt lat="39.9586141" lon="-106.2172208"><ele>2516.81</ele><time>2018-06-21T10:19:49-06:00</time><course>112.53</course><roll>76.27</roll><pitch>28.62</pitch><mode /></trkpt><trkpt lat="39.9586095" lon="-106.2172199"><ele>2517.15</ele><time>2018-06-21T10:19:49-06:00</time><course>154.46</course><roll>-155.84</roll><pitch>-39.03</pitch><mode /></trkpt><trkpt lat="39.9586068" lon="-106.2172219"><ele>2517.69</ele><time>2018-06-21T10:19:49-06:00</time><course>96.4</course><roll>-49.88</roll><pitch>-43.9</pitch><mode /></trkpt><trkpt lat="39.9586036" lon="-106.2172199"><ele>2517.99</ele><time>2018-06-21T10:19:50-06:00</time><course>129.44</course><roll>-64.01</roll><pitch>-54.89</pitch><mode /></trkpt><trkpt lat="39.9586001" lon="-106.2172158"><ele>2517.97</ele><time>2018-06-21T10:19:50-06:00</time><course>129.93</course><roll>-22.26</roll><pitch>-35.55</pitch><mode /></trkpt><trkpt lat="39.9585954" lon="-106.2172098"><ele>2517.54</ele><time>2018-06-21T10:19:50-06:00</time><course>189.43</course><roll>106.41</roll><pitch>13.47</pitch><mode /></trkpt><trkpt lat="39.9585871" lon="-106.2172038"><ele>2516.9</ele><time>2018-06-21T10:19:50-06:00</time><course>212.71</course><roll>160.92</roll><pitch>-30.51</pitch><mode /></trkpt><trkpt lat="39.9585818" lon="-106.2171999"><ele>2517.19</ele><time>2018-06-21T10:19:50-06:00</time><course>190.73</course><roll>132.32</roll><pitch>-15.03</pitch><mode /></trkpt><trkpt lat="39.9585774" lon="-106.2171967"><ele>2517.39</ele><time>2018-06-21T10:19:51-06:00</time><course>150.36</course><roll>71.59</roll><pitch>-10.38</pitch><mode /></trkpt><trkpt lat="39.958575" lon="-106.2171924"><ele>2517.46</ele><time>2018-06-21T10:19:51-06:00</time><course>187.02</course><roll>64.59</roll><pitch>10.29</pitch><mode /></trkpt><trkpt lat="39.9585746" lon="-106.2171912"><ele>2517.58</ele><time>2018-06-21T10:19:51-06:00</time><course>256.91</course><roll>98.97</roll><pitch>15.9</pitch><mode /></trkpt><trkpt lat="39.9585805" lon="-106.217187"><ele>2517.54</ele><time>2018-06-21T10:19:51-06:00</time><course>263.03</course><roll>76.14</roll><pitch>9.12</pitch><mode /></trkpt><trkpt lat="39.9585771" lon="-106.2171866"><ele>2517.71</ele><time>2018-06-21T10:19:51-06:00</time><course>245.87</course><roll>15.99</roll><pitch>-18.89</pitch><mode /></trkpt><trkpt lat="39.9585728" lon="-106.2171844"><ele>2517.8</ele><time>2018-06-21T10:19:52-06:00</time><course>251.39</course><roll>-38.85</roll><pitch>-41.17</pitch><mode /></trkpt><trkpt lat="39.9585696" lon="-106.2171833"><ele>2517.9</ele><time>2018-06-21T10:19:52-06:00</time><course>234.23</course><roll>22.46</roll><pitch>-0.98</pitch><mode /></trkpt><trkpt lat="39.9585644" lon="-106.2171824"><ele>2518.2</ele><time>2018-06-21T10:19:52-06:00</time><course>241.73</course><roll>-1.58</roll><pitch>-13.4</pitch><mode /></trkpt><trkpt lat="39.9585577" lon="-106.2171787"><ele>2518.51</ele><time>2018-06-21T10:19:52-06:00</time><course>240.8</course><roll>-7.58</roll><pitch>-14.02</pitch><mode /></trkpt><trkpt lat="39.9585528" lon="-106.2171668"><ele>2519.18</ele><time>2018-06-21T10:19:52-06:00</time><course>240.52</course><roll>-7.07</roll><pitch>-13.72</pitch><mode /></trkpt><trkpt lat="39.9585443" lon="-106.2171614"><ele>2519.63</ele><time>2018-06-21T10:19:53-06:00</time><course>240.04</course><roll>-6.65</roll><pitch>-13.64</pitch><mode /></trkpt><trkpt lat="39.9585353" lon="-106.2171506"><ele>2520.26</ele><time>2018-06-21T10:19:53-06:00</time><course>239.66</course><roll>-6.32</roll><pitch>-13.53</pitch><mode /></trkpt><trkpt lat="39.9585301" lon="-106.2171441"><ele>2520.71</ele><time>2018-06-21T10:19:53-06:00</time><course>239.27</course><roll>-6.09</roll><pitch>-13.44</pitch><mode /></trkpt><trkpt lat="39.9585294" lon="-106.2171455"><ele>2521.02</ele><time>2018-06-21T10:19:53-06:00</time><course>238.88</course><roll>-5.84</roll><pitch>-13.27</pitch><mode /></trkpt><trkpt lat="39.9585277" lon="-106.2171459"><ele>2521.41</ele><time>2018-06-21T10:19:53-06:00</time><course>238.41</course><roll>-5.55</roll><pitch>-13.11</pitch><mode /></trkpt><trkpt lat="39.9585275" lon="-106.2171473"><ele>2521.7</ele><time>2018-06-21T10:19:54-06:00</time><course>238</course><roll>-5.62</roll><pitch>-12.79</pitch><mode /></trkpt><trkpt lat="39.9585279" lon="-106.2171616"><ele>2522.61</ele><time>2018-06-21T10:19:54-06:00</time><course>236.93</course><roll>-6.72</roll><pitch>-11.96</pitch><mode /></trkpt><trkpt lat="39.9585294" lon="-106.2171644"><ele>2522.72</ele><time>2018-06-21T10:19:54-06:00</time><course>236.51</course><roll>-6.75</roll><pitch>-11.68</pitch><mode /></trkpt><trkpt lat="39.9585301" lon="-106.2171686"><ele>2522.92</ele><time>2018-06-21T10:19:55-06:00</time><course>236.05</course><roll>-6.64</roll><pitch>-11.59</pitch><mode /></trkpt><trkpt lat="39.9585304" lon="-106.2171733"><ele>2523.19</ele><time>2018-06-21T10:19:55-06:00</time><course>235.58</course><roll>-6.49</roll><pitch>-11.42</pitch><mode /></trkpt><trkpt lat="39.9585307" lon="-106.2171769"><ele>2523.39</ele><time>2018-06-21T10:19:55-06:00</time><course>235.08</course><roll>-6.31</roll><pitch>-11.23</pitch><mode /></trkpt><trkpt lat="39.9585312" lon="-106.2171805"><ele>2523.61</ele><time>2018-06-21T10:19:55-06:00</time><course>234.57</course><roll>-6.07</roll><pitch>-11.08</pitch><mode /></trkpt><trkpt lat="39.9585315" lon="-106.217184"><ele>2523.71</ele><time>2018-06-21T10:19:55-06:00</time><course>234.05</course><roll>-5.8</roll><pitch>-10.96</pitch><mode /></trkpt><trkpt lat="39.9585314" lon="-106.2171875"><ele>2523.68</ele><time>2018-06-21T10:19:56-06:00</time><course>233.51</course><roll>-5.54</roll><pitch>-10.86</pitch><mode /></trkpt><trkpt lat="39.9585311" lon="-106.2171913"><ele>2523.67</ele><time>2018-06-21T10:19:56-06:00</time><course>232.95</course><roll>-5.24</roll><pitch>-10.74</pitch><mode /></trkpt><trkpt lat="39.9585319" lon="-106.2171941"><ele>2523.6</ele><time>2018-06-21T10:19:56-06:00</time><course>232.39</course><roll>-4.96</roll><pitch>-10.6</pitch><mode /></trkpt><trkpt lat="39.9585323" lon="-106.2171976"><ele>2523.7</ele><time>2018-06-21T10:19:56-06:00</time><course>231.82</course><roll>-4.69</roll><pitch>-10.55</pitch><mode /></trkpt><trkpt lat="39.9585324" lon="-106.2172024"><ele>2523.92</ele><time>2018-06-21T10:19:56-06:00</time><course>231.24</course><roll>-4.47</roll><pitch>-10.43</pitch><mode /></trkpt><trkpt lat="39.9585326" lon="-106.2172065"><ele>2524.01</ele><time>2018-06-21T10:19:57-06:00</time><course>230.66</course><roll>-4.24</roll><pitch>-10.25</pitch><mode /></trkpt><trkpt lat="39.9585325" lon="-106.2172088"><ele>2524</ele><time>2018-06-21T10:19:57-06:00</time><course>230.05</course><roll>-3.97</roll><pitch>-10.15</pitch><mode /></trkpt><trkpt lat="39.9585324" lon="-106.2172098"><ele>2523.72</ele><time>2018-06-21T10:19:57-06:00</time><course>229.43</course><roll>-3.6</roll><pitch>-10.09</pitch><mode /></trkpt><trkpt lat="39.9585323" lon="-106.217211"><ele>2523.53</ele><time>2018-06-21T10:19:57-06:00</time><course>228.79</course><roll>-3.21</roll><pitch>-10.02</pitch><mode /></trkpt><trkpt lat="39.958532" lon="-106.2172127"><ele>2523.4</ele><time>2018-06-21T10:19:57-06:00</time><course>228.14</course><roll>-2.89</roll><pitch>-9.92</pitch><mode /></trkpt><trkpt lat="39.9585316" lon="-106.2172141"><ele>2523.28</ele><time>2018-06-21T10:19:58-06:00</time><course>227.48</course><roll>-2.61</roll><pitch>-9.8</pitch><mode /></trkpt><trkpt lat="39.9585312" lon="-106.2172157"><ele>2523.28</ele><time>2018-06-21T10:19:58-06:00</time><course>226.83</course><roll>-2.34</roll><pitch>-9.67</pitch><mode /></trkpt><trkpt lat="39.9585325" lon="-106.2172161"><ele>2522.84</ele><time>2018-06-21T10:19:58-06:00</time><course>226.16</course><roll>-2.1</roll><pitch>-9.55</pitch><mode /></trkpt><trkpt lat="39.9585331" lon="-106.2172197"><ele>2522.75</ele><time>2018-06-21T10:19:58-06:00</time><course>224.83</course><roll>-1.76</roll><pitch>-9.36</pitch><mode /></trkpt><trkpt lat="39.958533" lon="-106.2172199"><ele>2522.4</ele><time>2018-06-21T10:19:59-06:00</time><course>224.14</course><roll>-1.53</roll><pitch>-9.32</pitch><mode /></trkpt><trkpt lat="39.9585332" lon="-106.2172203"><ele>2522.27</ele><time>2018-06-21T10:19:59-06:00</time><course>223.43</course><roll>-1.23</roll><pitch>-9.2</pitch><mode /></trkpt><trkpt lat="39.9585333" lon="-106.2172205"><ele>2521.95</ele><time>2018-06-21T10:19:59-06:00</time><course>222.72</course><roll>-1</roll><pitch>-9.1</pitch><mode /></trkpt><trkpt lat="39.9585332" lon="-106.2172206"><ele>2521.58</ele><time>2018-06-21T10:19:59-06:00</time><course>222.01</course><roll>-0.79</roll><pitch>-8.97</pitch><mode /></trkpt><trkpt lat="39.9585326" lon="-106.2172212"><ele>2521.46</ele><time>2018-06-21T10:19:59-06:00</time><course>221.28</course><roll>-0.56</roll><pitch>-8.82</pitch><mode /></trkpt><trkpt lat="39.9585325" lon="-106.2172206"><ele>2520.91</ele><time>2018-06-21T10:20:00-06:00</time><course>220.55</course><roll>-0.34</roll><pitch>-8.68</pitch><mode /></trkpt><trkpt lat="39.958533" lon="-106.2172193"><ele>2519.6</ele><time>2018-06-21T10:20:00-06:00</time><course>218.28</course><roll>0.33</roll><pitch>-8.37</pitch><mode /></trkpt><trkpt lat="39.9585329" lon="-106.2172188"><ele>2519.31</ele><time>2018-06-21T10:20:00-06:00</time><course>217.51</course><roll>0.56</roll><pitch>-8.27</pitch><mode /></trkpt><trkpt lat="39.9585324" lon="-106.217219"><ele>2519.03</ele><time>2018-06-21T10:20:01-06:00</time><course>216.73</course><roll>0.76</roll><pitch>-8.14</pitch><mode /></trkpt><trkpt lat="39.9585327" lon="-106.2172181"><ele>2518.79</ele><time>2018-06-21T10:20:01-06:00</time><course>215.95</course><roll>0.94</roll><pitch>-7.95</pitch><mode /></trkpt><trkpt lat="39.9585321" lon="-106.217218"><ele>2518.53</ele><time>2018-06-21T10:20:01-06:00</time><course>215.16</course><roll>1.11</roll><pitch>-7.88</pitch><mode /></trkpt><trkpt lat="39.958532" lon="-106.217217"><ele>2518.17</ele><time>2018-06-21T10:20:01-06:00</time><course>214.37</course><roll>1.24</roll><pitch>-7.68</pitch><mode /></trkpt><trkpt lat="39.9585322" lon="-106.2172154"><ele>2517.67</ele><time>2018-06-21T10:20:01-06:00</time><course>213.57</course><roll>1.4</roll><pitch>-7.58</pitch><mode /></trkpt><trkpt lat="39.9585319" lon="-106.2172142"><ele>2517.3</ele><time>2018-06-21T10:20:02-06:00</time><course>212.77</course><roll>1.58</roll><pitch>-7.5</pitch><mode /></trkpt><trkpt lat="39.9585316" lon="-106.217214"><ele>2517.01</ele><time>2018-06-21T10:20:02-06:00</time><course>211.95</course><roll>1.77</roll><pitch>-7.39</pitch><mode /></trkpt><trkpt lat="39.9585323" lon="-106.2172127"><ele>2516.66</ele><time>2018-06-21T10:20:02-06:00</time><course>211.15</course><roll>1.88</roll><pitch>-7.22</pitch><mode /></trkpt><trkpt lat="39.9585317" lon="-106.2172133"><ele>2516.49</ele><time>2018-06-21T10:20:02-06:00</time><course>210.33</course><roll>2.05</roll><pitch>-7.2</pitch><mode /></trkpt><trkpt lat="39.9585314" lon="-106.2172128"><ele>2516.37</ele><time>2018-06-21T10:20:02-06:00</time><course>209.52</course><roll>2.16</roll><pitch>-6.98</pitch><mode /></trkpt><trkpt lat="39.9585312" lon="-106.2172121"><ele>2516.1</ele><time>2018-06-21T10:20:03-06:00</time><course>208.7</course><roll>2.31</roll><pitch>-6.87</pitch><mode /></trkpt><trkpt lat="39.9585309" lon="-106.217212"><ele>2515.8</ele><time>2018-06-21T10:20:03-06:00</time><course>207.88</course><roll>2.45</roll><pitch>-6.73</pitch><mode /></trkpt><trkpt lat="39.9585307" lon="-106.2172122"><ele>2515.42</ele><time>2018-06-21T10:20:03-06:00</time><course>207.05</course><roll>2.59</roll><pitch>-6.56</pitch><mode /></trkpt><trkpt lat="39.958531" lon="-106.2172113"><ele>2515.1</ele><time>2018-06-21T10:20:03-06:00</time><course>206.23</course><roll>2.68</roll><pitch>-6.39</pitch><mode /></trkpt><trkpt lat="39.9585316" lon="-106.2172108"><ele>2514.87</ele><time>2018-06-21T10:20:03-06:00</time><course>205.39</course><roll>2.85</roll><pitch>-6.32</pitch><mode /></trkpt><trkpt lat="39.9585313" lon="-106.2172112"><ele>2514.64</ele><time>2018-06-21T10:20:04-06:00</time><course>204.56</course><roll>2.93</roll><pitch>-6.25</pitch><mode /></trkpt><trkpt lat="39.9585314" lon="-106.2172107"><ele>2514.46</ele><time>2018-06-21T10:20:04-06:00</time><course>203.74</course><roll>3</roll><pitch>-6.04</pitch><mode /></trkpt><trkpt lat="39.9585317" lon="-106.2172106"><ele>2514.24</ele><time>2018-06-21T10:20:04-06:00</time><course>202.89</course><roll>3.16</roll><pitch>-5.95</pitch><mode /></trkpt><trkpt lat="39.9585313" lon="-106.2172098"><ele>2513.75</ele><time>2018-06-21T10:20:04-06:00</time><course>201.23</course><roll>3.33</roll><pitch>-5.72</pitch><mode /></trkpt><trkpt lat="39.958531" lon="-106.217209"><ele>2513.3</ele><time>2018-06-21T10:20:05-06:00</time><course>200.39</course><roll>3.52</roll><pitch>-5.55</pitch><mode /></trkpt><trkpt lat="39.9585319" lon="-106.2172079"><ele>2512.97</ele><time>2018-06-21T10:20:05-06:00</time><course>199.56</course><roll>3.59</roll><pitch>-5.37</pitch><mode /></trkpt><trkpt lat="39.958532" lon="-106.2172077"><ele>2512.62</ele><time>2018-06-21T10:20:05-06:00</time><course>198.74</course><roll>3.68</roll><pitch>-5.36</pitch><mode /></trkpt><trkpt lat="39.9585323" lon="-106.2172086"><ele>2512.48</ele><time>2018-06-21T10:20:05-06:00</time><course>197.9</course><roll>3.74</roll><pitch>-5.18</pitch><mode /></trkpt><trkpt lat="39.9585326" lon="-106.2172087"><ele>2512.38</ele><time>2018-06-21T10:20:05-06:00</time><course>197.08</course><roll>3.73</roll><pitch>-5.07</pitch><mode /></trkpt><trkpt lat="39.958533" lon="-106.2172086"><ele>2512.14</ele><time>2018-06-21T10:20:06-06:00</time><course>196.24</course><roll>3.85</roll><pitch>-4.97</pitch><mode /></trkpt><trkpt lat="39.9585334" lon="-106.2172082"><ele>2511.87</ele><time>2018-06-21T10:20:06-06:00</time><course>195.42</course><roll>3.96</roll><pitch>-4.86</pitch><mode /></trkpt><trkpt lat="39.9585335" lon="-106.2172092"><ele>2511.84</ele><time>2018-06-21T10:20:06-06:00</time><course>194.59</course><roll>4.09</roll><pitch>-4.77</pitch><mode /></trkpt><trkpt lat="39.9585341" lon="-106.2172068"><ele>2511.07</ele><time>2018-06-21T10:20:06-06:00</time><course>192.97</course><roll>4.22</roll><pitch>-4.52</pitch><mode /></trkpt><trkpt lat="39.9585344" lon="-106.2172061"><ele>2510.78</ele><time>2018-06-21T10:20:07-06:00</time><course>192.16</course><roll>4.49</roll><pitch>-4.39</pitch><mode /></trkpt><trkpt lat="39.9585343" lon="-106.2172067"><ele>2510.4</ele><time>2018-06-21T10:20:07-06:00</time><course>191.36</course><roll>4.52</roll><pitch>-4.28</pitch><mode /></trkpt><trkpt lat="39.9585323" lon="-106.2172093"><ele>2510.59</ele><time>2018-06-21T10:20:07-06:00</time><course>190.59</course><roll>4.41</roll><pitch>-4.11</pitch><mode /></trkpt><trkpt lat="39.9585304" lon="-106.2172104"><ele>2510.54</ele><time>2018-06-21T10:20:07-06:00</time><course>189.81</course><roll>4.37</roll><pitch>-3.91</pitch><mode /></trkpt><trkpt lat="39.9585282" lon="-106.2172116"><ele>2510.53</ele><time>2018-06-21T10:20:07-06:00</time><course>189.03</course><roll>4.45</roll><pitch>-3.73</pitch><mode /></trkpt><trkpt lat="39.9585258" lon="-106.2172134"><ele>2510.55</ele><time>2018-06-21T10:20:08-06:00</time><course>188.27</course><roll>4.49</roll><pitch>-3.54</pitch><mode /></trkpt><trkpt lat="39.9585235" lon="-106.217216"><ele>2510.5</ele><time>2018-06-21T10:20:08-06:00</time><course>187.52</course><roll>4.5</roll><pitch>-3.35</pitch><mode /></trkpt><trkpt lat="39.9585366" lon="-106.2170964"><ele>2484.22</ele><time>2018-06-21T10:20:41-06:00</time><course>64.5</course><roll>-2.51</roll><pitch>1.11</pitch><mode /></trkpt><trkpt lat="39.9585365" lon="-106.2170958"><ele>2484.24</ele><time>2018-06-21T10:20:42-06:00</time><course>64.44</course><roll>-2.48</roll><pitch>1.24</pitch><mode /></trkpt><trkpt lat="39.9585366" lon="-106.217096"><ele>2484.25</ele><time>2018-06-21T10:20:42-06:00</time><course>64.41</course><roll>-2.48</roll><pitch>1.28</pitch><mode /></trkpt><trkpt lat="39.9585369" lon="-106.2170966"><ele>2484.26</ele><time>2018-06-21T10:20:42-06:00</time><course>64.39</course><roll>-2.44</roll><pitch>1.28</pitch><mode /></trkpt><trkpt lat="39.9585363" lon="-106.2170954"><ele>2484.28</ele><time>2018-06-21T10:20:42-06:00</time><course>64.37</course><roll>-2.41</roll><pitch>1.26</pitch><mode /></trkpt><trkpt lat="39.958536" lon="-106.2170936"><ele>2484.31</ele><time>2018-06-21T10:20:43-06:00</time><course>64.32</course><roll>-2.49</roll><pitch>1.4</pitch><mode /></trkpt><trkpt lat="39.9585365" lon="-106.2170938"><ele>2484.39</ele><time>2018-06-21T10:20:43-06:00</time><course>64.29</course><roll>-2.49</roll><pitch>1.43</pitch><mode /></trkpt><trkpt lat="39.9585363" lon="-106.2170936"><ele>2484.43</ele><time>2018-06-21T10:20:43-06:00</time><course>64.27</course><roll>-2.43</roll><pitch>1.41</pitch><mode /></trkpt><trkpt lat="39.9585359" lon="-106.2170924"><ele>2484.47</ele><time>2018-06-21T10:20:43-06:00</time><course>64.36</course><roll>-2.45</roll><pitch>1.43</pitch><mode /></trkpt><trkpt lat="39.9585361" lon="-106.2170921"><ele>2484.48</ele><time>2018-06-21T10:20:44-06:00</time><course>64.53</course><roll>-2.47</roll><pitch>1.49</pitch><mode /></trkpt><trkpt lat="39.958536" lon="-106.2170914"><ele>2484.47</ele><time>2018-06-21T10:20:44-06:00</time><course>64.61</course><roll>-2.44</roll><pitch>1.51</pitch><mode /></trkpt><trkpt lat="39.9585349" lon="-106.2170895"><ele>2484.35</ele><time>2018-06-21T10:20:44-06:00</time><course>64.71</course><roll>-2.45</roll><pitch>1.58</pitch><mode /></trkpt><trkpt lat="39.9585339" lon="-106.2170875"><ele>2484.25</ele><time>2018-06-21T10:20:44-06:00</time><course>64.69</course><roll>-2.53</roll><pitch>1.72</pitch><mode /></trkpt><trkpt lat="39.9585335" lon="-106.2170867"><ele>2484.17</ele><time>2018-06-21T10:20:44-06:00</time><course>64.68</course><roll>-2.64</roll><pitch>1.53</pitch><mode /></trkpt><trkpt lat="39.9585329" lon="-106.2170849"><ele>2484.1</ele><time>2018-06-21T10:20:45-06:00</time><course>65.03</course><roll>-2.54</roll><pitch>-2.11</pitch><mode /></trkpt><trkpt lat="39.9585334" lon="-106.2170854"><ele>2484.07</ele><time>2018-06-21T10:20:45-06:00</time><course>65.39</course><roll>-2.24</roll><pitch>-12.19</pitch><mode /></trkpt><trkpt lat="39.9585327" lon="-106.2170852"><ele>2483.98</ele><time>2018-06-21T10:20:45-06:00</time><course>65.23</course><roll>-1.95</roll><pitch>-22.2</pitch><mode /></trkpt><trkpt lat="39.9585326" lon="-106.217085"><ele>2484.1</ele><time>2018-06-21T10:20:45-06:00</time><course>65.46</course><roll>-1.59</roll><pitch>-34.39</pitch><mode /></trkpt><trkpt lat="39.9585328" lon="-106.2170858"><ele>2484.2</ele><time>2018-06-21T10:20:45-06:00</time><course>65.93</course><roll>-1.47</roll><pitch>-42.22</pitch><mode /></trkpt><trkpt lat="39.9585322" lon="-106.2170852"><ele>2484.12</ele><time>2018-06-21T10:20:46-06:00</time><course>65.82</course><roll>-1.52</roll><pitch>-35.84</pitch><mode /></trkpt><trkpt lat="39.9585317" lon="-106.2170841"><ele>2484</ele><time>2018-06-21T10:20:46-06:00</time><course>65.8</course><roll>-1.42</roll><pitch>-36.47</pitch><mode /></trkpt><trkpt lat="39.9585312" lon="-106.2170834"><ele>2483.94</ele><time>2018-06-21T10:20:46-06:00</time><course>65.88</course><roll>-1.4</roll><pitch>-35.35</pitch><mode /></trkpt><trkpt lat="39.9585308" lon="-106.2170825"><ele>2483.89</ele><time>2018-06-21T10:20:46-06:00</time><course>65.54</course><roll>-2.07</roll><pitch>-15.17</pitch><mode /></trkpt><trkpt lat="39.9585312" lon="-106.217082"><ele>2483.86</ele><time>2018-06-21T10:20:46-06:00</time><course>65.63</course><roll>-1.86</roll><pitch>-19.09</pitch><mode /></trkpt><trkpt lat="39.9585314" lon="-106.2170808"><ele>2484.09</ele><time>2018-06-21T10:20:47-06:00</time><course>68.74</course><roll>-1.47</roll><pitch>-50.52</pitch><mode /></trkpt><trkpt lat="39.9585304" lon="-106.217081"><ele>2484.12</ele><time>2018-06-21T10:20:47-06:00</time><course>71.81</course><roll>-0.21</roll><pitch>-62.87</pitch><mode /></trkpt><trkpt lat="39.9585299" lon="-106.2170808"><ele>2484.16</ele><time>2018-06-21T10:20:47-06:00</time><course>71.15</course><roll>-0.22</roll><pitch>-64.37</pitch><mode /></trkpt><trkpt lat="39.9585317" lon="-106.2170805"><ele>2484.17</ele><time>2018-06-21T10:20:48-06:00</time><course>70.26</course><roll>-2.64</roll><pitch>1.02</pitch><mode /></trkpt><trkpt lat="39.9585328" lon="-106.2170795"><ele>2483.97</ele><time>2018-06-21T10:20:48-06:00</time><course>69.03</course><roll>-2.02</roll><pitch>0.79</pitch><mode /></trkpt><trkpt lat="39.9585335" lon="-106.2170787"><ele>2483.89</ele><time>2018-06-21T10:20:48-06:00</time><course>69.01</course><roll>-2.02</roll><pitch>0.91</pitch><mode /></trkpt><trkpt lat="39.9585334" lon="-106.2170778"><ele>2483.87</ele><time>2018-06-21T10:20:48-06:00</time><course>68.93</course><roll>-2.07</roll><pitch>0.99</pitch><mode /></trkpt><trkpt lat="39.9585333" lon="-106.2170774"><ele>2483.85</ele><time>2018-06-21T10:20:48-06:00</time><course>68.86</course><roll>-2.14</roll><pitch>0.96</pitch><mode /></trkpt><trkpt lat="39.9585333" lon="-106.2170771"><ele>2483.93</ele><time>2018-06-21T10:20:49-06:00</time><course>68.67</course><roll>-2.12</roll><pitch>0.85</pitch><mode /></trkpt><trkpt lat="39.9585329" lon="-106.2170769"><ele>2483.94</ele><time>2018-06-21T10:20:49-06:00</time><course>68.59</course><roll>-2.16</roll><pitch>0.86</pitch><mode /></trkpt><trkpt lat="39.9585325" lon="-106.2170764"><ele>2483.93</ele><time>2018-06-21T10:20:49-06:00</time><course>68.67</course><roll>-2.19</roll><pitch>0.87</pitch><mode /></trkpt><trkpt lat="39.9585323" lon="-106.2170763"><ele>2483.9</ele><time>2018-06-21T10:20:50-06:00</time><course>68.69</course><roll>-2.48</roll><pitch>0.68</pitch><mode /></trkpt><trkpt lat="39.9585318" lon="-106.2170758"><ele>2483.87</ele><time>2018-06-21T10:20:50-06:00</time><course>68.92</course><roll>-2.27</roll><pitch>-12.44</pitch><mode /></trkpt><trkpt lat="39.9585313" lon="-106.2170757"><ele>2483.9</ele><time>2018-06-21T10:20:50-06:00</time><course>69.06</course><roll>-1.88</roll><pitch>-33.5</pitch><mode /></trkpt><trkpt lat="39.9585307" lon="-106.2170765"><ele>2484.04</ele><time>2018-06-21T10:20:50-06:00</time><course>69.13</course><roll>-1.9</roll><pitch>-36.68</pitch><mode /></trkpt><trkpt lat="39.9585309" lon="-106.2170762"><ele>2483.99</ele><time>2018-06-21T10:20:51-06:00</time><course>67.33</course><roll>-2.01</roll><pitch>0.35</pitch><mode /></trkpt><trkpt lat="39.9585304" lon="-106.2170757"><ele>2484.02</ele><time>2018-06-21T10:20:51-06:00</time><course>67.24</course><roll>-2.64</roll><pitch>-0.48</pitch><mode /></trkpt><trkpt lat="39.9585303" lon="-106.2170758"><ele>2484.05</ele><time>2018-06-21T10:20:51-06:00</time><course>67.19</course><roll>-2.74</roll><pitch>-0.26</pitch><mode /></trkpt><trkpt lat="39.9585297" lon="-106.2170756"><ele>2484.11</ele><time>2018-06-21T10:20:51-06:00</time><course>67.07</course><roll>-2.72</roll><pitch>-0.24</pitch><mode /></trkpt><trkpt lat="39.9585296" lon="-106.2170755"><ele>2484.15</ele><time>2018-06-21T10:20:52-06:00</time><course>67.02</course><roll>-2.71</roll><pitch>-0.19</pitch><mode /></trkpt><trkpt lat="39.9585292" lon="-106.2170751"><ele>2484.13</ele><time>2018-06-21T10:20:52-06:00</time><course>66.97</course><roll>-2.67</roll><pitch>-0.14</pitch><mode /></trkpt><trkpt lat="39.9585285" lon="-106.2170743"><ele>2484.1</ele><time>2018-06-21T10:20:52-06:00</time><course>66.91</course><roll>-2.65</roll><pitch>-0.08</pitch><mode /></trkpt><trkpt lat="39.9585281" lon="-106.217074"><ele>2484.16</ele><time>2018-06-21T10:20:52-06:00</time><course>66.86</course><roll>-2.68</roll><pitch>-0.01</pitch><mode /></trkpt><trkpt lat="39.9585276" lon="-106.2170738"><ele>2484.06</ele><time>2018-06-21T10:20:52-06:00</time><course>66.81</course><roll>-2.61</roll><pitch>0.04</pitch><mode /></trkpt><trkpt lat="39.9585274" lon="-106.2170736"><ele>2484.02</ele><time>2018-06-21T10:20:53-06:00</time><course>66.76</course><roll>-2.52</roll><pitch>0.13</pitch><mode /></trkpt><trkpt lat="39.958527" lon="-106.2170735"><ele>2484.03</ele><time>2018-06-21T10:20:53-06:00</time><course>66.66</course><roll>-2.42</roll><pitch>0.23</pitch><mode /></trkpt><trkpt lat="39.9585268" lon="-106.2170733"><ele>2484.04</ele><time>2018-06-21T10:20:53-06:00</time><course>66.61</course><roll>-2.39</roll><pitch>0.25</pitch><mode /></trkpt><trkpt lat="39.9585265" lon="-106.2170729"><ele>2484.05</ele><time>2018-06-21T10:20:53-06:00</time><course>66.57</course><roll>-2.37</roll><pitch>0.31</pitch><mode /></trkpt><trkpt lat="39.9585264" lon="-106.2170722"><ele>2484.09</ele><time>2018-06-21T10:20:54-06:00</time><course>66.48</course><roll>-2.36</roll><pitch>0.43</pitch><mode /></trkpt><trkpt lat="39.9585257" lon="-106.2170724"><ele>2484.04</ele><time>2018-06-21T10:20:54-06:00</time><course>66.4</course><roll>-2.35</roll><pitch>0.44</pitch><mode /></trkpt><trkpt lat="39.9585252" lon="-106.2170726"><ele>2483.98</ele><time>2018-06-21T10:20:54-06:00</time><course>66.36</course><roll>-2.35</roll><pitch>0.42</pitch><mode /></trkpt><trkpt lat="39.9585234" lon="-106.2170711"><ele>2484.1</ele><time>2018-06-21T10:20:55-06:00</time><course>66.32</course><roll>-2.39</roll><pitch>0.43</pitch><mode /></trkpt><trkpt lat="39.9585208" lon="-106.2170692"><ele>2484.21</ele><time>2018-06-21T10:20:55-06:00</time><course>66.28</course><roll>-2.61</roll><pitch>0.53</pitch><mode /></trkpt><trkpt lat="39.9585185" lon="-106.2170674"><ele>2484.3</ele><time>2018-06-21T10:20:55-06:00</time><course>66.24</course><roll>-2.81</roll><pitch>0.59</pitch><mode /></trkpt><trkpt lat="39.9585161" lon="-106.2170658"><ele>2484.4</ele><time>2018-06-21T10:20:55-06:00</time><course>66.2</course><roll>-2.92</roll><pitch>0.62</pitch><mode /></trkpt><trkpt lat="39.9585155" lon="-106.2170654"><ele>2484.37</ele><time>2018-06-21T10:20:55-06:00</time><course>66.16</course><roll>-2.95</roll><pitch>0.62</pitch><mode /></trkpt><trkpt lat="39.9585158" lon="-106.2170647"><ele>2484.45</ele><time>2018-06-21T10:20:56-06:00</time><course>66.05</course><roll>-2.47</roll><pitch>0.63</pitch><mode /></trkpt><trkpt lat="39.9585164" lon="-106.2170645"><ele>2484.49</ele><time>2018-06-21T10:20:56-06:00</time><course>66.01</course><roll>-2.36</roll><pitch>0.66</pitch><mode /></trkpt><trkpt lat="39.958517" lon="-106.2170648"><ele>2484.54</ele><time>2018-06-21T10:20:56-06:00</time><course>65.97</course><roll>-2.26</roll><pitch>0.69</pitch><mode /></trkpt><trkpt lat="39.9585165" lon="-106.2170646"><ele>2484.39</ele><time>2018-06-21T10:20:57-06:00</time><course>65.85</course><roll>-2.22</roll><pitch>0.7</pitch><mode /></trkpt><trkpt lat="39.9585163" lon="-106.2170645"><ele>2484.33</ele><time>2018-06-21T10:20:57-06:00</time><course>65.78</course><roll>-2.3</roll><pitch>0.72</pitch><mode /></trkpt><trkpt lat="39.958516" lon="-106.2170649"><ele>2484.26</ele><time>2018-06-21T10:20:58-06:00</time><course>65.75</course><roll>-2.31</roll><pitch>0.74</pitch><mode /></trkpt><trkpt lat="39.9585167" lon="-106.2170652"><ele>2484.38</ele><time>2018-06-21T10:20:58-06:00</time><course>65.71</course><roll>-2.3</roll><pitch>0.72</pitch><mode /></trkpt><trkpt lat="39.9585166" lon="-106.2170654"><ele>2484.36</ele><time>2018-06-21T10:20:58-06:00</time><course>65.68</course><roll>-2.24</roll><pitch>0.76</pitch><mode /></trkpt><trkpt lat="39.9585167" lon="-106.2170655"><ele>2484.42</ele><time>2018-06-21T10:20:58-06:00</time><course>65.64</course><roll>-2.27</roll><pitch>0.78</pitch><mode /></trkpt><trkpt lat="39.9585172" lon="-106.2170651"><ele>2484.58</ele><time>2018-06-21T10:20:58-06:00</time><course>65.61</course><roll>-2.27</roll><pitch>0.82</pitch><mode /></trkpt><trkpt lat="39.9585173" lon="-106.2170646"><ele>2484.67</ele><time>2018-06-21T10:20:59-06:00</time><course>65.58</course><roll>-2.28</roll><pitch>0.88</pitch><mode /></trkpt><trkpt lat="39.9585179" lon="-106.2170649"><ele>2484.83</ele><time>2018-06-21T10:20:59-06:00</time><course>65.53</course><roll>-2.26</roll><pitch>0.9</pitch><mode /></trkpt><trkpt lat="39.9585181" lon="-106.217065"><ele>2484.9</ele><time>2018-06-21T10:20:59-06:00</time><course>65.5</course><roll>-2.25</roll><pitch>0.87</pitch><mode /></trkpt></trkseg></trk><wpt lat="39.9587147" lon="-106.2170006"><name>0</name></wpt><wpt lat="39.9587145" lon="-106.2169979"><name>1</name></wpt><wpt lat="39.9587152" lon="-106.2169973"><name>2</name></wpt><wpt lat="39.9587158" lon="-106.2169965"><name>3</name></wpt><wpt lat="39.9587173" lon="-106.2169949"><name>4</name></wpt><wpt lat="39.9587176" lon="-106.2169944"><name>5</name></wpt><wpt lat="39.9587177" lon="-106.216994"><name>6</name></wpt><wpt lat="39.9587166" lon="-106.2169944"><name>7</name></wpt><wpt lat="39.9587154" lon="-106.2169948"><name>8</name></wpt><wpt lat="39.9587138" lon="-106.216995"><name>9</name></wpt><wpt lat="39.9587144" lon="-106.2169946"><name>10</name></wpt><wpt lat="39.9587121" lon="-106.2169967"><name>11</name></wpt><wpt lat="39.9587117" lon="-106.2169971"><name>12</name></wpt><wpt lat="39.9587123" lon="-106.2169969"><name>13</name></wpt><wpt lat="39.9587119" lon="-106.2169975"><name>14</name></wpt><wpt lat="39.9587116" lon="-106.2169979"><name>15</name></wpt><wpt lat="39.9587111" lon="-106.2169985"><name>16</name></wpt><wpt lat="39.9587091" lon="-106.2170003"><name>17</name></wpt><wpt lat="39.9587087" lon="-106.2170007"><name>18</name></wpt><wpt lat="39.9587062" lon="-106.2170014"><name>19</name></wpt><wpt lat="39.9587043" lon="-106.2170007"><name>20</name></wpt><wpt lat="39.9587013" lon="-106.2170008"><name>21</name></wpt><wpt lat="39.9587006" lon="-106.2170009"><name>22</name></wpt><wpt lat="39.9586992" lon="-106.2170014"><name>23</name></wpt><wpt lat="39.9586987" lon="-106.2170013"><name>24</name></wpt><wpt lat="39.9586991" lon="-106.2170007"><name>25</name></wpt><wpt lat="39.958699" lon="-106.2170003"><name>26</name></wpt><wpt lat="39.9586973" lon="-106.2170009"><name>27</name></wpt><wpt lat="39.9586963" lon="-106.2170016"><name>28</name></wpt><wpt lat="39.9586948" lon="-106.2170023"><name>29</name></wpt><wpt lat="39.9586945" lon="-106.2170026"><name>30</name></wpt><wpt lat="39.9586937" lon="-106.2170033"><name>31</name></wpt><wpt lat="39.9586922" lon="-106.2170042"><name>32</name></wpt><wpt lat="39.9586912" lon="-106.2170049"><name>33</name></wpt><wpt lat="39.9586915" lon="-106.2170045"><name>34</name></wpt><wpt lat="39.9586922" lon="-106.2170041"><name>35</name></wpt><wpt lat="39.9586915" lon="-106.2170046"><name>36</name></wpt><wpt lat="39.9586918" lon="-106.2170042"><name>37</name></wpt><wpt lat="39.9586907" lon="-106.2170049"><name>38</name></wpt><wpt lat="39.958691" lon="-106.2170048"><name>39</name></wpt><wpt lat="39.95869" lon="-106.2170054"><name>40</name></wpt><wpt lat="39.9586889" lon="-106.2170063"><name>41</name></wpt><wpt lat="39.9586886" lon="-106.2170066"><name>42</name></wpt><wpt lat="39.9586884" lon="-106.2170071"><name>43</name></wpt><wpt lat="39.9586869" lon="-106.2170084"><name>44</name></wpt><wpt lat="39.9586875" lon="-106.2170078"><name>45</name></wpt><wpt lat="39.9586882" lon="-106.2170076"><name>46</name></wpt><wpt lat="39.9586876" lon="-106.217008"><name>47</name></wpt><wpt lat="39.9586868" lon="-106.2170085"><name>48</name></wpt><wpt lat="39.9586863" lon="-106.2170088"><name>49</name></wpt><wpt lat="39.9586856" lon="-106.2170091"><name>50</name></wpt><wpt lat="39.9586845" lon="-106.21701"><name>51</name></wpt><wpt lat="39.9586846" lon="-106.2170099"><name>52</name></wpt><wpt lat="39.958685" lon="-106.2170095"><name>53</name></wpt><wpt lat="39.9586841" lon="-106.21701"><name>54</name></wpt><wpt lat="39.9586838" lon="-106.2170102"><name>55</name></wpt><wpt lat="39.9586843" lon="-106.2170099"><name>56</name></wpt><wpt lat="39.9586846" lon="-106.2170096"><name>57</name></wpt><wpt lat="39.9586836" lon="-106.2170101"><name>58</name></wpt><wpt lat="39.9586835" lon="-106.2170099"><name>59</name></wpt><wpt lat="39.958683" lon="-106.2170101"><name>60</name></wpt><wpt lat="39.9586821" lon="-106.2170107"><name>61</name></wpt><wpt lat="39.9586806" lon="-106.2170118"><name>62</name></wpt><wpt lat="39.9586805" lon="-106.2170117"><name>63</name></wpt><wpt lat="39.958681" lon="-106.2170111"><name>64</name></wpt><wpt lat="39.9586816" lon="-106.2170098"><name>65</name></wpt><wpt lat="39.9586814" lon="-106.2170094"><name>66</name></wpt><wpt lat="39.9586804" lon="-106.2170102"><name>67</name></wpt><wpt lat="39.9586788" lon="-106.2170111"><name>68</name></wpt><wpt lat="39.9586774" lon="-106.2170115"><name>69</name></wpt><wpt lat="39.958677" lon="-106.2170114"><name>70</name></wpt><wpt lat="39.9586757" lon="-106.2170124"><name>71</name></wpt><wpt lat="39.958675" lon="-106.2170127"><name>72</name></wpt><wpt lat="39.9586744" lon="-106.2170132"><name>73</name></wpt><wpt lat="39.9586735" lon="-106.2170136"><name>74</name></wpt><wpt lat="39.958673" lon="-106.2170139"><name>75</name></wpt><wpt lat="39.9586714" lon="-106.217015"><name>76</name></wpt><wpt lat="39.958669" lon="-106.2170165"><name>77</name></wpt><wpt lat="39.9586689" lon="-106.2170166"><name>78</name></wpt><wpt lat="39.9586681" lon="-106.2170172"><name>79</name></wpt><wpt lat="39.9586687" lon="-106.2170168"><name>80</name></wpt><wpt lat="39.9586675" lon="-106.2170174"><name>81</name></wpt><wpt lat="39.9586673" lon="-106.2170171"><name>82</name></wpt><wpt lat="39.9586648" lon="-106.217018"><name>83</name></wpt><wpt lat="39.9586641" lon="-106.2170184"><name>84</name></wpt><wpt lat="39.9586637" lon="-106.2170187"><name>85</name></wpt><wpt lat="39.9586631" lon="-106.2170191"><name>86</name></wpt><wpt lat="39.9586632" lon="-106.2170189"><name>87</name></wpt><wpt lat="39.958662" lon="-106.217019"><name>88</name></wpt><wpt lat="39.9586615" lon="-106.2170191"><name>89</name></wpt><wpt lat="39.9586619" lon="-106.2170186"><name>90</name></wpt><wpt lat="39.9586615" lon="-106.2170187"><name>91</name></wpt><wpt lat="39.9586613" lon="-106.2170182"><name>92</name></wpt><wpt lat="39.958661" lon="-106.2170183"><name>93</name></wpt><wpt lat="39.95866" lon="-106.2170187"><name>94</name></wpt><wpt lat="39.9586596" lon="-106.2170189"><name>95</name></wpt><wpt lat="39.9586602" lon="-106.2170182"><name>96</name></wpt><wpt lat="39.9586614" lon="-106.2170171"><name>97</name></wpt><wpt lat="39.9586619" lon="-106.2170165"><name>98</name></wpt><wpt lat="39.9586627" lon="-106.2170157"><name>99</name></wpt><wpt lat="39.9586637" lon="-106.2170147"><name>100</name></wpt><wpt lat="39.9586631" lon="-106.2170151"><name>101</name></wpt><wpt lat="39.9586633" lon="-106.217015"><name>102</name></wpt><wpt lat="39.9586617" lon="-106.2170165"><name>103</name></wpt><wpt lat="39.9586585" lon="-106.2170196"><name>104</name></wpt><wpt lat="39.9586541" lon="-106.2170233"><name>105</name></wpt><wpt lat="39.9586512" lon="-106.2170263"><name>106</name></wpt><wpt lat="39.9586498" lon="-106.217027"><name>107</name></wpt><wpt lat="39.9586484" lon="-106.2170284"><name>108</name></wpt><wpt lat="39.9586476" lon="-106.2170292"><name>109</name></wpt><wpt lat="39.9586506" lon="-106.2170262"><name>110</name></wpt><wpt lat="39.9586538" lon="-106.2170227"><name>111</name></wpt><wpt lat="39.9586528" lon="-106.2170234"><name>112</name></wpt><wpt lat="39.9586516" lon="-106.2170242"><name>113</name></wpt><wpt lat="39.9586485" lon="-106.2170263"><name>114</name></wpt><wpt lat="39.9586475" lon="-106.2170267"><name>115</name></wpt><wpt lat="39.9586482" lon="-106.2170262"><name>116</name></wpt><wpt lat="39.9586476" lon="-106.2170268"><name>117</name></wpt><wpt lat="39.9586456" lon="-106.2170286"><name>118</name></wpt><wpt lat="39.9586464" lon="-106.2170281"><name>119</name></wpt><wpt lat="39.958648" lon="-106.2170269"><name>120</name></wpt><wpt lat="39.9586492" lon="-106.2170263"><name>121</name></wpt><wpt lat="39.9586496" lon="-106.217026"><name>122</name></wpt><wpt lat="39.9586489" lon="-106.2170265"><name>123</name></wpt><wpt lat="39.9586483" lon="-106.217027"><name>124</name></wpt><wpt lat="39.9586481" lon="-106.2170271"><name>125</name></wpt><wpt lat="39.9586474" lon="-106.2170276"><name>126</name></wpt><wpt lat="39.9586483" lon="-106.217027"><name>127</name></wpt><wpt lat="39.958648" lon="-106.2170272"><name>128</name></wpt><wpt lat="39.958647" lon="-106.2170277"><name>129</name></wpt><wpt lat="39.9586466" lon="-106.2170278"><name>130</name></wpt><wpt lat="39.9586474" lon="-106.2170271"><name>131</name></wpt><wpt lat="39.958648" lon="-106.2170264"><name>132</name></wpt><wpt lat="39.9586469" lon="-106.2170269"><name>133</name></wpt><wpt lat="39.9586459" lon="-106.2170275"><name>134</name></wpt><wpt lat="39.958645" lon="-106.217028"><name>135</name></wpt><wpt lat="39.9586447" lon="-106.217028"><name>136</name></wpt><wpt lat="39.9586438" lon="-106.2170286"><name>137</name></wpt><wpt lat="39.9586443" lon="-106.2170281"><name>138</name></wpt><wpt lat="39.9586454" lon="-106.2170272"><name>139</name></wpt><wpt lat="39.9586466" lon="-106.2170262"><name>140</name></wpt><wpt lat="39.9586461" lon="-106.2170266"><name>141</name></wpt><wpt lat="39.9586443" lon="-106.2170274"><name>142</name></wpt><wpt lat="39.9586435" lon="-106.2170281"><name>143</name></wpt><wpt lat="39.9586424" lon="-106.2170288"><name>144</name></wpt><wpt lat="39.9586434" lon="-106.2170284"><name>145</name></wpt><wpt lat="39.9586443" lon="-106.2170279"><name>146</name></wpt><wpt lat="39.9586449" lon="-106.2170276"><name>147</name></wpt><wpt lat="39.9586448" lon="-106.2170277"><name>148</name></wpt><wpt lat="39.9586451" lon="-106.2170274"><name>149</name></wpt><wpt lat="39.9586446" lon="-106.2170277"><name>150</name></wpt><wpt lat="39.9586448" lon="-106.2170277"><name>151</name></wpt><wpt lat="39.958644" lon="-106.2170281"><name>152</name></wpt><wpt lat="39.9586426" lon="-106.217029"><name>153</name></wpt><wpt lat="39.9586418" lon="-106.2170294"><name>154</name></wpt><wpt lat="39.9586409" lon="-106.2170299"><name>155</name></wpt><wpt lat="39.958641" lon="-106.2170296"><name>156</name></wpt><wpt lat="39.9586423" lon="-106.2170285"><name>157</name></wpt><wpt lat="39.9586432" lon="-106.2170274"><name>158</name></wpt><wpt lat="39.958643" lon="-106.2170272"><name>159</name></wpt><wpt lat="39.9586428" lon="-106.217027"><name>160</name></wpt><wpt lat="39.9586426" lon="-106.2170268"><name>161</name></wpt><wpt lat="39.9586434" lon="-106.2170262"><name>162</name></wpt><wpt lat="39.9586447" lon="-106.2170252"><name>163</name></wpt><wpt lat="39.9586461" lon="-106.2170241"><name>164</name></wpt><wpt lat="39.9586466" lon="-106.2170234"><name>165</name></wpt><wpt lat="39.9586452" lon="-106.2170239"><name>166</name></wpt><wpt lat="39.9586448" lon="-106.2170237"><name>167</name></wpt><wpt lat="39.9586443" lon="-106.2170243"><name>168</name></wpt><wpt lat="39.9586421" lon="-106.2170251"><name>169</name></wpt><wpt lat="39.958643" lon="-106.2170245"><name>170</name></wpt><wpt lat="39.9586441" lon="-106.2170237"><name>171</name></wpt><wpt lat="39.9586451" lon="-106.217023"><name>172</name></wpt><wpt lat="39.9586445" lon="-106.2170235"><name>173</name></wpt><wpt lat="39.9586437" lon="-106.2170243"><name>174</name></wpt><wpt lat="39.9586406" lon="-106.2170265"><name>175</name></wpt><wpt lat="39.9586407" lon="-106.2170268"><name>176</name></wpt><wpt lat="39.958641" lon="-106.2170266"><name>177</name></wpt><wpt lat="39.9586417" lon="-106.2170262"><name>178</name></wpt><wpt lat="39.9586428" lon="-106.2170255"><name>179</name></wpt><wpt lat="39.9586434" lon="-106.2170249"><name>180</name></wpt><wpt lat="39.9586443" lon="-106.2170242"><name>181</name></wpt><wpt lat="39.9586448" lon="-106.2170239"><name>182</name></wpt><wpt lat="39.9586449" lon="-106.2170238"><name>183</name></wpt><wpt lat="39.9586432" lon="-106.2170249"><name>184</name></wpt><wpt lat="39.9586424" lon="-106.2170257"><name>185</name></wpt><wpt lat="39.9586426" lon="-106.2170255"><name>186</name></wpt><wpt lat="39.9586401" lon="-106.2170273"><name>187</name></wpt><wpt lat="39.9586407" lon="-106.2170268"><name>188</name></wpt><wpt lat="39.9586409" lon="-106.2170264"><name>189</name></wpt><wpt lat="39.9586406" lon="-106.2170267"><name>190</name></wpt><wpt lat="39.9586405" lon="-106.2170268"><name>191</name></wpt><wpt lat="39.9586414" lon="-106.2170262"><name>192</name></wpt><wpt lat="39.9586419" lon="-106.2170258"><name>193</name></wpt><wpt lat="39.9586436" lon="-106.2170246"><name>194</name></wpt><wpt lat="39.9586448" lon="-106.2170236"><name>195</name></wpt><wpt lat="39.9586484" lon="-106.2170208"><name>196</name></wpt><wpt lat="39.9586486" lon="-106.2170209"><name>197</name></wpt><wpt lat="39.9586493" lon="-106.2170206"><name>198</name></wpt><wpt lat="39.9586512" lon="-106.2170201"><name>199</name></wpt><wpt lat="39.9586525" lon="-106.2170195"><name>200</name></wpt><wpt lat="39.9586547" lon="-106.2170181"><name>201</name></wpt><wpt lat="39.9586558" lon="-106.2170173"><name>202</name></wpt><wpt lat="39.9586564" lon="-106.2170169"><name>203</name></wpt><wpt lat="39.9586594" lon="-106.2170149"><name>204</name></wpt><wpt lat="39.9586625" lon="-106.2170126"><name>205</name></wpt><wpt lat="39.9586637" lon="-106.2170117"><name>206</name></wpt><wpt lat="39.9586663" lon="-106.2170095"><name>207</name></wpt><wpt lat="39.9586672" lon="-106.2170087"><name>208</name></wpt><wpt lat="39.9586656" lon="-106.2170103"><name>209</name></wpt><wpt lat="39.9586653" lon="-106.2170108"><name>210</name></wpt><wpt lat="39.9586672" lon="-106.2170091"><name>211</name></wpt><wpt lat="39.9586674" lon="-106.217009"><name>212</name></wpt><wpt lat="39.9586673" lon="-106.2170093"><name>213</name></wpt><wpt lat="39.9586692" lon="-106.2170078"><name>214</name></wpt><wpt lat="39.9586704" lon="-106.2170067"><name>215</name></wpt><wpt lat="39.9586707" lon="-106.2170066"><name>216</name></wpt><wpt lat="39.9586721" lon="-106.217006"><name>217</name></wpt><wpt lat="39.9586712" lon="-106.2170069"><name>218</name></wpt><wpt lat="39.9586698" lon="-106.2170081"><name>219</name></wpt><wpt lat="39.9586681" lon="-106.2170096"><name>220</name></wpt><wpt lat="39.958668" lon="-106.2170099"><name>221</name></wpt><wpt lat="39.9586698" lon="-106.2170091"><name>222</name></wpt><wpt lat="39.9586699" lon="-106.2170089"><name>223</name></wpt><wpt lat="39.9586673" lon="-106.2170109"><name>224</name></wpt><wpt lat="39.9586651" lon="-106.2170129"><name>225</name></wpt><wpt lat="39.9586659" lon="-106.2170123"><name>226</name></wpt><wpt lat="39.9586658" lon="-106.2170122"><name>227</name></wpt><wpt lat="39.9586668" lon="-106.2170111"><name>228</name></wpt><wpt lat="39.9586659" lon="-106.2170122"><name>229</name></wpt><wpt lat="39.9586664" lon="-106.2170118"><name>230</name></wpt><wpt lat="39.9586682" lon="-106.2170103"><name>231</name></wpt><wpt lat="39.9586706" lon="-106.2170085"><name>232</name></wpt><wpt lat="39.9586698" lon="-106.2170093"><name>233</name></wpt><wpt lat="39.9586722" lon="-106.2170074"><name>234</name></wpt><wpt lat="39.9586734" lon="-106.2170063"><name>235</name></wpt><wpt lat="39.9586737" lon="-106.2170061"><name>236</name></wpt><wpt lat="39.9586749" lon="-106.217005"><name>237</name></wpt><wpt lat="39.9586763" lon="-106.2170037"><name>238</name></wpt><wpt lat="39.9585832" lon="-106.217109"><name>239</name></wpt><wpt lat="39.9585827" lon="-106.2171084"><name>240</name></wpt><wpt lat="39.9585824" lon="-106.2171082"><name>241</name></wpt><wpt lat="39.9585819" lon="-106.2171078"><name>242</name></wpt><wpt lat="39.9585815" lon="-106.2171077"><name>243</name></wpt><wpt lat="39.958581" lon="-106.2171074"><name>244</name></wpt><wpt lat="39.9585805" lon="-106.2171068"><name>245</name></wpt><wpt lat="39.9585797" lon="-106.2171058"><name>246</name></wpt><wpt lat="39.9585794" lon="-106.2171056"><name>247</name></wpt><wpt lat="39.958579" lon="-106.2171049"><name>248</name></wpt><wpt lat="39.9585787" lon="-106.2171054"><name>249</name></wpt><wpt lat="39.9585785" lon="-106.2171061"><name>250</name></wpt><wpt lat="39.9585784" lon="-106.2171066"><name>251</name></wpt><wpt lat="39.9585783" lon="-106.2171071"><name>252</name></wpt><wpt lat="39.9585782" lon="-106.2171075"><name>253</name></wpt><wpt lat="39.9585781" lon="-106.2171082"><name>254</name></wpt><wpt lat="39.9585779" lon="-106.2171093"><name>255</name></wpt><wpt lat="39.9585778" lon="-106.2171104"><name>256</name></wpt><wpt lat="39.9585777" lon="-106.2171111"><name>257</name></wpt><wpt lat="39.9585773" lon="-106.217112"><name>258</name></wpt><wpt lat="39.9585771" lon="-106.2171123"><name>259</name></wpt><wpt lat="39.9585768" lon="-106.217113"><name>260</name></wpt><wpt lat="39.9585764" lon="-106.2171135"><name>261</name></wpt><wpt lat="39.9585761" lon="-106.2171147"><name>262</name></wpt><wpt lat="39.958576" lon="-106.2171159"><name>263</name></wpt><wpt lat="39.9585757" lon="-106.2171172"><name>264</name></wpt><wpt lat="39.9585756" lon="-106.2171184"><name>265</name></wpt><wpt lat="39.9585758" lon="-106.21712"><name>266</name></wpt><wpt lat="39.9585755" lon="-106.2171213"><name>267</name></wpt><wpt lat="39.9585752" lon="-106.2171217"><name>268</name></wpt><wpt lat="39.958575" lon="-106.217122"><name>269</name></wpt><wpt lat="39.9585751" lon="-106.217123"><name>270</name></wpt><wpt lat="39.958575" lon="-106.217125"><name>271</name></wpt><wpt lat="39.9585747" lon="-106.2171262"><name>272</name></wpt><wpt lat="39.9585746" lon="-106.2171276"><name>273</name></wpt><wpt lat="39.9585745" lon="-106.2171281"><name>274</name></wpt><wpt lat="39.9585744" lon="-106.2171286"><name>275</name></wpt><wpt lat="39.9585736" lon="-106.2171289"><name>276</name></wpt><wpt lat="39.9585733" lon="-106.2171287"><name>277</name></wpt><wpt lat="39.958573" lon="-106.2171295"><name>278</name></wpt><wpt lat="39.9585729" lon="-106.2171299"><name>279</name></wpt><wpt lat="39.9585727" lon="-106.2171298"><name>280</name></wpt><wpt lat="39.9585724" lon="-106.2171299"><name>281</name></wpt><wpt lat="39.958572" lon="-106.2171294"><name>282</name></wpt><wpt lat="39.9585717" lon="-106.217129"><name>283</name></wpt><wpt lat="39.9585713" lon="-106.2171284"><name>284</name></wpt><wpt lat="39.9585704" lon="-106.2171273"><name>285</name></wpt><wpt lat="39.9585699" lon="-106.2171268"><name>286</name></wpt><wpt lat="39.9585694" lon="-106.2171265"><name>287</name></wpt><wpt lat="39.958569" lon="-106.217126"><name>288</name></wpt><wpt lat="39.9585686" lon="-106.2171256"><name>289</name></wpt><wpt lat="39.9585685" lon="-106.2171252"><name>290</name></wpt><wpt lat="39.9585681" lon="-106.2171244"><name>291</name></wpt><wpt lat="39.9585679" lon="-106.2171236"><name>292</name></wpt><wpt lat="39.9585677" lon="-106.2171231"><name>293</name></wpt><wpt lat="39.9585675" lon="-106.2171228"><name>294</name></wpt><wpt lat="39.9585676" lon="-106.217123"><name>295</name></wpt><wpt lat="39.9585675" lon="-106.2171229"><name>296</name></wpt><wpt lat="39.9585672" lon="-106.2171224"><name>297</name></wpt><wpt lat="39.958567" lon="-106.2171221"><name>298</name></wpt><wpt lat="39.9585671" lon="-106.2171224"><name>299</name></wpt><wpt lat="39.9585667" lon="-106.217122"><name>300</name></wpt><wpt lat="39.9585663" lon="-106.2171217"><name>301</name></wpt><wpt lat="39.9585662" lon="-106.2171212"><name>302</name></wpt><wpt lat="39.9585658" lon="-106.2171206"><name>303</name></wpt><wpt lat="39.9585656" lon="-106.21712"><name>304</name></wpt><wpt lat="39.9585654" lon="-106.2171193"><name>305</name></wpt><wpt lat="39.9585652" lon="-106.2171187"><name>306</name></wpt><wpt lat="39.9585649" lon="-106.2171181"><name>307</name></wpt><wpt lat="39.958565" lon="-106.2171182"><name>308</name></wpt><wpt lat="39.9585648" lon="-106.217118"><name>309</name></wpt><wpt lat="39.9585649" lon="-106.2171178"><name>310</name></wpt><wpt lat="39.9585648" lon="-106.2171174"><name>311</name></wpt><wpt lat="39.9585646" lon="-106.2171166"><name>312</name></wpt><wpt lat="39.9585645" lon="-106.2171158"><name>313</name></wpt><wpt lat="39.9585642" lon="-106.217115"><name>314</name></wpt><wpt lat="39.9585638" lon="-106.2171139"><name>315</name></wpt><wpt lat="39.9585645" lon="-106.2171146"><name>316</name></wpt><wpt lat="39.9585646" lon="-106.2171145"><name>317</name></wpt><wpt lat="39.9585647" lon="-106.2171144"><name>318</name></wpt><wpt lat="39.9585646" lon="-106.2171137"><name>319</name></wpt><wpt lat="39.9585648" lon="-106.217114"><name>320</name></wpt><wpt lat="39.958565" lon="-106.2171142"><name>321</name></wpt><wpt lat="39.9585648" lon="-106.217113"><name>322</name></wpt><wpt lat="39.9585649" lon="-106.2171128"><name>323</name></wpt><wpt lat="39.9585647" lon="-106.2171124"><name>324</name></wpt><wpt lat="39.9585648" lon="-106.217112"><name>325</name></wpt><wpt lat="39.9585646" lon="-106.2171111"><name>326</name></wpt><wpt lat="39.9585643" lon="-106.2171103"><name>327</name></wpt><wpt lat="39.958564" lon="-106.2171093"><name>328</name></wpt><wpt lat="39.9585639" lon="-106.2171089"><name>329</name></wpt><wpt lat="39.9585635" lon="-106.2171083"><name>330</name></wpt><wpt lat="39.9585634" lon="-106.2171077"><name>331</name></wpt><wpt lat="39.958563" lon="-106.2171069"><name>332</name></wpt><wpt lat="39.9585625" lon="-106.2171062"><name>333</name></wpt><wpt lat="39.9585618" lon="-106.2171053"><name>334</name></wpt><wpt lat="39.9585613" lon="-106.2171045"><name>335</name></wpt><wpt lat="39.9585612" lon="-106.2171038"><name>336</name></wpt><wpt lat="39.9585607" lon="-106.2171031"><name>337</name></wpt><wpt lat="39.9585601" lon="-106.2171025"><name>338</name></wpt><wpt lat="39.9585599" lon="-106.2171022"><name>339</name></wpt><wpt lat="39.95856" lon="-106.2171024"><name>340</name></wpt><wpt lat="39.9585597" lon="-106.2171021"><name>341</name></wpt><wpt lat="39.9585596" lon="-106.217102"><name>342</name></wpt><wpt lat="39.9585597" lon="-106.2171022"><name>343</name></wpt><wpt lat="39.9585593" lon="-106.2171016"><name>344</name></wpt><wpt lat="39.9585591" lon="-106.2171011"><name>345</name></wpt><wpt lat="39.9585592" lon="-106.2171012"><name>346</name></wpt><wpt lat="39.958559" lon="-106.2171007"><name>347</name></wpt><wpt lat="39.9585589" lon="-106.2171006"><name>348</name></wpt><wpt lat="39.9585587" lon="-106.2171002"><name>349</name></wpt><wpt lat="39.9585588" lon="-106.2171001"><name>350</name></wpt><wpt lat="39.9585587" lon="-106.2170993"><name>351</name></wpt><wpt lat="39.9585581" lon="-106.2170983"><name>352</name></wpt><wpt lat="39.9585579" lon="-106.2170979"><name>353</name></wpt><wpt lat="39.9585581" lon="-106.2170981"><name>354</name></wpt><wpt lat="39.9585584" lon="-106.2170986"><name>355</name></wpt><wpt lat="39.9585587" lon="-106.2170988"><name>356</name></wpt><wpt lat="39.9585592" lon="-106.2170991"><name>357</name></wpt><wpt lat="39.9585591" lon="-106.2170987"><name>358</name></wpt><wpt lat="39.9585589" lon="-106.2170984"><name>359</name></wpt><wpt lat="39.9585588" lon="-106.217098"><name>360</name></wpt><wpt lat="39.9585587" lon="-106.2170974"><name>361</name></wpt><wpt lat="39.9585582" lon="-106.2170973"><name>362</name></wpt><wpt lat="39.958558" lon="-106.2170972"><name>363</name></wpt><wpt lat="39.9585579" lon="-106.2170971"><name>364</name></wpt><wpt lat="39.9585576" lon="-106.2170967"><name>365</name></wpt><wpt lat="39.958557" lon="-106.2170969"><name>366</name></wpt><wpt lat="39.9585566" lon="-106.2170967"><name>367</name></wpt><wpt lat="39.9585563" lon="-106.2170981"><name>368</name></wpt><wpt lat="39.9585562" lon="-106.2170983"><name>369</name></wpt><wpt lat="39.9585558" lon="-106.2170982"><name>370</name></wpt><wpt lat="39.9585551" lon="-106.2170974"><name>371</name></wpt><wpt lat="39.9585546" lon="-106.2170969"><name>372</name></wpt><wpt lat="39.958554" lon="-106.2170963"><name>373</name></wpt><wpt lat="39.9585533" lon="-106.2170956"><name>374</name></wpt><wpt lat="39.9585531" lon="-106.2170953"><name>375</name></wpt><wpt lat="39.958553" lon="-106.217094"><name>376</name></wpt><wpt lat="39.9585527" lon="-106.2170933"><name>377</name></wpt><wpt lat="39.9585528" lon="-106.2170931"><name>378</name></wpt><wpt lat="39.958553" lon="-106.2170929"><name>379</name></wpt><wpt lat="39.9585533" lon="-106.2170932"><name>380</name></wpt><wpt lat="39.9585533" lon="-106.2170926"><name>381</name></wpt><wpt lat="39.958553" lon="-106.2170916"><name>382</name></wpt><wpt lat="39.9585528" lon="-106.2170915"><name>383</name></wpt><wpt lat="39.9585529" lon="-106.2170912"><name>384</name></wpt><wpt lat="39.9585527" lon="-106.2170908"><name>385</name></wpt><wpt lat="39.9585526" lon="-106.2170904"><name>386</name></wpt><wpt lat="39.9585525" lon="-106.2170898"><name>387</name></wpt><wpt lat="39.9585523" lon="-106.2170892"><name>388</name></wpt><wpt lat="39.9585522" lon="-106.2170887"><name>389</name></wpt><wpt lat="39.958552" lon="-106.2170885"><name>390</name></wpt><wpt lat="39.9585521" lon="-106.2170887"><name>391</name></wpt><wpt lat="39.958552" lon="-106.2170885"><name>392</name></wpt><wpt lat="39.958552" lon="-106.2170882"><name>393</name></wpt><wpt lat="39.9585511" lon="-106.2170884"><name>394</name></wpt><wpt lat="39.9585509" lon="-106.2170882"><name>395</name></wpt><wpt lat="39.9585507" lon="-106.2170879"><name>396</name></wpt><wpt lat="39.9585506" lon="-106.2170875"><name>397</name></wpt><wpt lat="39.9585509" lon="-106.2170878"><name>398</name></wpt><wpt lat="39.9585507" lon="-106.2170872"><name>399</name></wpt><wpt lat="39.9585503" lon="-106.2170865"><name>400</name></wpt><wpt lat="39.9585502" lon="-106.2170864"><name>401</name></wpt><wpt lat="39.95855" lon="-106.217086"><name>402</name></wpt><wpt lat="39.9585498" lon="-106.2170858"><name>403</name></wpt><wpt lat="39.9585495" lon="-106.2170847"><name>404</name></wpt><wpt lat="39.9585492" lon="-106.2170845"><name>405</name></wpt><wpt lat="39.9585489" lon="-106.2170843"><name>406</name></wpt><wpt lat="39.9585488" lon="-106.2170838"><name>407</name></wpt><wpt lat="39.9585484" lon="-106.2170831"><name>408</name></wpt><wpt lat="39.9585483" lon="-106.217082"><name>409</name></wpt><wpt lat="39.958548" lon="-106.2170821"><name>410</name></wpt><wpt lat="39.9585479" lon="-106.2170816"><name>411</name></wpt><wpt lat="39.9585476" lon="-106.2170817"><name>412</name></wpt><wpt lat="39.9585471" lon="-106.2170815"><name>413</name></wpt><wpt lat="39.9585462" lon="-106.2170817"><name>414</name></wpt><wpt lat="39.9585461" lon="-106.2170815"><name>415</name></wpt><wpt lat="39.958546" lon="-106.2170811"><name>416</name></wpt><wpt lat="39.9585459" lon="-106.217081"><name>417</name></wpt><wpt lat="39.9585458" lon="-106.2170811"><name>418</name></wpt><wpt lat="39.958546" lon="-106.2170814"><name>419</name></wpt><wpt lat="39.9585461" lon="-106.2170818"><name>420</name></wpt><wpt lat="39.9585464" lon="-106.2170822"><name>421</name></wpt><wpt lat="39.9585464" lon="-106.2170817"><name>422</name></wpt><wpt lat="39.9585465" lon="-106.2170812"><name>423</name></wpt><wpt lat="39.9585467" lon="-106.2170813"><name>424</name></wpt><wpt lat="39.9585468" lon="-106.217081"><name>425</name></wpt><wpt lat="39.9585471" lon="-106.217081"><name>426</name></wpt><wpt lat="39.9585472" lon="-106.2170813"><name>427</name></wpt><wpt lat="39.9585474" lon="-106.2170814"><name>428</name></wpt><wpt lat="39.9585473" lon="-106.2170812"><name>429</name></wpt><wpt lat="39.9585472" lon="-106.2170807"><name>430</name></wpt><wpt lat="39.9585475" lon="-106.2170809"><name>431</name></wpt><wpt lat="39.9585466" lon="-106.2170807"><name>432</name></wpt><wpt lat="39.9585465" lon="-106.2170808"><name>433</name></wpt><wpt lat="39.9585464" lon="-106.2170809"><name>434</name></wpt><wpt lat="39.9585463" lon="-106.217081"><name>435</name></wpt><wpt lat="39.9585459" lon="-106.2170809"><name>436</name></wpt><wpt lat="39.9585453" lon="-106.2170806"><name>437</name></wpt><wpt lat="39.9585449" lon="-106.2170804"><name>438</name></wpt><wpt lat="39.9585446" lon="-106.2170803"><name>439</name></wpt><wpt lat="39.9585443" lon="-106.2170801"><name>440</name></wpt><wpt lat="39.9585444" lon="-106.2170802"><name>441</name></wpt><wpt lat="39.9585447" lon="-106.2170803"><name>442</name></wpt><wpt lat="39.958545" lon="-106.2170804"><name>443</name></wpt><wpt lat="39.9585458" lon="-106.2170814"><name>444</name></wpt><wpt lat="39.9585456" lon="-106.217081"><name>445</name></wpt><wpt lat="39.9585454" lon="-106.2170808"><name>446</name></wpt><wpt lat="39.958545" lon="-106.2170806"><name>447</name></wpt><wpt lat="39.9585448" lon="-106.2170807"><name>448</name></wpt><wpt lat="39.9585447" lon="-106.2170806"><name>449</name></wpt><wpt lat="39.9585445" lon="-106.2170805"><name>450</name></wpt><wpt lat="39.9585443" lon="-106.2170801"><name>451</name></wpt><wpt lat="39.958544" lon="-106.21708"><name>452</name></wpt><wpt lat="39.9585437" lon="-106.2170798"><name>453</name></wpt><wpt lat="39.9585434" lon="-106.2170797"><name>454</name></wpt><wpt lat="39.9585431" lon="-106.2170796"><name>455</name></wpt><wpt lat="39.9585429" lon="-106.2170794"><name>456</name></wpt><wpt lat="39.9585426" lon="-106.2170793"><name>457</name></wpt><wpt lat="39.9585432" lon="-106.21708"><name>458</name></wpt><wpt lat="39.9585431" lon="-106.2170802"><name>459</name></wpt><wpt lat="39.9585429" lon="-106.2170798"><name>460</name></wpt><wpt lat="39.9585428" lon="-106.2170793"><name>461</name></wpt><wpt lat="39.9585429" lon="-106.2170795"><name>462</name></wpt><wpt lat="39.9585433" lon="-106.2170794"><name>463</name></wpt><wpt lat="39.958543" lon="-106.217078"><name>464</name></wpt><wpt lat="39.9585426" lon="-106.2170769"><name>465</name></wpt><wpt lat="39.9585428" lon="-106.2170771"><name>466</name></wpt><wpt lat="39.9585424" lon="-106.2170777"><name>467</name></wpt><wpt lat="39.9585425" lon="-106.2170786"><name>468</name></wpt><wpt lat="39.9585424" lon="-106.2170789"><name>469</name></wpt><wpt lat="39.9585422" lon="-106.2170787"><name>470</name></wpt><wpt lat="39.958542" lon="-106.2170785"><name>471</name></wpt><wpt lat="39.9585418" lon="-106.2170783"><name>472</name></wpt><wpt lat="39.9585417" lon="-106.2170787"><name>473</name></wpt><wpt lat="39.9585421" lon="-106.2170792"><name>474</name></wpt><wpt lat="39.958542" lon="-106.217079"><name>475</name></wpt><wpt lat="39.9585422" lon="-106.2170792"><name>476</name></wpt><wpt lat="39.9585425" lon="-106.2170789"><name>477</name></wpt><wpt lat="39.9585427" lon="-106.2170791"><name>478</name></wpt><wpt lat="39.9585433" lon="-106.2170797"><name>479</name></wpt><wpt lat="39.9585445" lon="-106.2170798"><name>480</name></wpt><wpt lat="39.958545" lon="-106.2170801"><name>481</name></wpt><wpt lat="39.9585455" lon="-106.2170802"><name>482</name></wpt><wpt lat="39.9585456" lon="-106.2170798"><name>483</name></wpt><wpt lat="39.9585458" lon="-106.2170797"><name>484</name></wpt><wpt lat="39.958546" lon="-106.2170798"><name>485</name></wpt><wpt lat="39.9585457" lon="-106.2170794"><name>486</name></wpt><wpt lat="39.9585454" lon="-106.2170791"><name>487</name></wpt><wpt lat="39.9585456" lon="-106.2170791"><name>488</name></wpt><wpt lat="39.9585458" lon="-106.2170789"><name>489</name></wpt><wpt lat="39.9585462" lon="-106.2170789"><name>490</name></wpt><wpt lat="39.9585464" lon="-106.2170787"><name>491</name></wpt><wpt lat="39.9585465" lon="-106.217078"><name>492</name></wpt><wpt lat="39.9585464" lon="-106.2170776"><name>493</name></wpt><wpt lat="39.9585471" lon="-106.2170778"><name>494</name></wpt><wpt lat="39.9585473" lon="-106.217078"><name>495</name></wpt><wpt lat="39.9585481" lon="-106.2170783"><name>496</name></wpt><wpt lat="39.958548" lon="-106.217078"><name>497</name></wpt><wpt lat="39.9585482" lon="-106.2170774"><name>498</name></wpt><wpt lat="39.9585481" lon="-106.2170771"><name>499</name></wpt><wpt lat="39.958548" lon="-106.2170768"><name>500</name></wpt><wpt lat="39.9585478" lon="-106.2170765"><name>501</name></wpt><wpt lat="39.9585477" lon="-106.2170761"><name>502</name></wpt><wpt lat="39.9585479" lon="-106.2170764"><name>503</name></wpt><wpt lat="39.9585478" lon="-106.2170762"><name>504</name></wpt><wpt lat="39.9585479" lon="-106.2170764"><name>505</name></wpt><wpt lat="39.9585481" lon="-106.2170765"><name>506</name></wpt><wpt lat="39.9585482" lon="-106.2170768"><name>507</name></wpt><wpt lat="39.9585481" lon="-106.2170769"><name>508</name></wpt><wpt lat="39.9585484" lon="-106.2170772"><name>509</name></wpt><wpt lat="39.9585483" lon="-106.2170773"><name>510</name></wpt><wpt lat="39.958551" lon="-106.2170871"><name>511</name></wpt><wpt lat="39.9585512" lon="-106.2170874"><name>512</name></wpt><wpt lat="39.9585506" lon="-106.2170872"><name>513</name></wpt><wpt lat="39.9585507" lon="-106.2170875"><name>514</name></wpt><wpt lat="39.9585504" lon="-106.2170874"><name>515</name></wpt><wpt lat="39.9585505" lon="-106.2170875"><name>516</name></wpt><wpt lat="39.958551" lon="-106.2170879"><name>517</name></wpt><wpt lat="39.9585512" lon="-106.2170876"><name>518</name></wpt><wpt lat="39.9585516" lon="-106.2170873"><name>519</name></wpt><wpt lat="39.9585515" lon="-106.2170869"><name>520</name></wpt><wpt lat="39.9585516" lon="-106.2170865"><name>521</name></wpt><wpt lat="39.9585519" lon="-106.217086"><name>522</name></wpt><wpt lat="39.9585523" lon="-106.2170858"><name>523</name></wpt><wpt lat="39.9585524" lon="-106.2170857"><name>524</name></wpt><wpt lat="39.9585527" lon="-106.2170854"><name>525</name></wpt><wpt lat="39.9585532" lon="-106.217085"><name>526</name></wpt><wpt lat="39.9585533" lon="-106.2170847"><name>527</name></wpt><wpt lat="39.9585531" lon="-106.2170848"><name>528</name></wpt><wpt lat="39.9585532" lon="-106.2170847"><name>529</name></wpt><wpt lat="39.9585544" lon="-106.2170841"><name>530</name></wpt><wpt lat="39.9585542" lon="-106.2170835"><name>531</name></wpt><wpt lat="39.9585543" lon="-106.2170838"><name>532</name></wpt><wpt lat="39.9585544" lon="-106.2170833"><name>533</name></wpt><wpt lat="39.9585542" lon="-106.2170822"><name>534</name></wpt><wpt lat="39.9585544" lon="-106.2170821"><name>535</name></wpt><wpt lat="39.958554" lon="-106.2170816"><name>536</name></wpt><wpt lat="39.9585541" lon="-106.2170813"><name>537</name></wpt><wpt lat="39.958554" lon="-106.2170807"><name>538</name></wpt><wpt lat="39.9585539" lon="-106.2170806"><name>539</name></wpt><wpt lat="39.9585538" lon="-106.2170804"><name>540</name></wpt><wpt lat="39.9585536" lon="-106.21708"><name>541</name></wpt><wpt lat="39.9585533" lon="-106.2170794"><name>542</name></wpt><wpt lat="39.958553" lon="-106.2170789"><name>543</name></wpt><wpt lat="39.9585529" lon="-106.2170783"><name>544</name></wpt><wpt lat="39.9585525" lon="-106.217078"><name>545</name></wpt><wpt lat="39.958552" lon="-106.2170775"><name>546</name></wpt><wpt lat="39.9585519" lon="-106.217077"><name>547</name></wpt><wpt lat="39.9585515" lon="-106.2170769"><name>548</name></wpt><wpt lat="39.9585517" lon="-106.2170773"><name>549</name></wpt><wpt lat="39.9585515" lon="-106.2170776"><name>550</name></wpt><wpt lat="39.9585511" lon="-106.2170769"><name>551</name></wpt><wpt lat="39.9585508" lon="-106.2170762"><name>552</name></wpt><wpt lat="39.9585513" lon="-106.217076"><name>553</name></wpt><wpt lat="39.9585514" lon="-106.2170753"><name>554</name></wpt><wpt lat="39.9585516" lon="-106.2170749"><name>555</name></wpt><wpt lat="39.9585519" lon="-106.2170747"><name>556</name></wpt><wpt lat="39.9585523" lon="-106.2170746"><name>557</name></wpt><wpt lat="39.958553" lon="-106.2170751"><name>558</name></wpt><wpt lat="39.958554" lon="-106.217074"><name>559</name></wpt><wpt lat="39.9585545" lon="-106.2170739"><name>560</name></wpt><wpt lat="39.9585568" lon="-106.217073"><name>561</name></wpt><wpt lat="39.9585577" lon="-106.2170733"><name>562</name></wpt><wpt lat="39.9585586" lon="-106.2170742"><name>563</name></wpt><wpt lat="39.958558" lon="-106.2170747"><name>564</name></wpt><wpt lat="39.9585579" lon="-106.2170752"><name>565</name></wpt><wpt lat="39.9585574" lon="-106.2170755"><name>566</name></wpt><wpt lat="39.9585584" lon="-106.2170758"><name>567</name></wpt><wpt lat="39.9585592" lon="-106.2170762"><name>568</name></wpt><wpt lat="39.9585604" lon="-106.2170764"><name>569</name></wpt><wpt lat="39.9585613" lon="-106.2170763"><name>570</name></wpt><wpt lat="39.9585633" lon="-106.2170759"><name>571</name></wpt><wpt lat="39.9585649" lon="-106.2170765"><name>572</name></wpt><wpt lat="39.9585686" lon="-106.217076"><name>573</name></wpt><wpt lat="39.9585701" lon="-106.2170755"><name>574</name></wpt><wpt lat="39.9585691" lon="-106.2170757"><name>575</name></wpt><wpt lat="39.9585687" lon="-106.2170759"><name>576</name></wpt><wpt lat="39.9585689" lon="-106.2170755"><name>577</name></wpt><wpt lat="39.9585681" lon="-106.2170754"><name>578</name></wpt><wpt lat="39.958569" lon="-106.2170753"><name>579</name></wpt><wpt lat="39.9585694" lon="-106.2170754"><name>580</name></wpt><wpt lat="39.9585713" lon="-106.2170753"><name>581</name></wpt><wpt lat="39.9585725" lon="-106.217075"><name>582</name></wpt><wpt lat="39.958574" lon="-106.2170746"><name>583</name></wpt><wpt lat="39.9585769" lon="-106.217074"><name>584</name></wpt><wpt lat="39.9585777" lon="-106.2170738"><name>585</name></wpt><wpt lat="39.9585778" lon="-106.2170739"><name>586</name></wpt><wpt lat="39.9585782" lon="-106.2170746"><name>587</name></wpt><wpt lat="39.9585792" lon="-106.2170744"><name>588</name></wpt><wpt lat="39.9585801" lon="-106.2170736"><name>589</name></wpt><wpt lat="39.9585329" lon="-106.2170745"><name>590</name></wpt><wpt lat="39.9585333" lon="-106.2170753"><name>591</name></wpt><wpt lat="39.958534" lon="-106.2170761"><name>592</name></wpt><wpt lat="39.9585337" lon="-106.2170759"><name>593</name></wpt><wpt lat="39.9585339" lon="-106.2170763"><name>594</name></wpt><wpt lat="39.9585341" lon="-106.2170769"><name>595</name></wpt><wpt lat="39.9585343" lon="-106.2170773"><name>596</name></wpt><wpt lat="39.9585347" lon="-106.2170786"><name>597</name></wpt><wpt lat="39.9585349" lon="-106.2170804"><name>598</name></wpt><wpt lat="39.9585341" lon="-106.2170834"><name>599</name></wpt><wpt lat="39.9585363" lon="-106.2170849"><name>600</name></wpt><wpt lat="39.9585398" lon="-106.2170821"><name>601</name></wpt><wpt lat="39.9585405" lon="-106.2170778"><name>602</name></wpt><wpt lat="39.9585423" lon="-106.2170761"><name>603</name></wpt><wpt lat="39.9585443" lon="-106.217075"><name>604</name></wpt><wpt lat="39.9585467" lon="-106.2170747"><name>605</name></wpt><wpt lat="39.9585485" lon="-106.2170741"><name>606</name></wpt><wpt lat="39.9585498" lon="-106.2170747"><name>607</name></wpt><wpt lat="39.9585505" lon="-106.2170744"><name>608</name></wpt><wpt lat="39.9585502" lon="-106.2170746"><name>609</name></wpt><wpt lat="39.9585476" lon="-106.2170744"><name>610</name></wpt><wpt lat="39.9585484" lon="-106.2170743"><name>611</name></wpt><wpt lat="39.9585489" lon="-106.2170731"><name>612</name></wpt><wpt lat="39.9585482" lon="-106.2170712"><name>613</name></wpt><wpt lat="39.9585462" lon="-106.2170688"><name>614</name></wpt><wpt lat="39.9585456" lon="-106.2170668"><name>615</name></wpt><wpt lat="39.9585468" lon="-106.2170676"><name>616</name></wpt><wpt lat="39.9585474" lon="-106.217068"><name>617</name></wpt><wpt lat="39.9585484" lon="-106.2170686"><name>618</name></wpt><wpt lat="39.9585495" lon="-106.2170695"><name>619</name></wpt><wpt lat="39.9585508" lon="-106.2170694"><name>620</name></wpt><wpt lat="39.9585515" lon="-106.2170695"><name>621</name></wpt><wpt lat="39.9585543" lon="-106.2170694"><name>622</name></wpt><wpt lat="39.9585909" lon="-106.2171015"><name>623</name></wpt><wpt lat="39.9585906" lon="-106.2171014"><name>624</name></wpt><wpt lat="39.9585903" lon="-106.2171019"><name>625</name></wpt><wpt lat="39.9585906" lon="-106.2171013"><name>626</name></wpt><wpt lat="39.958589" lon="-106.2170997"><name>627</name></wpt><wpt lat="39.9585887" lon="-106.2170987"><name>628</name></wpt><wpt lat="39.9585876" lon="-106.2170988"><name>629</name></wpt><wpt lat="39.9585867" lon="-106.2170991"><name>630</name></wpt><wpt lat="39.9585859" lon="-106.2170995"><name>631</name></wpt><wpt lat="39.9585846" lon="-106.2171001"><name>632</name></wpt><wpt lat="39.9585842" lon="-106.2171"><name>633</name></wpt><wpt lat="39.9585836" lon="-106.2171005"><name>634</name></wpt><wpt lat="39.9585835" lon="-106.2171015"><name>635</name></wpt><wpt lat="39.9585837" lon="-106.2171025"><name>636</name></wpt><wpt lat="39.9585847" lon="-106.2171041"><name>637</name></wpt><wpt lat="39.9585849" lon="-106.2171081"><name>638</name></wpt><wpt lat="39.9585857" lon="-106.2171115"><name>639</name></wpt><wpt lat="39.9585864" lon="-106.2171159"><name>640</name></wpt><wpt lat="39.9585884" lon="-106.2171232"><name>641</name></wpt><wpt lat="39.958591" lon="-106.2171318"><name>642</name></wpt><wpt lat="39.958594" lon="-106.2171414"><name>643</name></wpt><wpt lat="39.9585966" lon="-106.2171506"><name>644</name></wpt><wpt lat="39.9585984" lon="-106.2171609"><name>645</name></wpt><wpt lat="39.958601" lon="-106.2171694"><name>646</name></wpt><wpt lat="39.9586016" lon="-106.2171772"><name>647</name></wpt><wpt lat="39.9586026" lon="-106.2171845"><name>648</name></wpt><wpt lat="39.9586041" lon="-106.2171894"><name>649</name></wpt><wpt lat="39.9586053" lon="-106.2171933"><name>650</name></wpt><wpt lat="39.9586066" lon="-106.2171971"><name>651</name></wpt><wpt lat="39.9586081" lon="-106.2172013"><name>652</name></wpt><wpt lat="39.9586105" lon="-106.2172053"><name>653</name></wpt><wpt lat="39.9586129" lon="-106.2172094"><name>654</name></wpt><wpt lat="39.9586135" lon="-106.2172123"><name>655</name></wpt><wpt lat="39.9586147" lon="-106.217215"><name>656</name></wpt><wpt lat="39.9586153" lon="-106.2172176"><name>657</name></wpt><wpt lat="39.9586159" lon="-106.2172193"><name>658</name></wpt><wpt lat="39.9586158" lon="-106.2172213"><name>659</name></wpt><wpt lat="39.9586141" lon="-106.2172208"><name>660</name></wpt><wpt lat="39.9586095" lon="-106.2172199"><name>661</name></wpt><wpt lat="39.9586068" lon="-106.2172219"><name>662</name></wpt><wpt lat="39.9586036" lon="-106.2172199"><name>663</name></wpt><wpt lat="39.9586001" lon="-106.2172158"><name>664</name></wpt><wpt lat="39.9585954" lon="-106.2172098"><name>665</name></wpt><wpt lat="39.9585871" lon="-106.2172038"><name>666</name></wpt><wpt lat="39.9585818" lon="-106.2171999"><name>667</name></wpt><wpt lat="39.9585774" lon="-106.2171967"><name>668</name></wpt><wpt lat="39.958575" lon="-106.2171924"><name>669</name></wpt><wpt lat="39.9585746" lon="-106.2171912"><name>670</name></wpt><wpt lat="39.9585805" lon="-106.217187"><name>671</name></wpt><wpt lat="39.9585771" lon="-106.2171866"><name>672</name></wpt><wpt lat="39.9585728" lon="-106.2171844"><name>673</name></wpt><wpt lat="39.9585696" lon="-106.2171833"><name>674</name></wpt><wpt lat="39.9585644" lon="-106.2171824"><name>675</name></wpt><wpt lat="39.9585577" lon="-106.2171787"><name>676</name></wpt><wpt lat="39.9585528" lon="-106.2171668"><name>677</name></wpt><wpt lat="39.9585443" lon="-106.2171614"><name>678</name></wpt><wpt lat="39.9585353" lon="-106.2171506"><name>679</name></wpt><wpt lat="39.9585301" lon="-106.2171441"><name>680</name></wpt><wpt lat="39.9585294" lon="-106.2171455"><name>681</name></wpt><wpt lat="39.9585277" lon="-106.2171459"><name>682</name></wpt><wpt lat="39.9585275" lon="-106.2171473"><name>683</name></wpt><wpt lat="39.9585279" lon="-106.2171616"><name>684</name></wpt><wpt lat="39.9585294" lon="-106.2171644"><name>685</name></wpt><wpt lat="39.9585301" lon="-106.2171686"><name>686</name></wpt><wpt lat="39.9585304" lon="-106.2171733"><name>687</name></wpt><wpt lat="39.9585307" lon="-106.2171769"><name>688</name></wpt><wpt lat="39.9585312" lon="-106.2171805"><name>689</name></wpt><wpt lat="39.9585315" lon="-106.217184"><name>690</name></wpt><wpt lat="39.9585314" lon="-106.2171875"><name>691</name></wpt><wpt lat="39.9585311" lon="-106.2171913"><name>692</name></wpt><wpt lat="39.9585319" lon="-106.2171941"><name>693</name></wpt><wpt lat="39.9585323" lon="-106.2171976"><name>694</name></wpt><wpt lat="39.9585324" lon="-106.2172024"><name>695</name></wpt><wpt lat="39.9585326" lon="-106.2172065"><name>696</name></wpt><wpt lat="39.9585325" lon="-106.2172088"><name>697</name></wpt><wpt lat="39.9585324" lon="-106.2172098"><name>698</name></wpt><wpt lat="39.9585323" lon="-106.217211"><name>699</name></wpt><wpt lat="39.958532" lon="-106.2172127"><name>700</name></wpt><wpt lat="39.9585316" lon="-106.2172141"><name>701</name></wpt><wpt lat="39.9585312" lon="-106.2172157"><name>702</name></wpt><wpt lat="39.9585325" lon="-106.2172161"><name>703</name></wpt><wpt lat="39.9585331" lon="-106.2172197"><name>704</name></wpt><wpt lat="39.958533" lon="-106.2172199"><name>705</name></wpt><wpt lat="39.9585332" lon="-106.2172203"><name>706</name></wpt><wpt lat="39.9585333" lon="-106.2172205"><name>707</name></wpt><wpt lat="39.9585332" lon="-106.2172206"><name>708</name></wpt><wpt lat="39.9585326" lon="-106.2172212"><name>709</name></wpt><wpt lat="39.9585325" lon="-106.2172206"><name>710</name></wpt><wpt lat="39.958533" lon="-106.2172193"><name>711</name></wpt><wpt lat="39.9585329" lon="-106.2172188"><name>712</name></wpt><wpt lat="39.9585324" lon="-106.217219"><name>713</name></wpt><wpt lat="39.9585327" lon="-106.2172181"><name>714</name></wpt><wpt lat="39.9585321" lon="-106.217218"><name>715</name></wpt><wpt lat="39.958532" lon="-106.217217"><name>716</name></wpt><wpt lat="39.9585322" lon="-106.2172154"><name>717</name></wpt><wpt lat="39.9585319" lon="-106.2172142"><name>718</name></wpt><wpt lat="39.9585316" lon="-106.217214"><name>719</name></wpt><wpt lat="39.9585323" lon="-106.2172127"><name>720</name></wpt><wpt lat="39.9585317" lon="-106.2172133"><name>721</name></wpt><wpt lat="39.9585314" lon="-106.2172128"><name>722</name></wpt><wpt lat="39.9585312" lon="-106.2172121"><name>723</name></wpt><wpt lat="39.9585309" lon="-106.217212"><name>724</name></wpt><wpt lat="39.9585307" lon="-106.2172122"><name>725</name></wpt><wpt lat="39.958531" lon="-106.2172113"><name>726</name></wpt><wpt lat="39.9585316" lon="-106.2172108"><name>727</name></wpt><wpt lat="39.9585313" lon="-106.2172112"><name>728</name></wpt><wpt lat="39.9585314" lon="-106.2172107"><name>729</name></wpt><wpt lat="39.9585317" lon="-106.2172106"><name>730</name></wpt><wpt lat="39.9585313" lon="-106.2172098"><name>731</name></wpt><wpt lat="39.958531" lon="-106.217209"><name>732</name></wpt><wpt lat="39.9585319" lon="-106.2172079"><name>733</name></wpt><wpt lat="39.958532" lon="-106.2172077"><name>734</name></wpt><wpt lat="39.9585323" lon="-106.2172086"><name>735</name></wpt><wpt lat="39.9585326" lon="-106.2172087"><name>736</name></wpt><wpt lat="39.958533" lon="-106.2172086"><name>737</name></wpt><wpt lat="39.9585334" lon="-106.2172082"><name>738</name></wpt><wpt lat="39.9585335" lon="-106.2172092"><name>739</name></wpt><wpt lat="39.9585341" lon="-106.2172068"><name>740</name></wpt><wpt lat="39.9585344" lon="-106.2172061"><name>741</name></wpt><wpt lat="39.9585343" lon="-106.2172067"><name>742</name></wpt><wpt lat="39.9585323" lon="-106.2172093"><name>743</name></wpt><wpt lat="39.9585304" lon="-106.2172104"><name>744</name></wpt><wpt lat="39.9585282" lon="-106.2172116"><name>745</name></wpt><wpt lat="39.9585258" lon="-106.2172134"><name>746</name></wpt><wpt lat="39.9585235" lon="-106.217216"><name>747</name></wpt><wpt lat="39.9585366" lon="-106.2170964"><name>748</name></wpt><wpt lat="39.9585365" lon="-106.2170958"><name>749</name></wpt><wpt lat="39.9585366" lon="-106.217096"><name>750</name></wpt><wpt lat="39.9585369" lon="-106.2170966"><name>751</name></wpt><wpt lat="39.9585363" lon="-106.2170954"><name>752</name></wpt><wpt lat="39.958536" lon="-106.2170936"><name>753</name></wpt><wpt lat="39.9585365" lon="-106.2170938"><name>754</name></wpt><wpt lat="39.9585363" lon="-106.2170936"><name>755</name></wpt><wpt lat="39.9585359" lon="-106.2170924"><name>756</name></wpt><wpt lat="39.9585361" lon="-106.2170921"><name>757</name></wpt><wpt lat="39.958536" lon="-106.2170914"><name>758</name></wpt><wpt lat="39.9585349" lon="-106.2170895"><name>759</name></wpt><wpt lat="39.9585339" lon="-106.2170875"><name>760</name></wpt><wpt lat="39.9585335" lon="-106.2170867"><name>761</name></wpt><wpt lat="39.9585329" lon="-106.2170849"><name>762</name></wpt><wpt lat="39.9585334" lon="-106.2170854"><name>763</name></wpt><wpt lat="39.9585327" lon="-106.2170852"><name>764</name></wpt><wpt lat="39.9585326" lon="-106.217085"><name>765</name></wpt><wpt lat="39.9585328" lon="-106.2170858"><name>766</name></wpt><wpt lat="39.9585322" lon="-106.2170852"><name>767</name></wpt><wpt lat="39.9585317" lon="-106.2170841"><name>768</name></wpt><wpt lat="39.9585312" lon="-106.2170834"><name>769</name></wpt><wpt lat="39.9585308" lon="-106.2170825"><name>770</name></wpt><wpt lat="39.9585312" lon="-106.217082"><name>771</name></wpt><wpt lat="39.9585314" lon="-106.2170808"><name>772</name></wpt><wpt lat="39.9585304" lon="-106.217081"><name>773</name></wpt><wpt lat="39.9585299" lon="-106.2170808"><name>774</name></wpt><wpt lat="39.9585317" lon="-106.2170805"><name>775</name></wpt><wpt lat="39.9585328" lon="-106.2170795"><name>776</name></wpt><wpt lat="39.9585335" lon="-106.2170787"><name>777</name></wpt><wpt lat="39.9585334" lon="-106.2170778"><name>778</name></wpt><wpt lat="39.9585333" lon="-106.2170774"><name>779</name></wpt><wpt lat="39.9585333" lon="-106.2170771"><name>780</name></wpt><wpt lat="39.9585329" lon="-106.2170769"><name>781</name></wpt><wpt lat="39.9585325" lon="-106.2170764"><name>782</name></wpt><wpt lat="39.9585323" lon="-106.2170763"><name>783</name></wpt><wpt lat="39.9585318" lon="-106.2170758"><name>784</name></wpt><wpt lat="39.9585313" lon="-106.2170757"><name>785</name></wpt><wpt lat="39.9585307" lon="-106.2170765"><name>786</name></wpt><wpt lat="39.9585309" lon="-106.2170762"><name>787</name></wpt><wpt lat="39.9585304" lon="-106.2170757"><name>788</name></wpt><wpt lat="39.9585303" lon="-106.2170758"><name>789</name></wpt><wpt lat="39.9585297" lon="-106.2170756"><name>790</name></wpt><wpt lat="39.9585296" lon="-106.2170755"><name>791</name></wpt><wpt lat="39.9585292" lon="-106.2170751"><name>792</name></wpt><wpt lat="39.9585285" lon="-106.2170743"><name>793</name></wpt><wpt lat="39.9585281" lon="-106.217074"><name>794</name></wpt><wpt lat="39.9585276" lon="-106.2170738"><name>795</name></wpt><wpt lat="39.9585274" lon="-106.2170736"><name>796</name></wpt><wpt lat="39.958527" lon="-106.2170735"><name>797</name></wpt><wpt lat="39.9585268" lon="-106.2170733"><name>798</name></wpt><wpt lat="39.9585265" lon="-106.2170729"><name>799</name></wpt><wpt lat="39.9585264" lon="-106.2170722"><name>800</name></wpt><wpt lat="39.9585257" lon="-106.2170724"><name>801</name></wpt><wpt lat="39.9585252" lon="-106.2170726"><name>802</name></wpt><wpt lat="39.9585234" lon="-106.2170711"><name>803</name></wpt><wpt lat="39.9585208" lon="-106.2170692"><name>804</name></wpt><wpt lat="39.9585185" lon="-106.2170674"><name>805</name></wpt><wpt lat="39.9585161" lon="-106.2170658"><name>806</name></wpt><wpt lat="39.9585155" lon="-106.2170654"><name>807</name></wpt><wpt lat="39.9585158" lon="-106.2170647"><name>808</name></wpt><wpt lat="39.9585164" lon="-106.2170645"><name>809</name></wpt><wpt lat="39.958517" lon="-106.2170648"><name>810</name></wpt><wpt lat="39.9585165" lon="-106.2170646"><name>811</name></wpt><wpt lat="39.9585163" lon="-106.2170645"><name>812</name></wpt><wpt lat="39.958516" lon="-106.2170649"><name>813</name></wpt><wpt lat="39.9585167" lon="-106.2170652"><name>814</name></wpt><wpt lat="39.9585166" lon="-106.2170654"><name>815</name></wpt><wpt lat="39.9585167" lon="-106.2170655"><name>816</name></wpt><wpt lat="39.9585172" lon="-106.2170651"><name>817</name></wpt><wpt lat="39.9585173" lon="-106.2170646"><name>818</name></wpt><wpt lat="39.9585179" lon="-106.2170649"><name>819</name></wpt><wpt lat="39.9585181" lon="-106.217065"><name>820</name></wpt></gpx>